Id,Sales_Predicted
0,8316.191609660646
1,8316.191609660646
2,8388.158622083913
3,8388.158622083913
4,8388.158622083913
5,8388.158622083913
6,8383.47644560476
7,8383.47644560476
8,8383.47644560476
9,8383.47644560476
10,8383.47644560476
11,8440.704821321326
12,8440.704821321326
13,8440.704821321326
14,8532.385282293655
15,8532.385282293655
16,8532.385282293655
17,8532.385282293655
18,8532.385282293655
19,8532.385282293655
20,8532.385282293655
21,8532.385282293655
22,8399.22445093215
23,8399.22445093215
24,8399.22445093215
25,8399.22445093215
26,8316.558541738332
27,8316.558541738332
28,8316.558541738332
29,8316.558541738332
30,8387.448112511081
31,8387.448112511081
32,8387.448112511081
33,8387.448112511081
34,8324.771315346637
35,8324.771315346637
36,8324.771315346637
37,8324.771315346637
38,8324.771315346637
39,8320.463674892942
40,8320.463674892942
41,8320.463674892942
42,8457.640788300172
43,8457.640788300172
44,8405.763869820725
45,8405.763869820725
46,8405.763869820725
47,8405.763869820725
48,8405.763869820725
49,8405.763869820725
50,8405.763869820725
51,8405.763869820725
52,8411.595726424757
53,8411.595726424757
54,8411.595726424757
55,8411.595726424757
56,8411.595726424757
57,8411.595726424757
58,8411.595726424757
59,8411.595726424757
60,8411.595726424757
61,8411.595726424757
62,8411.595726424757
63,8411.595726424757
64,8411.595726424757
65,8411.595726424757
66,8403.087979523709
67,8403.087979523709
68,8403.087979523709
69,8403.087979523709
70,8403.087979523709
71,8403.087979523709
72,8403.087979523709
73,8403.087979523709
74,8403.087979523709
75,8336.926865231177
76,8336.926865231177
77,8336.926865231177
78,8336.926865231177
79,8336.926865231177
80,8336.926865231177
81,8336.926865231177
82,8336.926865231177
83,8336.926865231177
84,8336.926865231177
85,8336.926865231177
86,8343.094721793212
87,8343.094721793212
88,8343.094721793212
89,8343.094721793212
90,8459.203213925368
91,8459.203213925368
92,8459.203213925368
93,8450.699445015753
94,8450.699445015753
95,8450.699445015753
96,8450.699445015753
97,8420.560649960014
98,8420.560649960014
99,8420.560649960014
100,8420.560649960014
101,8420.560649960014
102,8420.560649960014
103,8420.560649960014
104,8420.560649960014
105,8420.560649960014
106,8420.560649960014
107,8420.560649960014
108,8420.560649960014
109,8420.560649960014
110,8420.560649960014
111,8420.560649960014
112,8420.560649960014
113,8420.560649960014
114,8420.560649960014
115,8420.560649960014
116,8420.560649960014
117,8420.560649960014
118,8420.560649960014
119,8420.560649960014
120,8420.560649960014
121,8413.286198945601
122,8413.286198945601
123,8413.286198945601
124,8413.286198945601
125,8477.304110916775
126,8477.304110916775
127,8477.304110916775
128,8477.304110916775
129,8477.304110916775
130,8477.304110916775
131,8477.304110916775
132,8477.304110916775
133,8477.304110916775
134,8477.304110916775
135,8477.304110916775
136,8406.47289401809
137,8406.47289401809
138,8406.47289401809
139,8406.47289401809
140,8406.47289401809
141,8359.68582501437
142,8359.68582501437
143,8359.68582501437
144,8359.68582501437
145,8359.68582501437
146,8359.68582501437
147,8359.68582501437
148,8359.68582501437
149,8359.68582501437
150,8359.68582501437
151,8359.68582501437
152,8359.68582501437
153,8359.68582501437
154,8359.68582501437
155,8359.68582501437
156,8359.68582501437
157,8488.865480062204
158,8488.865480062204
159,8488.865480062204
160,8422.604375114719
161,8422.604375114719
162,8422.604375114719
163,8422.604375114719
164,8422.604375114719
165,8422.604375114719
166,8422.604375114719
167,8422.604375114719
168,8422.604375114719
169,8423.70460909274
170,8423.70460909274
171,8423.70460909274
172,8423.70460909274
173,8423.70460909274
174,8423.70460909274
175,8423.70460909274
176,8425.196406981586
177,8425.196406981586
178,8425.196406981586
179,8425.196406981586
180,8425.196406981586
181,8425.196406981586
182,8425.196406981586
183,8425.196406981586
184,8425.196406981586
185,8425.196406981586
186,8425.196406981586
187,8417.564918224298
188,8417.564918224298
189,8417.564918224298
190,8417.564918224298
191,8417.564918224298
192,8489.652076827804
193,8489.652076827804
194,8489.652076827804
195,8489.652076827804
196,8489.652076827804
197,8422.273373989323
198,8422.273373989323
199,8422.273373989323
200,8422.273373989323
201,8430.285177004142
202,8430.285177004142
203,8444.903889524569
204,8444.903889524569
205,8444.903889524569
206,8444.903889524569
207,8463.50174365396
208,8463.50174365396
209,8428.170095097814
210,8428.170095097814
211,8428.170095097814
212,8428.170095097814
213,8428.170095097814
214,8428.170095097814
215,8428.170095097814
216,8428.170095097814
217,8428.170095097814
218,8428.170095097814
219,8428.170095097814
220,8428.170095097814
221,8435.748920358728
222,8435.748920358728
223,8435.748920358728
224,8435.748920358728
225,8435.748920358728
226,8435.748920358728
227,8419.21378683992
228,8419.21378683992
229,8419.21378683992
230,8419.21378683992
231,8419.21378683992
232,8419.21378683992
233,8419.21378683992
234,8419.21378683992
235,8419.21378683992
236,8437.73218659102
237,8437.73218659102
238,8437.73218659102
239,8437.73218659102
240,8437.73218659102
241,8437.73218659102
242,8437.73218659102
243,8437.73218659102
244,8419.001017547716
245,8419.001017547716
246,8419.001017547716
247,8419.001017547716
248,8419.001017547716
249,8419.001017547716
250,8419.001017547716
251,8419.001017547716
252,8419.001017547716
253,8460.829627808263
254,8460.829627808263
255,8460.829627808263
256,8460.829627808263
257,8460.829627808263
258,8460.829627808263
259,8460.829627808263
260,8460.829627808263
261,8447.732901452588
262,8447.732901452588
263,8447.732901452588
264,8447.732901452588
265,8447.732901452588
266,8311.334042974395
267,8311.334042974395
268,8311.334042974395
269,8311.334042974395
270,8311.334042974395
271,8311.334042974395
272,8311.334042974395
273,8311.334042974395
274,8412.831802614735
275,8412.831802614735
276,8412.831802614735
277,8412.831802614735
278,8412.831802614735
279,8412.831802614735
280,8412.831802614735
281,8412.831802614735
282,8412.831802614735
283,8488.76006636115
284,8488.76006636115
285,8488.76006636115
286,8488.76006636115
287,8488.76006636115
288,8549.355835713894
289,8549.355835713894
290,8549.355835713894
291,8549.355835713894
292,8549.355835713894
293,8558.683175482658
294,8558.683175482658
295,8558.683175482658
296,8558.683175482658
297,8558.683175482658
298,8558.683175482658
299,8558.683175482658
300,8558.683175482658
301,8558.683175482658
302,8558.683175482658
303,8558.683175482658
304,8636.206387367996
305,8636.206387367996
306,8636.206387367996
307,8389.731992292143
308,8389.731992292143
309,8389.731992292143
310,8295.278446817603
311,8295.278446817603
312,8295.278446817603
313,8295.278446817603
314,8295.278446817603
315,8295.278446817603
316,8295.278446817603
317,8295.278446817603
318,8295.278446817603
319,8295.278446817603
320,8301.222171579
321,8301.222171579
322,8301.222171579
323,8162.037958140904
324,8162.037958140904
325,8162.037958140904
326,8304.707267800917
327,8304.707267800917
328,8304.707267800917
329,8304.707267800917
330,8304.707267800917
331,8282.16087393034
332,8282.16087393034
333,8282.16087393034
334,8282.16087393034
335,8282.16087393034
336,8216.47975920758
337,8216.47975920758
338,8216.47975920758
339,8216.47975920758
340,8216.47975920758
341,8047.406370627752
342,8047.406370627752
343,8298.392581440821
344,8298.392581440821
345,8298.392581440821
346,8298.392581440821
347,8298.392581440821
348,8298.392581440821
349,8298.392581440821
350,8139.9885377490755
351,8139.9885377490755
352,8139.9885377490755
353,8139.9885377490755
354,8469.88390776263
355,8469.88390776263
356,8469.88390776263
357,8309.336769184973
358,8309.336769184973
359,8309.336769184973
360,8309.336769184973
361,8353.449116013013
362,8353.449116013013
363,8353.449116013013
364,8353.449116013013
365,8353.449116013013
366,8353.449116013013
367,8324.711952060681
368,8299.41072169204
369,8299.41072169204
370,8299.41072169204
371,8299.41072169204
372,8371.92314095835
373,8371.92314095835
374,8371.92314095835
375,8371.92314095835
376,8377.668657583394
377,8377.668657583394
378,8377.668657583394
379,8377.668657583394
380,8377.668657583394
381,8377.668657583394
382,8377.668657583394
383,8383.356036530527
384,8383.356036530527
385,8383.356036530527
386,8383.356036530527
387,8383.356036530527
388,8383.356036530527
389,8383.356036530527
390,8383.356036530527
391,8370.01976038071
392,8370.01976038071
393,8370.01976038071
394,8370.01976038071
395,8385.290225882167
396,8385.290225882167
397,8385.290225882167
398,8385.290225882167
399,8385.290225882167
400,8385.290225882167
401,8385.290225882167
402,8385.290225882167
403,8408.871529568098
404,8408.871529568098
405,8408.871529568098
406,8408.871529568098
407,8408.871529568098
408,8408.871529568098
409,8408.871529568098
410,8425.574246030832
411,8425.574246030832
412,8425.574246030832
413,8425.574246030832
414,8425.574246030832
415,8425.574246030832
416,8425.574246030832
417,8425.574246030832
418,8425.574246030832
419,8425.574246030832
420,8437.1289629609
421,8437.1289629609
422,8437.1289629609
423,8437.1289629609
424,8437.1289629609
425,8437.1289629609
426,8437.1289629609
427,8358.775968500213
428,8358.775968500213
429,8358.775968500213
430,8358.775968500213
431,8391.516239951388
432,8391.516239951388
433,8391.516239951388
434,8385.021575898802
435,8385.021575898802
436,8385.021575898802
437,8385.021575898802
438,8385.021575898802
439,8385.021575898802
440,8385.021575898802
441,8385.021575898802
442,8385.021575898802
443,8385.021575898802
444,8385.021575898802
445,8385.021575898802
446,8385.021575898802
447,8385.021575898802
448,8385.021575898802
449,8396.244741630404
450,8396.244741630404
451,8396.244741630404
452,8396.244741630404
453,8366.189465554215
454,8366.189465554215
455,8366.189465554215
456,8366.189465554215
457,8366.189465554215
458,8408.687262997079
459,8408.687262997079
460,8408.687262997079
461,8408.687262997079
462,8408.687262997079
463,8296.386603284242
464,8296.386603284242
465,8296.386603284242
466,8296.386603284242
467,8360.26931861095
468,8360.26931861095
469,8360.26931861095
470,8413.811238527858
471,8413.811238527858
472,8413.811238527858
473,8373.085595766355
474,8373.085595766355
475,8373.085595766355
476,8373.085595766355
477,8373.085595766355
478,8373.085595766355
479,8392.913711065456
480,8392.913711065456
481,8392.913711065456
482,8398.882788422687
483,8398.882788422687
484,8398.882788422687
485,8398.882788422687
486,8398.882788422687
487,8398.882788422687
488,8398.882788422687
489,8398.882788422687
490,8398.882788422687
491,8398.882788422687
492,8398.882788422687
493,8398.882788422687
494,8398.882788422687
495,8398.882788422687
496,8398.882788422687
497,8398.882788422687
498,8388.068790275478
499,8388.068790275478
500,8388.068790275478
501,8412.082099440344
502,8412.082099440344
503,8412.082099440344
504,8412.082099440344
505,8412.082099440344
506,8412.082099440344
507,8412.082099440344
508,8412.082099440344
509,8412.082099440344
510,8412.082099440344
511,8412.082099440344
512,8412.082099440344
513,8412.082099440344
514,8412.082099440344
515,8412.082099440344
516,8412.082099440344
517,8412.082099440344
518,8399.17919038465
519,8399.17919038465
520,8399.17919038465
521,8399.17919038465
522,8425.473367729608
523,8425.473367729608
524,8425.473367729608
525,8425.473367729608
526,8425.473367729608
527,8415.550589933862
528,8415.550589933862
529,8415.550589933862
530,8415.550589933862
531,8415.550589933862
532,8415.550589933862
533,8415.550589933862
534,8415.550589933862
535,8415.550589933862
536,8415.550589933862
537,8415.550589933862
538,8415.550589933862
539,8415.550589933862
540,8415.550589933862
541,8415.550589933862
542,8415.550589933862
543,8415.550589933862
544,8415.550589933862
545,8415.550589933862
546,8415.550589933862
547,8403.986574483362
548,8403.986574483362
549,8403.986574483362
550,8403.986574483362
551,8403.986574483362
552,8403.986574483362
553,8403.986574483362
554,8403.986574483362
555,8403.986574483362
556,8403.986574483362
557,8403.986574483362
558,8403.986574483362
559,8403.986574483362
560,8403.986574483362
561,8403.986574483362
562,8403.986574483362
563,8403.986574483362
564,8403.986574483362
565,8403.986574483362
566,8415.809369676605
567,8415.809369676605
568,8415.809369676605
569,8415.809369676605
570,8415.809369676605
571,8415.809369676605
572,8415.809369676605
573,8415.809369676605
574,8415.809369676605
575,8415.809369676605
576,8415.809369676605
577,8415.809369676605
578,8415.809369676605
579,8415.809369676605
580,8415.809369676605
581,8415.809369676605
582,8411.366745659436
583,8411.366745659436
584,8411.366745659436
585,8411.366745659436
586,8411.366745659436
587,8408.540619584859
588,8408.540619584859
589,8408.540619584859
590,8408.540619584859
591,8408.540619584859
592,8408.540619584859
593,8408.540619584859
594,8408.540619584859
595,8408.540619584859
596,8408.540619584859
597,8408.540619584859
598,8408.540619584859
599,8408.540619584859
600,8408.540619584859
601,8408.540619584859
602,8408.540619584859
603,8408.540619584859
604,8408.540619584859
605,8420.857836873933
606,8425.095266618344
607,8425.095266618344
608,8425.095266618344
609,8425.095266618344
610,8425.095266618344
611,8425.095266618344
612,8425.095266618344
613,8425.095266618344
614,8425.095266618344
615,8425.095266618344
616,8425.095266618344
617,8425.095266618344
618,8425.095266618344
619,8425.095266618344
620,8425.095266618344
621,8425.095266618344
622,8425.095266618344
623,8425.095266618344
624,8401.928573220423
625,8401.928573220423
626,8401.928573220423
627,8401.928573220423
628,8401.928573220423
629,8401.928573220423
630,8401.928573220423
631,8401.928573220423
632,8386.825909508558
633,8386.825909508558
634,8386.825909508558
635,8386.825909508558
636,8386.825909508558
637,8386.825909508558
638,8399.16922538919
639,8399.16922538919
640,8399.16922538919
641,8399.16922538919
642,8399.16922538919
643,8399.16922538919
644,8399.16922538919
645,8399.16922538919
646,8399.16922538919
647,8399.16922538919
648,8329.369091168113
649,8329.369091168113
650,8329.369091168113
651,8329.369091168113
652,8324.708166844142
653,8324.708166844142
654,8324.708166844142
655,8324.708166844142
656,8324.708166844142
657,8324.708166844142
658,8324.708166844142
659,8324.708166844142
660,8324.708166844142
661,8324.708166844142
662,8324.708166844142
663,8324.708166844142
664,8324.708166844142
665,8324.708166844142
666,8324.708166844142
667,8324.708166844142
668,8324.708166844142
669,8295.459604038686
670,8295.459604038686
671,8295.459604038686
672,8429.520991743411
673,8429.520991743411
674,8355.028462402885
675,8355.028462402885
676,8355.028462402885
677,8355.028462402885
678,8355.028462402885
679,8355.028462402885
680,8355.028462402885
681,8359.416172313355
682,8359.416172313355
683,8359.416172313355
684,8401.865818726905
685,8401.865818726905
686,8401.865818726905
687,8401.865818726905
688,8401.865818726905
689,8401.865818726905
690,8401.865818726905
691,8401.865818726905
692,8401.865818726905
693,8389.73059907594
694,8389.73059907594
695,8389.73059907594
696,8389.73059907594
697,8389.73059907594
698,8399.023324625625
699,8399.023324625625
700,8399.023324625625
701,8382.847525921674
702,8382.847525921674
703,8382.847525921674
704,8382.847525921674
705,8363.559768724497
706,8363.559768724497
707,8363.559768724497
708,8363.559768724497
709,8363.559768724497
710,8334.60090960342
711,8334.60090960342
712,8334.60090960342
713,8334.60090960342
714,8359.151663767065
715,8359.151663767065
716,8359.151663767065
717,8359.151663767065
718,8359.151663767065
719,8359.151663767065
720,8359.151663767065
721,8351.377699324461
722,8351.377699324461
723,8351.377699324461
724,8351.377699324461
725,8351.377699324461
726,8351.377699324461
727,8351.377699324461
728,8266.003036369395
729,8266.003036369395
730,8266.003036369395
731,8266.003036369395
732,8266.003036369395
733,8266.003036369395
734,8266.003036369395
735,8315.322365560402
736,8315.322365560402
737,8315.322365560402
738,8503.50750914669
739,8487.67726233446
740,8487.67726233446
741,8487.67726233446
742,8460.14141451399
743,8460.14141451399
744,8460.14141451399
745,8460.14141451399
746,8435.866774511063
747,8435.866774511063
748,8435.866774511063
749,8435.866774511063
750,8435.866774511063
751,8445.562520889838
752,8445.562520889838
753,8445.562520889838
754,8445.562520889838
755,8416.925222776263
756,8416.925222776263
757,8416.925222776263
758,8399.483896590897
759,8399.483896590897
760,8399.483896590897
761,8416.346083924469
762,8416.346083924469
763,8416.346083924469
764,8416.346083924469
765,8416.346083924469
766,8416.346083924469
767,8386.802784935231
768,8386.802784935231
769,8386.802784935231
770,8386.802784935231
771,8386.802784935231
772,8386.802784935231
773,8386.802784935231
774,8386.802784935231
775,8386.802784935231
776,8386.802784935231
777,8386.802784935231
778,8386.802784935231
779,8386.802784935231
780,8386.802784935231
781,8386.802784935231
782,8400.65061032578
783,8400.65061032578
784,8400.65061032578
785,8400.65061032578
786,8400.65061032578
787,8400.65061032578
788,8355.874410520062
789,8355.874410520062
790,8355.874410520062
791,8355.874410520062
792,8406.453580096702
793,8406.453580096702
794,8406.453580096702
795,8406.453580096702
796,8406.453580096702
797,8406.453580096702
798,8406.453580096702
799,8406.453580096702
800,8406.453580096702
801,8406.453580096702
802,8406.453580096702
803,8406.453580096702
804,8365.780338215016
805,8365.780338215016
806,8365.780338215016
807,8365.780338215016
808,8365.780338215016
809,8365.780338215016
810,8365.780338215016
811,8365.780338215016
812,8365.780338215016
813,8365.780338215016
814,8365.780338215016
815,8365.780338215016
816,8365.780338215016
817,8365.780338215016
818,8365.780338215016
819,8347.524627835599
820,8347.524627835599
821,8347.524627835599
822,8426.418587586122
823,8530.65559128578
824,8530.65559128578
825,8530.65559128578
826,8389.94393290411
827,8389.94393290411
828,8389.94393290411
829,8389.94393290411
830,8389.94393290411
831,8389.94393290411
832,8389.94393290411
833,8389.94393290411
834,8389.94393290411
835,8299.503719134813
836,8299.503719134813
837,8299.503719134813
838,8500.787789435213
839,8500.787789435213
840,8500.787789435213
841,8500.787789435213
842,8500.787789435213
843,8500.787789435213
844,8508.425116132792
845,8508.425116132792
846,8508.425116132792
847,8508.425116132792
848,8572.033443712853
849,8572.033443712853
850,8317.857748562341
851,8317.857748562341
852,8525.630991500057
853,8525.630991500057
854,8545.996369587154
855,8545.996369587154
856,8545.996369587154
857,8545.996369587154
858,8541.314193108
859,8541.314193108
860,8541.314193108
861,8541.314193108
862,8541.314193108
863,8598.542568824567
864,8598.542568824567
865,8598.542568824567
866,8670.134786055538
867,8670.134786055538
868,8670.134786055538
869,8670.134786055538
870,8670.134786055538
871,8670.134786055538
872,8670.134786055538
873,8670.134786055538
874,8536.973954694033
875,8536.973954694033
876,8536.973954694033
877,8536.973954694033
878,8454.308045500215
879,8454.308045500215
880,8454.308045500215
881,8454.308045500215
882,8525.197616272964
883,8525.197616272964
884,8525.197616272964
885,8525.197616272964
886,8462.52081910852
887,8462.52081910852
888,8462.52081910852
889,8462.52081910852
890,8462.52081910852
891,8458.213178654825
892,8458.213178654825
893,8458.213178654825
894,8595.390292062055
895,8595.390292062055
896,8543.513373582608
897,8543.513373582608
898,8543.513373582608
899,8543.513373582608
900,8543.513373582608
901,8543.513373582608
902,8543.513373582608
903,8543.513373582608
904,8549.34523018664
905,8549.34523018664
906,8549.34523018664
907,8549.34523018664
908,8549.34523018664
909,8549.34523018664
910,8549.34523018664
911,8549.34523018664
912,8549.34523018664
913,8549.34523018664
914,8549.34523018664
915,8549.34523018664
916,8549.34523018664
917,8549.34523018664
918,8549.34523018664
919,8549.34523018664
920,8549.34523018664
921,8549.34523018664
922,8549.34523018664
923,8549.34523018664
924,8549.34523018664
925,8549.34523018664
926,8549.34523018664
927,8483.184115894108
928,8483.184115894108
929,8483.184115894108
930,8483.184115894108
931,8483.184115894108
932,8483.184115894108
933,8483.184115894108
934,8483.184115894108
935,8483.184115894108
936,8483.184115894108
937,8483.184115894108
938,8493.435111144656
939,8493.435111144656
940,8493.435111144656
941,8493.435111144656
942,8609.543603276812
943,8609.543603276812
944,8609.543603276812
945,8596.826279183166
946,8596.826279183166
947,8596.826279183166
948,8596.826279183166
949,8566.817900622946
950,8566.817900622946
951,8566.817900622946
952,8566.817900622946
953,8566.817900622946
954,8566.817900622946
955,8566.817900622946
956,8566.817900622946
957,8566.817900622946
958,8566.817900622946
959,8566.817900622946
960,8566.817900622946
961,8566.817900622946
962,8566.817900622946
963,8566.817900622946
964,8566.817900622946
965,8566.817900622946
966,8566.817900622946
967,8566.817900622946
968,8566.817900622946
969,8566.817900622946
970,8566.817900622946
971,8566.817900622946
972,8566.817900622946
973,8559.543449608533
974,8559.543449608533
975,8559.543449608533
976,8559.543449608533
977,8623.561361579706
978,8623.561361579706
979,8623.561361579706
980,8623.561361579706
981,8623.561361579706
982,8623.561361579706
983,8623.561361579706
984,8623.561361579706
985,8623.561361579706
986,8623.561361579706
987,8623.561361579706
988,8552.730144681022
989,8552.730144681022
990,8552.730144681022
991,8552.730144681022
992,8552.730144681022
993,8505.943075677302
994,8505.943075677302
995,8505.943075677302
996,8505.943075677302
997,8505.943075677302
998,8505.943075677302
999,8505.943075677302
1000,8505.943075677302
1001,8505.943075677302
1002,8505.943075677302
1003,8505.943075677302
1004,8505.943075677302
1005,8505.943075677302
1006,8505.943075677302
1007,8505.943075677302
1008,8505.943075677302
1009,8635.122730725136
1010,8635.122730725136
1011,8635.122730725136
1012,8568.86162577765
1013,8568.86162577765
1014,8568.86162577765
1015,8568.86162577765
1016,8568.86162577765
1017,8568.86162577765
1018,8568.86162577765
1019,8568.86162577765
1020,8568.86162577765
1021,8569.961859755671
1022,8569.961859755671
1023,8569.961859755671
1024,8569.961859755671
1025,8569.961859755671
1026,8569.961859755671
1027,8569.961859755671
1028,8587.21910532051
1029,8587.21910532051
1030,8587.21910532051
1031,8587.21910532051
1032,8587.21910532051
1033,8587.21910532051
1034,8587.21910532051
1035,8587.21910532051
1036,8587.21910532051
1037,8587.21910532051
1038,8587.21910532051
1039,8563.822168887229
1040,8563.822168887229
1041,8563.822168887229
1042,8563.822168887229
1043,8563.822168887229
1044,8635.909327490735
1045,8635.909327490735
1046,8635.909327490735
1047,8635.909327490735
1048,8635.909327490735
1049,8566.848332661004
1050,8566.848332661004
1051,8566.848332661004
1052,8566.848332661004
1053,8566.848332661004
1054,8566.848332661004
1055,8581.46704518143
1056,8581.46704518143
1057,8581.46704518143
1058,8581.46704518143
1059,8607.701923674364
1060,8607.701923674364
1061,8574.427345760745
1062,8574.427345760745
1063,8574.427345760745
1064,8574.427345760745
1065,8574.427345760745
1066,8574.427345760745
1067,8574.427345760745
1068,8574.427345760745
1069,8574.427345760745
1070,8574.427345760745
1071,8574.427345760745
1072,8574.427345760745
1073,8582.00617102166
1074,8582.00617102166
1075,8582.00617102166
1076,8582.00617102166
1077,8582.00617102166
1078,8582.00617102166
1079,8565.471037502852
1080,8565.471037502852
1081,8565.471037502852
1082,8565.471037502852
1083,8565.471037502852
1084,8565.471037502852
1085,8565.471037502852
1086,8565.471037502852
1087,8565.471037502852
1088,8583.989437253951
1089,8583.989437253951
1090,8583.989437253951
1091,8583.989437253951
1092,8583.989437253951
1093,8583.989437253951
1094,8583.989437253951
1095,8583.989437253951
1096,8548.282664622653
1097,8548.282664622653
1098,8548.282664622653
1099,8548.282664622653
1100,8548.282664622653
1101,8548.282664622653
1102,8548.282664622653
1103,8548.282664622653
1104,8548.282664622653
1105,8607.086878471195
1106,8607.086878471195
1107,8607.086878471195
1108,8607.086878471195
1109,8607.086878471195
1110,8607.086878471195
1111,8607.086878471195
1112,8607.086878471195
1113,8593.990152115519
1114,8593.990152115519
1115,8593.990152115519
1116,8593.990152115519
1117,8593.990152115519
1118,8457.591293637326
1119,8457.591293637326
1120,8457.591293637326
1121,8457.591293637326
1122,8457.591293637326
1123,8457.591293637326
1124,8457.591293637326
1125,8457.591293637326
1126,8559.089053277667
1127,8559.089053277667
1128,8559.089053277667
1129,8559.089053277667
1130,8559.089053277667
1131,8559.089053277667
1132,8559.089053277667
1133,8559.089053277667
1134,8559.089053277667
1135,8635.017317024081
1136,8635.017317024081
1137,8635.017317024081
1138,8635.017317024081
1139,8635.017317024081
1140,8687.026978246877
1141,8687.026978246877
1142,8687.026978246877
1143,8687.026978246877
1144,8687.026978246877
1145,8696.354318015641
1146,8696.354318015641
1147,8696.354318015641
1148,8696.354318015641
1149,8696.354318015641
1150,8696.354318015641
1151,8696.354318015641
1152,8696.354318015641
1153,8696.354318015641
1154,8696.354318015641
1155,8696.354318015641
1156,8713.484480495095
1157,8713.484480495095
1158,8713.484480495095
1159,8562.228820445704
1160,8562.228820445704
1161,8562.228820445704
1162,8467.775274971164
1163,8467.775274971164
1164,8467.775274971164
1165,8467.775274971164
1166,8467.775274971164
1167,8443.142919901735
1168,8443.142919901735
1169,8443.142919901735
1170,8443.142919901735
1171,8443.142919901735
1172,8449.086644663132
1173,8449.086644663132
1174,8449.086644663132
1175,8309.902431225037
1176,8309.902431225037
1177,8309.902431225037
1178,8452.571740885049
1179,8452.571740885049
1180,8452.571740885049
1181,8452.571740885049
1182,8452.571740885049
1183,8430.02534701447
1184,8430.02534701447
1185,8430.02534701447
1186,8430.02534701447
1187,8430.02534701447
1188,8364.34423229171
1189,8364.34423229171
1190,8364.34423229171
1191,8364.34423229171
1192,8364.34423229171
1193,8195.270843711904
1194,8195.270843711904
1195,8453.441316970991
1196,8453.441316970991
1197,8453.441316970991
1198,8453.441316970991
1199,8453.441316970991
1200,8453.441316970991
1201,8453.441316970991
1202,8295.03727327926
1203,8295.03727327926
1204,8295.03727327926
1205,8295.03727327926
1206,8624.932643292801
1207,8624.932643292801
1208,8624.932643292801
1209,8464.385504715143
1210,8464.385504715143
1211,8464.385504715143
1212,8464.385504715143
1213,8508.497851543183
1214,8508.497851543183
1215,8508.497851543183
1216,8508.497851543183
1217,8508.497851543183
1218,8508.497851543183
1219,8479.760687590851
1220,8432.357188341848
1221,8432.357188341848
1222,8432.357188341848
1223,8432.357188341848
1224,8534.025840354376
1225,8534.025840354376
1226,8534.025840354376
1227,8534.025840354376
1228,8539.77135697942
1229,8539.77135697942
1230,8539.77135697942
1231,8539.77135697942
1232,8539.77135697942
1233,8539.77135697942
1234,8539.77135697942
1235,8545.458735926553
1236,8545.458735926553
1237,8545.458735926553
1238,8545.458735926553
1239,8545.458735926553
1240,8545.458735926553
1241,8545.458735926553
1242,8545.458735926553
1243,8532.122459776736
1244,8532.122459776736
1245,8532.122459776736
1246,8532.122459776736
1247,8547.392925278193
1248,8547.392925278193
1249,8547.392925278193
1250,8547.392925278193
1251,8547.392925278193
1252,8547.392925278193
1253,8547.392925278193
1254,8547.392925278193
1255,8561.810210810034
1256,8561.810210810034
1257,8561.810210810034
1258,8570.740771819317
1259,8570.740771819317
1260,8570.740771819317
1261,8570.740771819317
1262,8587.443488282051
1263,8587.443488282051
1264,8587.443488282051
1265,8587.443488282051
1266,8587.443488282051
1267,8587.443488282051
1268,8587.443488282051
1269,8587.443488282051
1270,8587.443488282051
1271,8587.443488282051
1272,8609.627995181938
1273,8609.627995181938
1274,8609.627995181938
1275,8609.627995181938
1276,8609.627995181938
1277,8609.627995181938
1278,8609.627995181938
1279,8511.892489641503
1280,8511.892489641503
1281,8511.892489641503
1282,8511.892489641503
1283,8544.632761092678
1284,8544.632761092678
1285,8544.632761092678
1286,8538.138097040091
1287,8538.138097040091
1288,8538.138097040091
1289,8538.138097040091
1290,8538.138097040091
1291,8538.138097040091
1292,8538.138097040091
1293,8538.138097040091
1294,8538.138097040091
1295,8538.138097040091
1296,8538.138097040091
1297,8538.138097040091
1298,8538.138097040091
1299,8538.138097040091
1300,8538.138097040091
1301,8540.763636830077
1302,8540.763636830077
1303,8540.763636830077
1304,8540.763636830077
1305,8498.106255169434
1306,8498.106255169434
1307,8498.106255169434
1308,8498.106255169434
1309,8498.106255169434
1310,8468.469685568007
1311,8468.469685568007
1312,8468.469685568007
1313,8468.469685568007
1314,8468.469685568007
1315,8436.901018841078
1316,8436.901018841078
1317,8436.901018841078
1318,8436.901018841078
1319,8500.783734167786
1320,8500.783734167786
1321,8500.783734167786
1322,8554.325654084694
1323,8554.325654084694
1324,8554.325654084694
1325,8513.600011323191
1326,8513.600011323191
1327,8513.600011323191
1328,8513.600011323191
1329,8513.600011323191
1330,8513.600011323191
1331,8533.428126622292
1332,8533.428126622292
1333,8533.428126622292
1334,8539.397203979523
1335,8539.397203979523
1336,8539.397203979523
1337,8539.397203979523
1338,8539.397203979523
1339,8539.397203979523
1340,8539.397203979523
1341,8539.397203979523
1342,8539.397203979523
1343,8539.397203979523
1344,8539.397203979523
1345,8539.397203979523
1346,8539.397203979523
1347,8539.397203979523
1348,8539.397203979523
1349,8539.397203979523
1350,8528.583205832314
1351,8528.583205832314
1352,8528.583205832314
1353,8575.06076750334
1354,8575.06076750334
1355,8575.06076750334
1356,8575.06076750334
1357,8575.06076750334
1358,8575.06076750334
1359,8575.06076750334
1360,8575.06076750334
1361,8575.06076750334
1362,8575.06076750334
1363,8575.06076750334
1364,8575.06076750334
1365,8575.06076750334
1366,8575.06076750334
1367,8575.06076750334
1368,8575.06076750334
1369,8575.06076750334
1370,8562.157858447647
1371,8562.157858447647
1372,8562.157858447647
1373,8562.157858447647
1374,8588.452035792605
1375,8588.452035792605
1376,8588.452035792605
1377,8588.452035792605
1378,8588.452035792605
1379,8578.529257996859
1380,8578.529257996859
1381,8578.529257996859
1382,8578.529257996859
1383,8578.529257996859
1384,8578.529257996859
1385,8578.529257996859
1386,8578.529257996859
1387,8578.529257996859
1388,8578.529257996859
1389,8578.529257996859
1390,8578.529257996859
1391,8578.529257996859
1392,8578.529257996859
1393,8578.529257996859
1394,8578.529257996859
1395,8578.529257996859
1396,8578.529257996859
1397,8578.529257996859
1398,8578.529257996859
1399,8566.96524254636
1400,8566.96524254636
1401,8566.96524254636
1402,8566.96524254636
1403,8566.96524254636
1404,8566.96524254636
1405,8566.96524254636
1406,8566.96524254636
1407,8566.96524254636
1408,8566.96524254636
1409,8566.96524254636
1410,8566.96524254636
1411,8566.96524254636
1412,8566.96524254636
1413,8566.96524254636
1414,8566.96524254636
1415,8566.96524254636
1416,8566.96524254636
1417,8566.96524254636
1418,8578.788037739601
1419,8578.788037739601
1420,8578.788037739601
1421,8578.788037739601
1422,8578.788037739601
1423,8578.788037739601
1424,8578.788037739601
1425,8578.788037739601
1426,8600.208385083475
1427,8600.208385083475
1428,8574.27400136983
1429,8574.27400136983
1430,8574.27400136983
1431,8574.27400136983
1432,8574.27400136983
1433,8574.27400136983
1434,8569.83137735266
1435,8569.83137735266
1436,8569.83137735266
1437,8569.83137735266
1438,8569.83137735266
1439,8567.005251278084
1440,8567.005251278084
1441,8567.005251278084
1442,8567.005251278084
1443,8567.005251278084
1444,8567.005251278084
1445,8567.005251278084
1446,8567.005251278084
1447,8567.005251278084
1448,8567.005251278084
1449,8567.005251278084
1450,8567.005251278084
1451,8567.005251278084
1452,8567.005251278084
1453,8567.005251278084
1454,8567.005251278084
1455,8567.005251278084
1456,8567.005251278084
1457,8579.322468567158
1458,8583.559898311569
1459,8583.559898311569
1460,8583.559898311569
1461,8583.559898311569
1462,8583.559898311569
1463,8583.559898311569
1464,8583.559898311569
1465,8583.559898311569
1466,8583.559898311569
1467,8583.559898311569
1468,8583.559898311569
1469,8583.559898311569
1470,8583.559898311569
1471,8583.559898311569
1472,8583.559898311569
1473,8583.559898311569
1474,8583.559898311569
1475,8583.559898311569
1476,8560.393204913647
1477,8560.393204913647
1478,8560.393204913647
1479,8560.393204913647
1480,8560.393204913647
1481,8560.393204913647
1482,8560.393204913647
1483,8560.393204913647
1484,8545.290541201783
1485,8545.290541201783
1486,8545.290541201783
1487,8545.290541201783
1488,8545.290541201783
1489,8545.290541201783
1490,8557.633857082415
1491,8557.633857082415
1492,8557.633857082415
1493,8557.633857082415
1494,8557.633857082415
1495,8557.633857082415
1496,8557.633857082415
1497,8557.633857082415
1498,8557.633857082415
1499,8557.633857082415
1500,8487.833722861338
1501,8487.833722861338
1502,8487.833722861338
1503,8487.833722861338
1504,8482.181234278793
1505,8482.181234278793
1506,8482.181234278793
1507,8482.181234278793
1508,8482.181234278793
1509,8482.181234278793
1510,8482.181234278793
1511,8482.181234278793
1512,8482.181234278793
1513,8482.181234278793
1514,8482.181234278793
1515,8482.181234278793
1516,8482.181234278793
1517,8482.181234278793
1518,8482.181234278793
1519,8482.181234278793
1520,8482.181234278793
1521,8452.932671473336
1522,8452.932671473336
1523,8452.932671473336
1524,8586.994059178061
1525,8586.994059178061
1526,8512.501529837535
1527,8512.501529837535
1528,8512.501529837535
1529,8512.501529837535
1530,8512.501529837535
1531,8512.501529837535
1532,8512.501529837535
1533,8516.889239748005
1534,8516.889239748005
1535,8516.889239748005
1536,8559.338886161555
1537,8559.338886161555
1538,8559.338886161555
1539,8559.338886161555
1540,8559.338886161555
1541,8559.338886161555
1542,8559.338886161555
1543,8559.338886161555
1544,8559.338886161555
1545,8547.20366651059
1546,8547.20366651059
1547,8547.20366651059
1548,8547.20366651059
1549,8547.20366651059
1550,8556.496392060275
1551,8556.496392060275
1552,8556.496392060275
1553,8540.320593356324
1554,8540.320593356324
1555,8540.320593356324
1556,8540.320593356324
1557,8521.032836159147
1558,8521.032836159147
1559,8521.032836159147
1560,8521.032836159147
1561,8521.032836159147
1562,8492.07397703807
1563,8492.07397703807
1564,8492.07397703807
1565,8492.07397703807
1566,8516.624731201715
1567,8516.624731201715
1568,8516.624731201715
1569,8516.624731201715
1570,8516.624731201715
1571,8516.624731201715
1572,8516.624731201715
1573,8508.850766759111
1574,8508.850766759111
1575,8508.850766759111
1576,8508.850766759111
1577,8508.850766759111
1578,8508.850766759111
1579,8508.850766759111
1580,8423.476103804045
1581,8423.476103804045
1582,8423.476103804045
1583,8423.476103804045
1584,8423.476103804045
1585,8423.476103804045
1586,8423.476103804045
1587,8475.607007552157
1588,8475.607007552157
1589,8475.607007552157
1590,8663.792151138445
1591,8647.961904326216
1592,8647.961904326216
1593,8647.961904326216
1594,8620.426056505745
1595,8620.426056505745
1596,8620.426056505745
1597,8620.426056505745
1598,8596.151416502818
1599,8596.151416502818
1600,8596.151416502818
1601,8596.151416502818
1602,8596.151416502818
1603,8605.847162881593
1604,8605.847162881593
1605,8605.847162881593
1606,8605.847162881593
1607,8577.209864768018
1608,8577.209864768018
1609,8577.209864768018
1610,8559.768538582652
1611,8559.768538582652
1612,8559.768538582652
1613,8576.921465381118
1614,8576.921465381118
1615,8576.921465381118
1616,8576.921465381118
1617,8576.921465381118
1618,8576.921465381118
1619,8547.37816639188
1620,8547.37816639188
1621,8547.37816639188
1622,8547.37816639188
1623,8547.37816639188
1624,8547.37816639188
1625,8547.37816639188
1626,8547.37816639188
1627,8547.37816639188
1628,8547.37816639188
1629,8547.37816639188
1630,8547.37816639188
1631,8547.37816639188
1632,8547.37816639188
1633,8547.37816639188
1634,8561.225991782429
1635,8561.225991782429
1636,8561.225991782429
1637,8561.225991782429
1638,8561.225991782429
1639,8561.225991782429
1640,8516.449791976711
1641,8516.449791976711
1642,8516.449791976711
1643,8516.449791976711
1644,8567.028961553351
1645,8567.028961553351
1646,8567.028961553351
1647,8567.028961553351
1648,8567.028961553351
1649,8567.028961553351
1650,8567.028961553351
1651,8567.028961553351
1652,8567.028961553351
1653,8567.028961553351
1654,8567.028961553351
1655,8567.028961553351
1656,8526.355719671665
1657,8526.355719671665
1658,8526.355719671665
1659,8526.355719671665
1660,8526.355719671665
1661,8526.355719671665
1662,8526.355719671665
1663,8526.355719671665
1664,8526.355719671665
1665,8538.010916641444
1666,8538.010916641444
1667,8538.010916641444
1668,8538.010916641444
1669,8538.010916641444
1670,8538.010916641444
1671,8519.755206262027
1672,8519.755206262027
1673,8519.755206262027
1674,8588.87885677258
1675,8693.115860472239
1676,8693.115860472239
1677,8693.115860472239
1678,8552.404202090569
1679,8552.404202090569
1680,8552.404202090569
1681,8552.404202090569
1682,8552.404202090569
1683,8552.404202090569
1684,8552.404202090569
1685,8552.404202090569
1686,8552.404202090569
1687,8463.249527071825
1688,8463.249527071825
1689,8463.249527071825
1690,8664.533597372229
1691,8664.533597372229
1692,8664.533597372229
1693,8656.520266873085
1694,8656.520266873085
1695,8656.520266873085
1696,8675.260273044492
1697,8675.260273044492
1698,8675.260273044492
1699,8675.260273044492
1700,8704.333764367608
1701,8704.333764367608
1702,8450.158069217096
1703,8450.158069217096
1704,9073.295511618266
1705,9073.295511618266
1706,9190.100088406523
1707,9190.100088406523
1708,9190.100088406523
1709,9190.100088406523
1710,9185.41791192737
1711,9185.41791192737
1712,9185.41791192737
1713,9185.41791192737
1714,9185.41791192737
1715,9242.646287643936
1716,9242.646287643936
1717,9242.646287643936
1718,9314.238504874907
1719,9314.238504874907
1720,9314.238504874907
1721,9314.238504874907
1722,9314.238504874907
1723,9314.238504874907
1724,9314.238504874907
1725,9314.238504874907
1726,9181.077673513402
1727,9181.077673513402
1728,9181.077673513402
1729,9181.077673513402
1730,9098.411764319584
1731,9098.411764319584
1732,9098.411764319584
1733,9098.411764319584
1734,9153.028238853278
1735,9153.028238853278
1736,9153.028238853278
1737,9153.028238853278
1738,9074.976098823237
1739,9074.976098823237
1740,9074.976098823237
1741,9074.976098823237
1742,9074.976098823237
1743,9070.668458369542
1744,9070.668458369542
1745,9070.668458369542
1746,9239.494010881424
1747,9239.494010881424
1748,9175.409820083343
1749,9175.409820083343
1750,9175.409820083343
1751,9175.409820083343
1752,9175.409820083343
1753,9175.409820083343
1754,9175.409820083343
1755,9175.409820083343
1756,9193.44894900601
1757,9193.44894900601
1758,9193.44894900601
1759,9193.44894900601
1760,9193.44894900601
1761,9193.44894900601
1762,9193.44894900601
1763,9193.44894900601
1764,9193.44894900601
1765,9193.44894900601
1766,9193.44894900601
1767,9193.44894900601
1768,9193.44894900601
1769,9193.44894900601
1770,9193.44894900601
1771,9193.44894900601
1772,9193.44894900601
1773,9193.44894900601
1774,9193.44894900601
1775,9193.44894900601
1776,9193.44894900601
1777,9193.44894900601
1778,9193.44894900601
1779,9127.287834713477
1780,9127.287834713477
1781,9127.287834713477
1782,9127.287834713477
1783,9127.287834713477
1784,9127.287834713477
1785,9127.287834713477
1786,9127.287834713477
1787,9127.287834713477
1788,9127.287834713477
1789,9127.287834713477
1790,9137.538829964025
1791,9137.538829964025
1792,9137.538829964025
1793,9137.538829964025
1794,9253.647322096182
1795,9253.647322096182
1796,9253.647322096182
1797,9240.929998002535
1798,9240.929998002535
1799,9240.929998002535
1800,9240.929998002535
1801,9210.921619442315
1802,9210.921619442315
1803,9210.921619442315
1804,9210.921619442315
1805,9210.921619442315
1806,9210.921619442315
1807,9210.921619442315
1808,9210.921619442315
1809,9210.921619442315
1810,9210.921619442315
1811,9210.921619442315
1812,9210.921619442315
1813,9210.921619442315
1814,9210.921619442315
1815,9210.921619442315
1816,9210.921619442315
1817,9210.921619442315
1818,9210.921619442315
1819,9210.921619442315
1820,9210.921619442315
1821,9210.921619442315
1822,9210.921619442315
1823,9210.921619442315
1824,9210.921619442315
1825,9203.647168427902
1826,9203.647168427902
1827,9203.647168427902
1828,9203.647168427902
1829,9267.665080399076
1830,9267.665080399076
1831,9267.665080399076
1832,9267.665080399076
1833,9282.684288731873
1834,9282.684288731873
1835,9282.684288731873
1836,9282.684288731873
1837,9282.684288731873
1838,9282.684288731873
1839,9282.684288731873
1840,9211.853071833188
1841,9211.853071833188
1842,9211.853071833188
1843,9211.853071833188
1844,9211.853071833188
1845,9084.34250515337
1846,9084.34250515337
1847,9084.34250515337
1848,9084.34250515337
1849,9084.34250515337
1850,9084.34250515337
1851,9084.34250515337
1852,9084.34250515337
1853,9084.34250515337
1854,9084.34250515337
1855,9084.34250515337
1856,9084.34250515337
1857,9079.183667902966
1858,9079.183667902966
1859,9079.183667902966
1860,9079.183667902966
1861,9277.983229265794
1862,9277.983229265794
1863,9277.983229265794
1864,9227.551760365428
1865,9227.551760365428
1866,9227.551760365428
1867,9227.551760365428
1868,9227.551760365428
1869,9227.551760365428
1870,9227.551760365428
1871,9227.551760365428
1872,9227.551760365428
1873,9198.513543044679
1874,9198.513543044679
1875,9198.513543044679
1876,9198.513543044679
1877,9198.513543044679
1878,9198.513543044679
1879,9198.513543044679
1880,9230.079603861168
1881,9230.079603861168
1882,9230.079603861168
1883,9230.079603861168
1884,9230.079603861168
1885,9230.079603861168
1886,9230.079603861168
1887,9230.079603861168
1888,9230.079603861168
1889,9230.079603861168
1890,9230.079603861168
1891,9209.893512849725
1892,9209.893512849725
1893,9209.893512849725
1894,9209.893512849725
1895,9209.893512849725
1896,9281.980671453231
1897,9281.980671453231
1898,9281.980671453231
1899,9281.980671453231
1900,9281.980671453231
1901,9212.9196766235
1902,9212.9196766235
1903,9212.9196766235
1904,9212.9196766235
1905,9212.9196766235
1906,9212.9196766235
1907,9227.538389143927
1908,9227.538389143927
1909,9227.538389143927
1910,9227.538389143927
1911,9253.77326763686
1912,9253.77326763686
1913,9220.498689723241
1914,9220.498689723241
1915,9220.498689723241
1916,9220.498689723241
1917,9220.498689723241
1918,9220.498689723241
1919,9220.498689723241
1920,9220.498689723241
1921,9220.498689723241
1922,9220.498689723241
1923,9220.498689723241
1924,9220.498689723241
1925,9228.077514984156
1926,9228.077514984156
1927,9228.077514984156
1928,9228.077514984156
1929,9228.077514984156
1930,9228.077514984156
1931,9211.542381465348
1932,9211.542381465348
1933,9211.542381465348
1934,9211.542381465348
1935,9211.542381465348
1936,9211.542381465348
1937,9211.542381465348
1938,9211.542381465348
1939,9211.542381465348
1940,9230.060781216447
1941,9230.060781216447
1942,9230.060781216447
1943,9230.060781216447
1944,9230.060781216447
1945,9230.060781216447
1946,9230.060781216447
1947,9230.060781216447
1948,9194.35400858515
1949,9194.35400858515
1950,9194.35400858515
1951,9194.35400858515
1952,9194.35400858515
1953,9194.35400858515
1954,9194.35400858515
1955,9194.35400858515
1956,9194.35400858515
1957,9253.15822243369
1958,9253.15822243369
1959,9253.15822243369
1960,9253.15822243369
1961,9253.15822243369
1962,9253.15822243369
1963,9253.15822243369
1964,9253.15822243369
1965,9240.061496078015
1966,9240.061496078015
1967,9240.061496078015
1968,9240.061496078015
1969,9240.061496078015
1970,9103.662637599822
1971,9103.662637599822
1972,9103.662637599822
1973,9103.662637599822
1974,9103.662637599822
1975,9103.662637599822
1976,9103.662637599822
1977,9103.662637599822
1978,9205.160397240163
1979,9205.160397240163
1980,9205.160397240163
1981,9205.160397240163
1982,9205.160397240163
1983,9205.160397240163
1984,9205.160397240163
1985,9205.160397240163
1986,9205.160397240163
1987,9281.088660986577
1988,9281.088660986577
1989,9281.088660986577
1990,9281.088660986577
1991,9281.088660986577
1992,9333.098322209373
1993,9333.098322209373
1994,9333.098322209373
1995,9333.098322209373
1996,9333.098322209373
1997,9342.425661978137
1998,9342.425661978137
1999,9342.425661978137
2000,9342.425661978137
2001,9342.425661978137
2002,9342.425661978137
2003,9342.425661978137
2004,9342.425661978137
2005,9342.425661978137
2006,9342.425661978137
2007,9342.425661978137
2008,9359.555824457591
2009,9359.555824457591
2010,9359.555824457591
2011,9208.3001644082
2012,9208.3001644082
2013,9208.3001644082
2014,9113.84661893366
2015,9113.84661893366
2016,9113.84661893366
2017,9113.84661893366
2018,9113.84661893366
2019,9089.21426386423
2020,9089.21426386423
2021,9089.21426386423
2022,9089.21426386423
2023,9089.21426386423
2024,9095.157988625628
2025,9095.157988625628
2026,9095.157988625628
2027,8955.973775187533
2028,8955.973775187533
2029,8955.973775187533
2030,9098.643084847545
2031,9098.643084847545
2032,9098.643084847545
2033,9098.643084847545
2034,9098.643084847545
2035,9076.096690976967
2036,9076.096690976967
2037,9076.096690976967
2038,9076.096690976967
2039,9076.096690976967
2040,9010.415576254207
2041,9010.415576254207
2042,9010.415576254207
2043,9010.415576254207
2044,9010.415576254207
2045,8841.3421876744
2046,8841.3421876744
2047,9099.512660933487
2048,9099.512660933487
2049,9099.512660933487
2050,9099.512660933487
2051,9099.512660933487
2052,9099.512660933487
2053,9099.512660933487
2054,8941.108617241756
2055,8941.108617241756
2056,8941.108617241756
2057,8941.108617241756
2058,9271.003987255297
2059,9271.003987255297
2060,9271.003987255297
2061,9110.456848677639
2062,9110.456848677639
2063,9110.456848677639
2064,9110.456848677639
2065,9154.569195505679
2066,9154.569195505679
2067,9154.569195505679
2068,9154.569195505679
2069,9154.569195505679
2070,9154.569195505679
2071,9125.832031553347
2072,9078.428532304344
2073,9078.428532304344
2074,9078.428532304344
2075,9078.428532304344
2076,9180.097184316872
2077,9180.097184316872
2078,9180.097184316872
2079,9180.097184316872
2080,9185.842700941916
2081,9185.842700941916
2082,9185.842700941916
2083,9185.842700941916
2084,9185.842700941916
2085,9185.842700941916
2086,9185.842700941916
2087,9191.53007988905
2088,9191.53007988905
2089,9191.53007988905
2090,9191.53007988905
2091,9191.53007988905
2092,9191.53007988905
2093,9191.53007988905
2094,9191.53007988905
2095,9178.193803739232
2096,9178.193803739232
2097,9178.193803739232
2098,9178.193803739232
2099,9193.464269240689
2100,9193.464269240689
2101,9193.464269240689
2102,9193.464269240689
2103,9193.464269240689
2104,9193.464269240689
2105,9193.464269240689
2106,9193.464269240689
2107,9207.88155477253
2108,9207.88155477253
2109,9207.88155477253
2110,9216.812115781813
2111,9216.812115781813
2112,9216.812115781813
2113,9216.812115781813
2114,9233.514832244548
2115,9233.514832244548
2116,9233.514832244548
2117,9233.514832244548
2118,9233.514832244548
2119,9233.514832244548
2120,9233.514832244548
2121,9233.514832244548
2122,9233.514832244548
2123,9233.514832244548
2124,9255.699339144434
2125,9255.699339144434
2126,9255.699339144434
2127,9255.699339144434
2128,9255.699339144434
2129,9255.699339144434
2130,9255.699339144434
2131,9157.963833603999
2132,9157.963833603999
2133,9157.963833603999
2134,9157.963833603999
2135,9190.704105055174
2136,9190.704105055174
2137,9190.704105055174
2138,9184.209441002587
2139,9184.209441002587
2140,9184.209441002587
2141,9184.209441002587
2142,9184.209441002587
2143,9184.209441002587
2144,9184.209441002587
2145,9184.209441002587
2146,9184.209441002587
2147,9184.209441002587
2148,9184.209441002587
2149,9184.209441002587
2150,9184.209441002587
2151,9184.209441002587
2152,9184.209441002587
2153,9186.834980792573
2154,9186.834980792573
2155,9186.834980792573
2156,9186.834980792573
2157,9144.17759913193
2158,9144.17759913193
2159,9144.17759913193
2160,9144.17759913193
2161,9144.17759913193
2162,9114.541029530503
2163,9114.541029530503
2164,9114.541029530503
2165,9114.541029530503
2166,9114.541029530503
2167,9082.972362803574
2168,9082.972362803574
2169,9082.972362803574
2170,9082.972362803574
2171,9146.855078130282
2172,9146.855078130282
2173,9146.855078130282
2174,9200.39699804719
2175,9200.39699804719
2176,9200.39699804719
2177,9159.671355285687
2178,9159.671355285687
2179,9159.671355285687
2180,9159.671355285687
2181,9159.671355285687
2182,9159.671355285687
2183,9179.499470584788
2184,9179.499470584788
2185,9179.499470584788
2186,9185.468547942019
2187,9185.468547942019
2188,9185.468547942019
2189,9185.468547942019
2190,9185.468547942019
2191,9185.468547942019
2192,9185.468547942019
2193,9185.468547942019
2194,9185.468547942019
2195,9185.468547942019
2196,9185.468547942019
2197,9185.468547942019
2198,9185.468547942019
2199,9185.468547942019
2200,9185.468547942019
2201,9185.468547942019
2202,9174.65454979481
2203,9174.65454979481
2204,9174.65454979481
2205,9221.132111465837
2206,9221.132111465837
2207,9221.132111465837
2208,9221.132111465837
2209,9221.132111465837
2210,9221.132111465837
2211,9221.132111465837
2212,9221.132111465837
2213,9221.132111465837
2214,9221.132111465837
2215,9221.132111465837
2216,9221.132111465837
2217,9221.132111465837
2218,9221.132111465837
2219,9221.132111465837
2220,9221.132111465837
2221,9221.132111465837
2222,9208.229202410144
2223,9208.229202410144
2224,9208.229202410144
2225,9208.229202410144
2226,9239.959117267628
2227,9239.959117267628
2228,9239.959117267628
2229,9239.959117267628
2230,9239.959117267628
2231,9230.036339471882
2232,9230.036339471882
2233,9230.036339471882
2234,9230.036339471882
2235,9230.036339471882
2236,9230.036339471882
2237,9230.036339471882
2238,9230.036339471882
2239,9230.036339471882
2240,9230.036339471882
2241,9230.036339471882
2242,9230.036339471882
2243,9230.036339471882
2244,9230.036339471882
2245,9230.036339471882
2246,9230.036339471882
2247,9230.036339471882
2248,9230.036339471882
2249,9230.036339471882
2250,9230.036339471882
2251,9213.036586508855
2252,9213.036586508855
2253,9213.036586508855
2254,9213.036586508855
2255,9213.036586508855
2256,9213.036586508855
2257,9213.036586508855
2258,9213.036586508855
2259,9213.036586508855
2260,9213.036586508855
2261,9213.036586508855
2262,9213.036586508855
2263,9213.036586508855
2264,9213.036586508855
2265,9213.036586508855
2266,9213.036586508855
2267,9213.036586508855
2268,9213.036586508855
2269,9213.036586508855
2270,9224.859381702097
2271,9224.859381702097
2272,9224.859381702097
2273,9224.859381702097
2274,9224.859381702097
2275,9224.859381702097
2276,9224.859381702097
2277,9224.859381702097
2278,9246.279729045971
2279,9246.279729045971
2280,9220.345345332325
2281,9220.345345332325
2282,9220.345345332325
2283,9220.345345332325
2284,9220.345345332325
2285,9220.345345332325
2286,9215.902721315157
2287,9215.902721315157
2288,9215.902721315157
2289,9215.902721315157
2290,9215.902721315157
2291,9213.07659524058
2292,9213.07659524058
2293,9213.07659524058
2294,9213.07659524058
2295,9213.07659524058
2296,9213.07659524058
2297,9213.07659524058
2298,9213.07659524058
2299,9213.07659524058
2300,9213.07659524058
2301,9213.07659524058
2302,9213.07659524058
2303,9213.07659524058
2304,9213.07659524058
2305,9213.07659524058
2306,9213.07659524058
2307,9213.07659524058
2308,9213.07659524058
2309,9225.393812529654
2310,9229.631242274065
2311,9229.631242274065
2312,9229.631242274065
2313,9229.631242274065
2314,9229.631242274065
2315,9229.631242274065
2316,9229.631242274065
2317,9229.631242274065
2318,9229.631242274065
2319,9229.631242274065
2320,9229.631242274065
2321,9229.631242274065
2322,9229.631242274065
2323,9229.631242274065
2324,9229.631242274065
2325,9229.631242274065
2326,9229.631242274065
2327,9229.631242274065
2328,9206.464548876143
2329,9206.464548876143
2330,9206.464548876143
2331,9206.464548876143
2332,9206.464548876143
2333,9206.464548876143
2334,9206.464548876143
2335,9206.464548876143
2336,9191.361885164279
2337,9191.361885164279
2338,9191.361885164279
2339,9191.361885164279
2340,9191.361885164279
2341,9191.361885164279
2342,9203.705201044912
2343,9203.705201044912
2344,9203.705201044912
2345,9203.705201044912
2346,9203.705201044912
2347,9203.705201044912
2348,9203.705201044912
2349,9203.705201044912
2350,9203.705201044912
2351,9203.705201044912
2352,9133.905066823834
2353,9133.905066823834
2354,9133.905066823834
2355,9133.905066823834
2356,9128.252578241289
2357,9128.252578241289
2358,9128.252578241289
2359,9128.252578241289
2360,9128.252578241289
2361,9128.252578241289
2362,9128.252578241289
2363,9128.252578241289
2364,9128.252578241289
2365,9128.252578241289
2366,9128.252578241289
2367,9128.252578241289
2368,9128.252578241289
2369,9128.252578241289
2370,9128.252578241289
2371,9128.252578241289
2372,9128.252578241289
2373,9099.004015435832
2374,9099.004015435832
2375,9099.004015435832
2376,9233.065403140557
2377,9233.065403140557
2378,9158.57287380003
2379,9158.57287380003
2380,9158.57287380003
2381,9158.57287380003
2382,9158.57287380003
2383,9158.57287380003
2384,9158.57287380003
2385,9162.960583710501
2386,9162.960583710501
2387,9162.960583710501
2388,9205.410230124051
2389,9205.410230124051
2390,9205.410230124051
2391,9205.410230124051
2392,9205.410230124051
2393,9205.410230124051
2394,9205.410230124051
2395,9205.410230124051
2396,9205.410230124051
2397,9193.275010473086
2398,9193.275010473086
2399,9193.275010473086
2400,9193.275010473086
2401,9193.275010473086
2402,9202.567736022771
2403,9202.567736022771
2404,9202.567736022771
2405,9186.39193731882
2406,9186.39193731882
2407,9186.39193731882
2408,9186.39193731882
2409,9167.104180121643
2410,9167.104180121643
2411,9167.104180121643
2412,9167.104180121643
2413,9167.104180121643
2414,9138.145321000566
2415,9138.145321000566
2416,9138.145321000566
2417,9138.145321000566
2418,9162.696075164211
2419,9162.696075164211
2420,9162.696075164211
2421,9162.696075164211
2422,9162.696075164211
2423,9162.696075164211
2424,9162.696075164211
2425,9144.191237357618
2426,9144.191237357618
2427,9144.191237357618
2428,9144.191237357618
2429,9144.191237357618
2430,9144.191237357618
2431,9144.191237357618
2432,9058.816574402552
2433,9058.816574402552
2434,9058.816574402552
2435,9058.816574402552
2436,9058.816574402552
2437,9058.816574402552
2438,9058.816574402552
2439,9110.947478150663
2440,9110.947478150663
2441,9110.947478150663
2442,9309.86349510094
2443,9294.033248288712
2444,9294.033248288712
2445,9294.033248288712
2446,9266.49740046824
2447,9266.49740046824
2448,9266.49740046824
2449,9266.49740046824
2450,9242.222760465314
2451,9242.222760465314
2452,9242.222760465314
2453,9242.222760465314
2454,9242.222760465314
2455,9251.91850684409
2456,9251.91850684409
2457,9251.91850684409
2458,9251.91850684409
2459,9223.281208730514
2460,9223.281208730514
2461,9223.281208730514
2462,9205.839882545148
2463,9205.839882545148
2464,9205.839882545148
2465,9222.992809343614
2466,9222.992809343614
2467,9222.992809343614
2468,9222.992809343614
2469,9222.992809343614
2470,9222.992809343614
2471,9193.449510354376
2472,9193.449510354376
2473,9193.449510354376
2474,9193.449510354376
2475,9193.449510354376
2476,9193.449510354376
2477,9193.449510354376
2478,9193.449510354376
2479,9193.449510354376
2480,9193.449510354376
2481,9193.449510354376
2482,9193.449510354376
2483,9193.449510354376
2484,9193.449510354376
2485,9193.449510354376
2486,9207.297335744925
2487,9207.297335744925
2488,9207.297335744925
2489,9207.297335744925
2490,9207.297335744925
2491,9207.297335744925
2492,9162.521135939207
2493,9162.521135939207
2494,9162.521135939207
2495,9162.521135939207
2496,9213.100305515847
2497,9213.100305515847
2498,9213.100305515847
2499,9213.100305515847
2500,9213.100305515847
2501,9213.100305515847
2502,9213.100305515847
2503,9213.100305515847
2504,9213.100305515847
2505,9213.100305515847
2506,9213.100305515847
2507,9213.100305515847
2508,9172.42706363416
2509,9172.42706363416
2510,9172.42706363416
2511,9172.42706363416
2512,9172.42706363416
2513,9172.42706363416
2514,9172.42706363416
2515,9172.42706363416
2516,9172.42706363416
2517,9172.806611786633
2518,9172.806611786633
2519,9172.806611786633
2520,9172.806611786633
2521,9172.806611786633
2522,9172.806611786633
2523,9154.550901407216
2524,9154.550901407216
2525,9154.550901407216
2526,9230.437080664718
2527,9312.692793296326
2528,9312.692793296326
2529,9312.692793296326
2530,9193.962425982707
2531,9193.962425982707
2532,9193.962425982707
2533,9193.962425982707
2534,9193.962425982707
2535,9193.962425982707
2536,9193.962425982707
2537,9193.962425982707
2538,9193.962425982707
2539,9104.807750963962
2540,9104.807750963962
2541,9104.807750963962
2542,9306.091821264366
2543,9306.091821264366
2544,9306.091821264366
2545,9299.58383034256
2546,9299.58383034256
2547,9299.58383034256
2548,9318.323836513968
2549,9318.323836513968
2550,9318.323836513968
2551,9318.323836513968
2552,9347.397327837083
2553,9347.397327837083
2554,9093.221632686571
2555,9093.221632686571
2556,9778.172828984321
2557,9778.172828984321
2558,9902.550325883576
2559,9902.550325883576
2560,9902.550325883576
2561,9902.550325883576
2562,9897.868149404423
2563,9897.868149404423
2564,9964.49724355003
2565,9897.868149404423
2566,9897.868149404423
2567,9922.535318229246
2568,9922.535318229246
2569,9989.164412374852
2570,10174.742513807063
2571,10241.37160795267
2572,10174.742513807063
2573,10174.742513807063
2574,10174.742513807063
2575,10174.742513807063
2576,10174.742513807063
2577,10174.742513807063
2578,10000.51489469583
2579,10067.143988841437
2580,10000.51489469583
2581,10000.51489469583
2582,9984.478079647619
2583,9917.848985502013
2584,9917.848985502013
2585,9917.848985502013
2586,10024.067057965638
2587,9957.437963820032
2588,9957.437963820032
2589,9957.437963820032
2590,9946.014917935598
2591,9879.385823789991
2592,9879.385823789991
2593,9879.385823789991
2594,9879.385823789991
2595,9941.707277481903
2596,9941.707277481903
2597,9875.078183336296
2598,10031.351804719692
2599,10097.980898865299
2600,9914.87223105275
2601,9914.87223105275
2602,9914.87223105275
2603,9914.87223105275
2604,9889.056444899106
2605,9889.056444899106
2606,9889.056444899106
2607,9889.056444899106
2608,10027.128005301352
2609,10027.128005301352
2610,10093.757099446959
2611,10027.128005301352
2612,10027.128005301352
2613,10027.128005301352
2614,10093.757099446959
2615,10027.128005301352
2616,10027.128005301352
2617,9986.0840948554
2618,10052.713189001006
2619,9986.0840948554
2620,9986.0840948554
2621,9986.0840948554
2622,9986.0840948554
2623,10052.713189001006
2624,9986.0840948554
2625,9986.0840948554
2626,9986.0840948554
2627,9986.0840948554
2628,9986.0840948554
2629,9986.0840948554
2630,10052.713189001006
2631,9998.500326198346
2632,9937.17608190534
2633,9937.17608190534
2634,9937.17608190534
2635,9937.17608190534
2636,9998.500326198346
2637,9937.17608190534
2638,9937.17608190534
2639,9937.17608190534
2640,9937.17608190534
2641,9998.500326198346
2642,10008.751321448894
2643,9947.427077155888
2644,9947.427077155888
2645,9947.427077155888
2646,10046.282467945572
2647,10046.282467945572
2648,10046.282467945572
2649,10033.565143851925
2650,10109.229952326785
2651,10033.565143851925
2652,10109.229952326785
2653,10003.556765291705
2654,10003.556765291705
2655,10069.770690312333
2656,10003.556765291705
2657,10069.770690312333
2658,10069.770690312333
2659,10069.770690312333
2660,10003.556765291705
2661,10003.556765291705
2662,10003.556765291705
2663,10003.556765291705
2664,10069.770690312333
2665,10069.770690312333
2666,10003.556765291705
2667,10003.556765291705
2668,10069.770690312333
2669,10003.556765291705
2670,10003.556765291705
2671,10003.556765291705
2672,10003.556765291705
2673,10060.120189610267
2674,9993.90626458964
2675,9993.90626458964
2676,10060.120189610267
2677,9986.631813575226
2678,9986.631813575226
2679,9986.631813575226
2680,10052.845738595854
2681,10116.863650567027
2682,10050.6497255464
2683,10050.6497255464
2684,10050.6497255464
2685,10076.9975636964
2686,10076.9975636964
2687,10143.211488717028
2688,10143.211488717028
2689,10076.9975636964
2690,10076.9975636964
2691,10076.9975636964
2692,10006.166346797716
2693,10072.380271818343
2694,10006.166346797716
2695,10072.380271818343
2696,10006.166346797716
2697,9841.354880764036
2698,9775.140955743409
2699,9775.140955743409
2700,9775.140955743409
2701,9841.354880764036
2702,9841.354880764036
2703,9841.354880764036
2704,9775.140955743409
2705,9775.140955743409
2706,9826.245280375313
2707,9826.245280375313
2708,9826.245280375313
2709,9737.391111476974
2710,9737.391111476974
2711,9737.391111476974
2712,9803.605036497602
2713,10071.23821461233
2714,10071.23821461233
2715,10071.23821461233
2716,10014.826567741438
2717,10014.826567741438
2718,10014.826567741438
2719,10014.826567741438
2720,10081.040492762066
2721,10014.826567741438
2722,10014.826567741438
2723,10081.040492762066
2724,10014.826567741438
2725,9985.78835042069
2726,9985.78835042069
2727,9985.78835042069
2728,9985.78835042069
2729,9985.78835042069
2730,9985.78835042069
2731,9985.78835042069
2732,9997.65586511851
2733,10063.869790139137
2734,9997.65586511851
2735,9997.65586511851
2736,9997.65586511851
2737,9997.65586511851
2738,9997.65586511851
2739,9997.65586511851
2740,9997.65586511851
2741,10063.869790139137
2742,9997.65586511851
2743,9997.168320225735
2744,9997.168320225735
2745,9997.168320225735
2746,9997.168320225735
2747,9997.168320225735
2748,10164.886528505462
2749,10164.886528505462
2750,10164.886528505462
2751,10164.886528505462
2752,10164.886528505462
2753,10000.19448399951
2754,10000.19448399951
2755,10066.408409020138
2756,10000.19448399951
2757,10000.19448399951
2758,10066.408409020138
2759,10014.813196519937
2760,10014.813196519937
2761,10014.813196519937
2762,10014.813196519937
2763,10041.04807501287
2764,10041.04807501287
2765,10007.773497099251
2766,10073.987422119879
2767,10073.987422119879
2768,10007.773497099251
2769,10073.987422119879
2770,10007.773497099251
2771,10007.773497099251
2772,10073.987422119879
2773,10073.987422119879
2774,10007.773497099251
2775,10073.987422119879
2776,10073.987422119879
2777,10027.982755741596
2778,10027.982755741596
2779,10014.996522389069
2780,10014.996522389069
2781,10014.996522389069
2782,10014.996522389069
2783,10064.675313890888
2784,9998.46138887026
2785,9998.46138887026
2786,9998.46138887026
2787,9998.46138887026
2788,9998.46138887026
2789,9998.46138887026
2790,9998.46138887026
2791,10064.675313890888
2792,10016.97978862136
2793,10016.97978862136
2794,10016.97978862136
2795,10016.97978862136
2796,10052.818454282873
2797,10052.818454282873
2798,10052.818454282873
2799,10052.818454282873
2800,10038.25731036797
2801,9972.043385347342
2802,9972.043385347342
2803,9972.043385347342
2804,9972.043385347342
2805,9972.043385347342
2806,9972.043385347342
2807,9972.043385347342
2808,9972.043385347342
2809,9985.30232304584
2810,9985.30232304584
2811,9985.30232304584
2812,9985.30232304584
2813,9985.30232304584
2814,9985.30232304584
2815,9985.30232304584
2816,9985.30232304584
2817,9985.30232304584
2818,9985.30232304584
2819,10051.516248066468
2820,9985.30232304584
2821,9985.30232304584
2822,9947.565939382643
2823,9881.352014362015
2824,9881.352014362015
2825,9947.565939382643
2826,9881.352014362015
2827,9881.352014362015
2828,9881.352014362015
2829,9881.352014362015
2830,9995.422202114212
2831,9995.422202114212
2832,9995.422202114212
2833,9995.422202114212
2834,9995.422202114212
2835,9995.422202114212
2836,9995.422202114212
2837,10061.63612713484
2838,9995.422202114212
2839,10071.350465860627
2840,10071.350465860627
2841,10071.350465860627
2842,10071.350465860627
2843,10071.350465860627
2844,10121.682263860199
2845,10121.682263860199
2846,10121.682263860199
2847,10121.682263860199
2848,10121.682263860199
2849,10131.009603628963
2850,10197.22352864959
2851,10131.009603628963
2852,10131.009603628963
2853,10131.009603628963
2854,10131.009603628963
2855,10131.009603628963
2856,10131.009603628963
2857,10131.009603628963
2858,10131.009603628963
2859,10131.009603628963
2860,10148.139766108417
2861,10148.139766108417
2862,10214.353691129045
2863,9996.884106059026
2864,9996.884106059026
2865,9996.884106059026
2866,9902.430560584486
2867,9968.644485605113
2868,9902.430560584486
2869,9902.430560584486
2870,9902.430560584486
2871,9877.798205515057
2872,9944.012130535684
2873,9944.012130535684
2874,9877.798205515057
2875,9877.798205515057
2876,9883.741930276454
2877,9883.741930276454
2878,9883.741930276454
2879,9810.771641858986
2880,9744.557716838359
2881,9744.557716838359
2882,9887.22702649837
2883,9887.22702649837
2884,9887.22702649837
2885,9953.440951518998
2886,9953.440951518998
2887,9930.89455764842
2888,9930.89455764842
2889,9864.680632627793
2890,9864.680632627793
2891,9864.680632627793
2892,9865.21344292566
2893,9798.999517905033
2894,9796.84821119313
2895,9796.84821119313
2896,9796.84821119313
2897,9627.774822613323
2898,9627.774822613323
2899,9885.94529587241
2900,9885.94529587241
2901,9885.94529587241
2902,9885.94529587241
2903,9885.94529587241
2904,9885.94529587241
2905,9885.94529587241
2906,9727.54125218068
2907,9727.54125218068
2908,9793.755177201307
2909,9727.54125218068
2910,9915.177760914634
2911,9915.177760914634
2912,9915.177760914634
2913,9896.889483616562
2914,9896.889483616562
2915,9896.889483616562
2916,9896.889483616562
2917,9941.001830444602
2918,10007.21575546523
2919,9941.001830444602
2920,9941.001830444602
2921,9941.001830444602
2922,10007.21575546523
2923,9912.26466649227
2924,9864.861167243267
2925,9931.075092263894
2926,9864.861167243267
2927,9864.861167243267
2928,9966.529819255795
2929,10032.743744276422
2930,9966.529819255795
2931,10032.743744276422
2932,9972.275335880839
2933,9972.275335880839
2934,9972.275335880839
2935,10038.489260901466
2936,9972.275335880839
2937,10038.489260901466
2938,10038.489260901466
2939,9977.962714827972
2940,9977.962714827972
2941,9977.962714827972
2942,9977.962714827972
2943,9977.962714827972
2944,9977.962714827972
2945,9977.962714827972
2946,9977.962714827972
2947,9964.626438678155
2948,10030.840363698782
2949,10030.840363698782
2950,9964.626438678155
2951,9979.896904179612
2952,9979.896904179612
2953,10046.11082920024
2954,9979.896904179612
2955,9979.896904179612
2956,9979.896904179612
2957,10046.11082920024
2958,9979.896904179612
2959,9994.314189711453
2960,9994.314189711453
2961,9994.314189711453
2962,10003.244750720736
2963,10003.244750720736
2964,10003.244750720736
2965,10003.244750720736
2966,10086.161392204098
2967,10019.94746718347
2968,10019.94746718347
2969,10019.94746718347
2970,10019.94746718347
2971,10086.161392204098
2972,10086.161392204098
2973,10019.94746718347
2974,10086.161392204098
2975,10019.94746718347
2976,10042.131974083357
2977,10108.345899103984
2978,10042.131974083357
2979,10042.131974083357
2980,10042.131974083357
2981,10042.131974083357
2982,10042.131974083357
2983,9944.396468542922
2984,9944.396468542922
2985,10010.61039356355
2986,9944.396468542922
2987,9977.136739994097
2988,9977.136739994097
2989,9977.136739994097
2990,9970.64207594151
2991,9970.64207594151
2992,9970.64207594151
2993,9970.64207594151
2994,9970.64207594151
2995,9970.64207594151
2996,9970.64207594151
2997,10036.856000962138
2998,9970.64207594151
2999,10036.856000962138
3000,9970.64207594151
3001,10036.856000962138
3002,9970.64207594151
3003,9970.64207594151
3004,9970.64207594151
3005,9973.267615731496
3006,9973.267615731496
3007,9973.267615731496
3008,9973.267615731496
3009,9930.610234070853
3010,9930.610234070853
3011,9996.82415909148
3012,9930.610234070853
3013,9930.610234070853
3014,9900.973664469426
3015,9900.973664469426
3016,9900.973664469426
3017,9900.973664469426
3018,9900.973664469426
3019,9935.618922763124
3020,9869.404997742497
3021,9869.404997742497
3022,9869.404997742497
3023,9933.287713069205
3024,9999.501638089832
3025,9933.287713069205
3026,9986.829632986113
3027,10053.04355800674
3028,10053.04355800674
3029,9946.10399022461
3030,9946.10399022461
3031,9946.10399022461
3032,10012.317915245238
3033,10012.317915245238
3034,9946.10399022461
3035,9965.93210552371
3036,9965.93210552371
3037,9965.93210552371
3038,9971.901182880942
3039,9971.901182880942
3040,10038.115107901569
3041,9971.901182880942
3042,9971.901182880942
3043,10038.115107901569
3044,10038.115107901569
3045,10038.115107901569
3046,10038.115107901569
3047,9971.901182880942
3048,9971.901182880942
3049,9908.506619768417
3050,9908.506619768417
3051,9908.506619768417
3052,9974.720544789045
3053,9908.506619768417
3054,9963.906546641836
3055,9897.692621621209
3056,9963.906546641836
3057,10048.323126190866
3058,10048.323126190866
3059,10048.323126190866
3060,10048.323126190866
3061,10048.323126190866
3062,10048.323126190866
3063,10015.315304557022
3064,10081.529229577649
3065,10015.315304557022
3066,10015.315304557022
3067,10015.315304557022
3068,10015.315304557022
3069,10015.315304557022
3070,10015.315304557022
3071,10081.529229577649
3072,10081.529229577649
3073,10081.529229577649
3074,10002.412395501327
3075,10002.412395501327
3076,10002.412395501327
3077,10002.412395501327
3078,10100.35623537944
3079,10034.142310358813
3080,10034.142310358813
3081,10034.142310358813
3082,10100.35623537944
3083,10024.219532563067
3084,10024.219532563067
3085,10024.219532563067
3086,10024.219532563067
3087,10024.219532563067
3088,10024.219532563067
3089,10024.219532563067
3090,10090.433457583695
3091,10024.219532563067
3092,10024.219532563067
3093,10024.219532563067
3094,10024.219532563067
3095,10024.219532563067
3096,10090.433457583695
3097,10090.433457583695
3098,10024.219532563067
3099,10090.433457583695
3100,10009.099740246089
3101,10075.313665266716
3102,10075.313665266716
3103,10058.313912303689
3104,9992.099987283062
3105,9992.099987283062
3106,10058.313912303689
3107,9992.099987283062
3108,9992.099987283062
3109,10058.313912303689
3110,9992.099987283062
3111,9992.099987283062
3112,9992.099987283062
3113,9992.099987283062
3114,9992.099987283062
3115,9992.099987283062
3116,10007.505862935472
3117,10007.505862935472
3118,10007.505862935472
3119,10007.639839333655
3120,10007.639839333655
3121,10007.639839333655
3122,10068.537192884052
3123,10134.75111790468
3124,10068.537192884052
3125,10068.537192884052
3126,10134.75111790468
3127,10068.537192884052
3128,10068.537192884052
3129,10068.537192884052
3130,10156.171465248553
3131,10089.957540227926
3132,10064.02315651428
3133,10064.02315651428
3134,10130.237081534908
3135,10064.02315651428
3136,10064.02315651428
3137,10064.02315651428
3138,10019.62690579498
3139,10019.62690579498
3140,10019.62690579498
3141,10019.62690579498
3142,10019.62690579498
3143,10016.800779720403
3144,10016.800779720403
3145,10016.800779720403
3146,10083.01470474103
3147,10016.800779720403
3148,10016.800779720403
3149,10016.800779720403
3150,10016.800779720403
3151,10083.01470474103
3152,10016.800779720403
3153,10016.800779720403
3154,10016.800779720403
3155,10083.01470474103
3156,10016.800779720403
3157,10016.800779720403
3158,10083.01470474103
3159,10016.800779720403
3160,10016.800779720403
3161,10051.618432296164
3162,10055.855862040575
3163,10055.855862040575
3164,10055.855862040575
3165,10055.855862040575
3166,10055.855862040575
3167,10055.855862040575
3168,10055.855862040575
3169,10105.355001505664
3170,10039.141076485037
3171,10039.141076485037
3172,10039.141076485037
3173,10039.141076485037
3174,10039.141076485037
3175,10105.355001505664
3176,10105.355001505664
3177,10105.355001505664
3178,10039.141076485037
3179,10039.141076485037
3180,10015.974383087116
3181,10015.974383087116
3182,10015.974383087116
3183,10082.188308107743
3184,10015.974383087116
3185,10015.974383087116
3186,10015.974383087116
3187,10082.188308107743
3188,9963.455518235154
3189,9963.455518235154
3190,9963.455518235154
3191,10029.669443255782
3192,9963.455518235154
3193,9963.455518235154
3194,9975.798834115787
3195,9975.798834115787
3196,9975.798834115787
3197,10044.405775313106
3198,10044.405775313106
3199,10044.405775313106
3200,10012.668922675797
3201,9946.45499765517
3202,9946.45499765517
3203,9946.45499765517
3204,9876.654863434092
3205,9876.654863434092
3206,9876.654863434092
3207,9876.654863434092
3208,9918.072485834202
3209,9851.858560813575
3210,9851.858560813575
3211,9851.858560813575
3212,9851.858560813575
3213,9851.858560813575
3214,9918.072485834202
3215,9918.072485834202
3216,9851.858560813575
3217,9851.858560813575
3218,9851.858560813575
3219,9851.858560813575
3220,9851.858560813575
3221,9851.858560813575
3222,9851.858560813575
3223,9856.923476902351
3224,9856.923476902351
3225,9827.674914096895
3226,9827.674914096895
3227,9827.674914096895
3228,9922.416405314143
3229,9922.416405314143
3230,9887.243772461094
3231,9887.243772461094
3232,9887.243772461094
3233,9887.243772461094
3234,9953.457697481721
3235,9887.243772461094
3236,9887.243772461094
3237,9931.353698313274
3238,9931.353698313274
3239,9997.567623333902
3240,9973.803344726824
3241,10040.017269747452
3242,9973.803344726824
3243,9973.803344726824
3244,9973.803344726824
3245,9973.803344726824
3246,10040.017269747452
3247,9973.803344726824
3248,10040.017269747452
3249,10027.882050096487
3250,10027.882050096487
3251,9961.66812507586
3252,9961.66812507586
3253,9961.66812507586
3254,9970.960850625544
3255,10037.174775646172
3256,9970.960850625544
3257,9857.062412314166
3258,9857.062412314166
3259,9857.062412314166
3260,9923.276337334793
3261,9928.218755287682
3262,9928.218755287682
3263,9994.43268030831
3264,9994.43268030831
3265,9928.218755287682
3266,9899.259896166604
3267,9899.259896166604
3268,9899.259896166604
3269,9899.259896166604
3270,9923.81065033025
3271,9923.81065033025
3272,9923.81065033025
3273,9923.81065033025
3274,9990.024575350877
3275,9923.81065033025
3276,9923.81065033025
3277,9905.305812523657
3278,9905.305812523657
3279,9905.305812523657
3280,9905.305812523657
3281,9971.519737544284
3282,9905.305812523657
3283,9905.305812523657
3284,9763.122551655093
3285,9763.122551655093
3286,9763.122551655093
3287,9763.122551655093
3288,9763.122551655093
3289,9763.122551655093
3290,9763.122551655093
3291,9953.790016464978
3292,9887.57609144435
3293,9887.57609144435
3294,10099.871604082755
3295,10084.041357270526
3296,10084.041357270526
3297,10084.041357270526
3298,10056.505509450055
3299,10056.505509450055
3300,10056.505509450055
3301,10056.505509450055
3302,10032.230869447128
3303,10032.230869447128
3304,10032.230869447128
3305,10098.444794467756
3306,10032.230869447128
3307,10181.21912419819
3308,10247.433049218816
3309,10181.21912419819
3310,10181.21912419819
3311,9989.352684982112
3312,9989.352684982112
3313,9989.352684982112
3314,9971.911358796746
3315,10038.125283817373
3316,9971.911358796746
3317,10035.785732444678
3318,10035.785732444678
3319,10035.785732444678
3320,10035.785732444678
3321,10088.203362720526
3322,10021.989437699898
3323,10058.660063731288
3324,9992.44613871066
3325,9992.44613871066
3326,9992.44613871066
3327,10058.660063731288
3328,9992.44613871066
3329,9992.44613871066
3330,10058.660063731288
3331,9992.44613871066
3332,9992.44613871066
3333,9992.44613871066
3334,9992.178978883605
3335,10058.392903904232
3336,9992.178978883605
3337,9992.178978883605
3338,9978.985121711166
3339,9978.985121711166
3340,9978.985121711166
3341,10045.199046731794
3342,9989.792736239895
3343,9989.792736239895
3344,9940.3238077085
3345,9940.3238077085
3346,10006.537732729128
3347,9940.3238077085
3348,9990.90297728514
3349,10057.116902305768
3350,9990.90297728514
3351,9990.90297728514
3352,9990.90297728514
3353,9990.90297728514
3354,9990.90297728514
3355,10057.116902305768
3356,9990.90297728514
3357,9990.90297728514
3358,9990.90297728514
3359,9990.90297728514
3360,9945.978619698408
3361,10012.192544719035
3362,9945.978619698408
3363,9935.895114800238
3364,9935.895114800238
3365,9935.895114800238
3366,9935.895114800238
3367,9935.895114800238
3368,9935.895114800238
3369,9936.27466295271
3370,10002.488587973337
3371,9936.27466295271
3372,10002.488587973337
3373,9936.27466295271
3374,9936.27466295271
3375,9902.906788306971
3376,9902.906788306971
3377,9902.906788306971
3378,9914.047437427816
3379,10011.415314325746
3380,10011.415314325746
3381,10011.415314325746
3382,10023.644402169411
3383,9957.430477148784
3384,9957.430477148784
3385,9957.430477148784
3386,9957.430477148784
3387,9957.430477148784
3388,9957.430477148784
3389,9965.410425316211
3390,10031.624350336839
3391,9942.469675318094
3392,9876.255750297469
3393,9909.439501694716
3394,10093.680805911108
3395,10093.680805911108
3396,10159.894730931735
3397,10087.172814989302
3398,10153.38674000993
3399,10087.172814989302
3400,10138.665996541215
3401,10204.879921561842
3402,10204.879921561842
3403,10138.665996541215
3404,10359.350363167356
3405,10359.350363167356
3406,10071.088032980597
3407,10071.088032980597
3408,6940.827340283931
3409,7166.666866385978
3410,7628.636000634597
3411,7638.9969116886605
3412,7411.659570421826
3413,5840.209790064068
3414,5798.691673356909
3415,5795.894314366668
3416,6790.087910078645
3417,5803.0120209710285
3418,5760.088511251239
3419,6516.097870204453
3420,6122.364251429769
3421,6027.376674920995
3422,6041.104643740724
3423,5625.800559136928
3424,6245.844399345751
3425,5899.619119671891
3426,5899.619119671891
3427,5852.495935550619
3428,5353.301466295405
3429,5294.010682754924
3430,5975.644676856547
3431,6367.0057489613255
3432,5944.06991403862
3433,6036.523346661864
3434,6036.523346661864
3435,5259.471391847109
3436,5259.471391847109
3437,5036.991777362284
3438,5036.991777362284
3439,5036.991777362284
3440,5036.991777362284
3441,5024.197917890928
3442,5024.197917890928
3443,5024.197917890928
3444,5024.197917890928
3445,5024.197917890928
3446,4708.093383297431
3447,4708.093383297431
3448,4708.093383297431
3449,5312.869795748513
3450,5312.869795748513
3451,5312.869795748513
3452,5312.869795748513
3453,5312.869795748513
3454,5643.590729136122
3455,5643.590729136122
3456,5643.590729136122
3457,5696.394070286867
3458,5696.394070286867
3459,5696.394070286867
3460,5696.394070286867
3461,5972.572600892961
3462,5972.572600892961
3463,5972.572600892961
3464,5972.572600892961
3465,5453.8286081172855
3466,5453.8286081172855
3467,5453.8286081172855
3468,5453.8286081172855
3469,5515.655623755845
3470,5515.655623755845
3471,5515.655623755845
3472,5515.655623755845
3473,5515.655623755845
3474,6040.013455925895
3475,6040.013455925895
3476,6040.013455925895
3477,5506.082576073125
3478,5506.082576073125
3479,5586.21192575848
3480,5586.21192575848
3481,5586.21192575848
3482,5586.21192575848
3483,5586.21192575848
3484,5586.21192575848
3485,5586.21192575848
3486,5586.21192575848
3487,5593.28506788011
3488,5593.28506788011
3489,5593.28506788011
3490,5593.28506788011
3491,5593.28506788011
3492,5595.907767611154
3493,5595.907767611154
3494,5595.907767611154
3495,5595.907767611154
3496,5794.680165436741
3497,5794.680165436741
3498,5794.680165436741
3499,5794.680165436741
3500,5794.680165436741
3501,5451.079937428009
3502,5451.079937428009
3503,5505.292150642541
3504,5505.292150642541
3505,5505.292150642541
3506,5505.292150642541
3507,5505.292150642541
3508,5274.977859963708
3509,5274.977859963708
3510,5683.385652254329
3511,5683.385652254329
3512,5683.385652254329
3513,5576.4937030857545
3514,5576.4937030857545
3515,5576.4937030857545
3516,5576.4937030857545
3517,5651.988989433196
3518,5651.988989433196
3519,5651.988989433196
3520,5651.988989433196
3521,5666.825159549582
3522,5666.825159549582
3523,5666.825159549582
3524,5666.825159549582
3525,5246.9797997820215
3526,5246.9797997820215
3527,5246.9797997820215
3528,5363.876484900815
3529,5363.876484900815
3530,5363.876484900815
3531,5363.876484900815
3532,5191.4879107666475
3533,5191.4879107666475
3534,5191.4879107666475
3535,5151.938031197556
3536,5151.938031197556
3537,5151.938031197556
3538,5151.938031197556
3539,5224.704442098329
3540,5224.704442098329
3541,5224.704442098329
3542,5224.704442098329
3543,5224.704442098329
3544,5420.604703584591
3545,5420.604703584591
3546,5420.604703584591
3547,5420.604703584591
3548,5420.604703584591
3549,5420.604703584591
3550,5420.604703584591
3551,5420.604703584591
3552,5623.427933076083
3553,5623.427933076083
3554,5623.427933076083
3555,5623.427933076083
3556,5419.6022490673695
3557,5419.6022490673695
3558,5419.6022490673695
3559,5419.6022490673695
3560,5431.695326225776
3561,5431.695326225776
3562,5431.695326225776
3563,5431.695326225776
3564,5431.695326225776
3565,5431.695326225776
3566,5431.695326225776
3567,5431.695326225776
3568,5431.695326225776
3569,5431.695326225776
3570,5431.695326225776
3571,5434.355102025818
3572,5434.355102025818
3573,5434.355102025818
3574,5434.355102025818
3575,5434.355102025818
3576,5431.538412256288
3577,5431.538412256288
3578,5431.538412256288
3579,5431.538412256288
3580,5519.380593588645
3581,5519.380593588645
3582,5519.380593588645
3583,5519.380593588645
3584,5519.380593588645
3585,5428.882507785218
3586,5428.882507785218
3587,5428.882507785218
3588,5446.0477962768355
3589,5446.0477962768355
3590,5446.0477962768355
3591,5446.0477962768355
3592,5429.7306682972
3593,5429.7306682972
3594,5429.7306682972
3595,5468.5373630236845
3596,5468.5373630236845
3597,5468.5373630236845
3598,5468.5373630236845
3599,5468.5373630236845
3600,5468.5373630236845
3601,5468.5373630236845
3602,5468.5373630236845
3603,5468.5373630236845
3604,5434.177092351838
3605,5434.177092351838
3606,5434.177092351838
3607,5434.177092351838
3608,5434.177092351838
3609,5434.177092351838
3610,5434.177092351838
3611,5435.668890240684
3612,5435.668890240684
3613,5435.668890240684
3614,5435.668890240684
3615,5435.668890240684
3616,5435.668890240684
3617,5435.668890240684
3618,5435.668890240684
3619,5435.668890240684
3620,5435.668890240684
3621,5435.668890240684
3622,5432.315580682357
3623,5432.315580682357
3624,5432.315580682357
3625,5432.315580682357
3626,5432.315580682357
3627,5476.867199751024
3628,5476.867199751024
3629,5476.867199751024
3630,5476.867199751024
3631,5476.867199751024
3632,5450.849945294622
3633,5450.849945294622
3634,5450.849945294622
3635,5450.849945294622
3636,5461.210856348685
3637,5461.210856348685
3638,5671.54037128836
3639,5671.54037128836
3640,5671.54037128836
3641,5671.54037128836
3642,5367.843606250897
3643,5367.843606250897
3644,5370.38489002285
3645,5370.38489002285
3646,5370.38489002285
3647,5578.796872369406
3648,5578.796872369406
3649,5578.796872369406
3650,5578.796872369406
3651,5767.099498236932
3652,5767.099498236932
3653,5767.099498236932
3654,5767.099498236932
3655,5287.127386397486
3656,5287.127386397486
3657,5287.127386397486
3658,5287.127386397486
3659,5287.127386397486
3660,5287.127386397486
3661,5341.936833597781
3662,5341.936833597781
3663,5341.936833597781
3664,5341.936833597781
3665,5341.936833597781
3666,5300.418716890621
3667,5300.418716890621
3668,5300.418716890621
3669,5300.418716890621
3670,5300.418716890621
3671,5300.418716890621
3672,5300.418716890621
3673,5300.418716890621
3674,5300.418716890621
3675,5300.418716890621
3676,5300.418716890621
3677,5300.418716890621
3678,5300.418716890621
3679,5300.418716890621
3680,5300.418716890621
3681,5300.418716890621
3682,5300.418716890621
3683,5300.418716890621
3684,5300.418716890621
3685,5300.418716890621
3686,5300.418716890621
3687,5297.621357900381
3688,5297.621357900381
3689,5297.621357900381
3690,5297.621357900381
3691,5368.070003372551
3692,5368.070003372551
3693,5368.070003372551
3694,5368.070003372551
3695,5413.08323779407
3696,5413.08323779407
3697,5413.08323779407
3698,5413.08323779407
3699,5413.08323779407
3700,5413.08323779407
3701,5413.08323779407
3702,5413.08323779407
3703,5413.08323779407
3704,5504.906226678657
3705,5504.906226678657
3706,5504.906226678657
3707,5504.906226678657
3708,5504.906226678657
3709,5504.906226678657
3710,5504.906226678657
3711,5504.906226678657
3712,5504.906226678657
3713,5504.906226678657
3714,5490.002167379764
3715,5490.002167379764
3716,5490.002167379764
3717,5578.256893162495
3718,5578.256893162495
3719,5578.256893162495
3720,5578.256893162495
3721,5578.256893162495
3722,5328.636681157504
3723,5328.636681157504
3724,5411.018362764387
3725,5411.018362764387
3726,5411.018362764387
3727,5420.345702533153
3728,5420.345702533153
3729,5420.345702533153
3730,5420.345702533153
3731,5420.345702533153
3732,5420.345702533153
3733,5420.345702533153
3734,5420.345702533153
3735,5420.345702533153
3736,5420.345702533153
3737,5420.345702533153
3738,5394.294986460645
3739,5394.294986460645
3740,5394.294986460645
3741,5410.907825002151
3742,5410.907825002151
3743,5410.907825002151
3744,5671.517034064168
3745,5671.517034064168
3746,5671.517034064168
3747,5671.517034064168
3748,5671.517034064168
3749,5800.945105933483
3750,5800.945105933483
3751,5800.945105933483
3752,5800.945105933483
3753,5800.945105933483
3754,5562.669069305471
3755,5562.669069305471
3756,5562.669069305471
3757,6041.662473375903
3758,6041.662473375903
3759,6041.662473375903
3760,5634.373118604471
3761,5634.373118604471
3762,5634.373118604471
3763,5634.373118604471
3764,5634.373118604471
3765,5586.276075765245
3766,5586.276075765245
3767,5586.276075765245
3768,5586.276075765245
3769,5586.276075765245
3770,6127.732151106149
3771,6127.732151106149
3772,5891.245301698765
3773,5891.245301698765
3774,5891.245301698765
3775,6107.5067862080705
3776,6107.5067862080705
3777,5746.477239304398
3778,5746.477239304398
3779,5746.477239304398
3780,5746.477239304398
3781,5645.04629821904
3782,5645.04629821904
3783,5645.04629821904
3784,6372.0817180677
3785,6372.0817180677
3786,6372.0817180677
3787,6372.0817180677
3788,5696.626294135619
3789,5696.626294135619
3790,5696.626294135619
3791,6090.913982209549
3792,6090.913982209549
3793,6090.913982209549
3794,6090.913982209549
3795,5856.411420628418
3796,5856.411420628418
3797,5856.411420628418
3798,5856.411420628418
3799,5669.5769887796905
3800,5669.5769887796905
3801,6006.237553115503
3802,5980.936322746864
3803,5980.936322746864
3804,5980.936322746864
3805,5980.936322746864
3806,5839.042382223649
3807,5839.042382223649
3808,5839.042382223649
3809,5839.042382223649
3810,5522.40788340748
3811,5522.40788340748
3812,5530.572196751658
3813,5530.572196751658
3814,5530.572196751658
3815,5530.572196751658
3816,5530.572196751658
3817,5516.877520903769
3818,5516.877520903769
3819,5516.877520903769
3820,5482.828319083773
3821,5482.828319083773
3822,5482.828319083773
3823,5482.828319083773
3824,5482.828319083773
3825,5645.99791181931
3826,5645.99791181931
3827,5645.99791181931
3828,5645.99791181931
3829,5582.42839739746
3830,5582.42839739746
3831,5582.42839739746
3832,5582.42839739746
3833,5582.42839739746
3834,5582.42839739746
3835,5582.42839739746
3836,5582.42839739746
3837,5563.5504258098235
3838,5563.5504258098235
3839,5563.5504258098235
3840,5445.153778527261
3841,5445.153778527261
3842,5445.153778527261
3843,5445.153778527261
3844,5445.153778527261
3845,5445.153778527261
3846,5445.153778527261
3847,5445.153778527261
3848,5445.153778527261
3849,5478.617057898058
3850,5478.617057898058
3851,5478.617057898058
3852,5478.617057898058
3853,5478.617057898058
3854,5455.489327457058
3855,5455.489327457058
3856,5455.489327457058
3857,5455.489327457058
3858,5455.489327457058
3859,5455.489327457058
3860,5455.489327457058
3861,6068.882226924953
3862,6068.882226924953
3863,6068.882226924953
3864,6068.882226924953
3865,5467.128003830164
3866,5467.128003830164
3867,5467.128003830164
3868,5531.741477794644
3869,5531.741477794644
3870,5531.741477794644
3871,5531.741477794644
3872,5531.741477794644
3873,5531.741477794644
3874,5531.741477794644
3875,5715.587243795313
3876,5715.587243795313
3877,5715.587243795313
3878,5715.587243795313
3879,5715.587243795313
3880,5720.05189399902
3881,5720.05189399902
3882,5720.05189399902
3883,5504.432548455463
3884,5504.432548455463
3885,5504.432548455463
3886,5504.432548455463
3887,5493.218349200555
3888,5493.218349200555
3889,5493.218349200555
3890,5493.218349200555
3891,5493.218349200555
3892,5508.554846920513
3893,5508.554846920513
3894,5508.554846920513
3895,5508.554846920513
3896,5530.728206134172
3897,5718.406182918771
3898,5718.406182918771
3899,5718.406182918771
3900,5718.406182918771
3901,5467.8167869122
3902,5467.8167869122
3903,5467.8167869122
3904,5370.682950048549
3905,5370.682950048549
3906,5370.682950048549
3907,5375.440251043408
3908,5375.440251043408
3909,5375.440251043408
3910,5375.440251043408
3911,5375.440251043408
3912,5375.440251043408
3913,5368.649424119447
3914,5368.649424119447
3915,5368.649424119447
3916,5403.5424998780645
3917,5403.5424998780645
3918,5403.5424998780645
3919,5435.20962891318
3920,5435.20962891318
3921,5435.20962891318
3922,5511.721564355408
3923,5511.721564355408
3924,5511.721564355408
3925,5511.721564355408
3926,5511.721564355408
3927,5511.721564355408
3928,5511.721564355408
3929,5511.721564355408
3930,5511.721564355408
3931,5511.721564355408
3932,5500.9075662082
3933,5500.9075662082
3934,5500.9075662082
3935,5513.01131186278
3936,5513.01131186278
3937,5513.01131186278
3938,5513.01131186278
3939,5513.01131186278
3940,5513.01131186278
3941,5513.01131186278
3942,5513.01131186278
3943,5513.01131186278
3944,5513.01131186278
3945,5513.01131186278
3946,5513.01131186278
3947,5513.01131186278
3948,5513.01131186278
3949,5513.01131186278
3950,5513.01131186278
3951,5513.01131186278
3952,5419.442254482731
3953,5419.442254482731
3954,5419.442254482731
3955,5419.442254482731
3956,5490.423909745677
3957,5490.423909745677
3958,5490.423909745677
3959,5490.423909745677
3960,5490.423909745677
3961,5461.456173337874
3962,5461.456173337874
3963,5461.456173337874
3964,5461.456173337874
3965,5461.456173337874
3966,5461.456173337874
3967,5461.456173337874
3968,5461.456173337874
3969,5461.456173337874
3970,5461.456173337874
3971,5461.456173337874
3972,5461.456173337874
3973,5461.456173337874
3974,5461.456173337874
3975,5461.456173337874
3976,5461.456173337874
3977,5461.456173337874
3978,5461.456173337874
3979,5454.32632361353
3980,5454.32632361353
3981,5454.32632361353
3982,5456.126731866875
3983,5456.126731866875
3984,5456.126731866875
3985,5456.126731866875
3986,5456.126731866875
3987,5456.126731866875
3988,5456.126731866875
3989,5456.126731866875
3990,5456.126731866875
3991,5456.126731866875
3992,5456.126731866875
3993,5456.126731866875
3994,5456.126731866875
3995,5456.126731866875
3996,5456.126731866875
3997,5456.126731866875
3998,5456.126731866875
3999,5456.126731866875
4000,5456.126731866875
4001,5454.585103356273
4002,5454.585103356273
4003,5454.585103356273
4004,5501.624667102165
4005,5501.624667102165
4006,5501.624667102165
4007,5501.624667102165
4008,5501.624667102165
4009,5439.604163705136
4010,5439.604163705136
4011,5439.604163705136
4012,5439.604163705136
4013,5439.604163705136
4014,5439.604163705136
4015,5439.604163705136
4016,5439.604163705136
4017,5423.888968304773
4018,5423.888968304773
4019,5423.888968304773
4020,5423.888968304773
4021,5423.888968304773
4022,5409.003547745603
4023,5409.003547745603
4024,5409.003547745603
4025,5409.003547745603
4026,5409.003547745603
4027,5409.003547745603
4028,5409.003547745603
4029,5409.003547745603
4030,5409.003547745603
4031,5409.003547745603
4032,5409.003547745603
4033,5409.003547745603
4034,5409.003547745603
4035,5409.003547745603
4036,5409.003547745603
4037,5409.003547745603
4038,5409.003547745603
4039,5409.003547745603
4040,5444.652630902463
4041,5444.652630902463
4042,5444.652630902463
4043,5444.652630902463
4044,5444.652630902463
4045,5444.652630902463
4046,5444.652630902463
4047,5444.652630902463
4048,5444.652630902463
4049,5444.652630902463
4050,5444.652630902463
4051,5444.652630902463
4052,5444.652630902463
4053,5444.652630902463
4054,5444.652630902463
4055,5444.652630902463
4056,5444.652630902463
4057,5444.652630902463
4058,5444.652630902463
4059,5430.044636926794
4060,5430.044636926794
4061,5430.044636926794
4062,5430.044636926794
4063,5430.044636926794
4064,5430.044636926794
4065,5430.044636926794
4066,5430.044636926794
4067,5435.911457049792
4068,5435.911457049792
4069,5435.911457049792
4070,5435.911457049792
4071,5435.911457049792
4072,5435.911457049792
4073,5392.887454578394
4074,5392.887454578394
4075,5392.887454578394
4076,5374.283629985518
4077,5374.283629985518
4078,5327.112571470028
4079,5557.70958515397
4080,5557.70958515397
4081,5557.70958515397
4082,5557.70958515397
4083,5523.347297809401
4084,5523.347297809401
4085,5523.347297809401
4086,5523.347297809401
4087,5518.68637348543
4088,5518.68637348543
4089,5518.68637348543
4090,5518.68637348543
4091,5518.68637348543
4092,5518.68637348543
4093,5518.68637348543
4094,5482.281869190423
4095,5482.281869190423
4096,5482.281869190423
4097,5482.281869190423
4098,5482.281869190423
4099,5482.281869190423
4100,5482.281869190423
4101,5482.281869190423
4102,5422.991085649943
4103,5422.991085649943
4104,5453.328100897184
4105,5453.328100897184
4106,5453.328100897184
4107,5447.458066926886
4108,5447.458066926886
4109,5447.458066926886
4110,5447.458066926886
4111,5447.458066926886
4112,5447.458066926886
4113,5447.458066926886
4114,5447.458066926886
4115,5447.458066926886
4116,5451.845776837357
4117,5451.845776837357
4118,5451.845776837357
4119,5451.845776837357
4120,5451.845776837357
4121,5451.845776837357
4122,5451.845776837357
4123,5451.845776837357
4124,5451.845776837357
4125,5451.845776837357
4126,5451.845776837357
4127,5451.845776837357
4128,5468.982736460155
4129,5468.982736460155
4130,5468.982736460155
4131,5468.982736460155
4132,5468.982736460155
4133,5455.401607889721
4134,5455.401607889721
4135,5455.401607889721
4136,5513.312794927211
4137,5513.312794927211
4138,5513.312794927211
4139,5513.312794927211
4140,5389.099852425622
4141,5389.099852425622
4142,5389.099852425622
4143,5491.546004353852
4144,5491.546004353852
4145,5599.847650240586
4146,5599.847650240586
4147,5599.847650240586
4148,5599.847650240586
4149,5599.847650240586
4150,5599.847650240586
4151,5599.847650240586
4152,5599.847650240586
4153,5200.412590938657
4154,5200.412590938657
4155,5200.412590938657
4156,5490.75606678865
4157,5490.75606678865
4158,5490.75606678865
4159,5490.75606678865
4160,5490.75606678865
4161,5490.75606678865
4162,5490.75606678865
4163,5718.544476413247
4164,5718.544476413247
4165,5718.544476413247
4166,5718.544476413247
4167,5512.071074097885
4168,5512.071074097885
4169,5512.071074097885
4170,5503.0721755344175
4171,5503.0721755344175
4172,5503.0721755344175
4173,5304.905537510186
4174,5340.186957323747
4175,5340.186957323747
4176,5340.186957323747
4177,5340.186957323747
4178,5340.186957323747
4179,5340.186957323747
4180,5340.186957323747
4181,5332.650208868715
4182,5332.650208868715
4183,5332.650208868715
4184,5332.650208868715
4185,5332.650208868715
4186,5342.3459552474915
4187,5342.3459552474915
4188,5488.965348476873
4189,5488.965348476873
4190,5520.169306130082
4191,5520.169306130082
4192,5520.169306130082
4193,5505.472820906978
4194,5505.472820906978
4195,5505.472820906978
4196,5369.743122493565
4197,5369.743122493565
4198,5392.025034791932
4199,5392.025034791932
4200,5498.819069338197
4201,5498.819069338197
4202,5663.397711525312
4203,5663.397711525312
4204,5663.397711525312
4205,5663.397711525312
4206,5663.397711525312
4207,5663.397711525312
4208,5663.397711525312
4209,5476.409225525561
4210,5476.409225525561
4211,5476.409225525561
4212,5476.409225525561
4213,5469.482499110665
4214,5469.482499110665
4215,5716.382588292886
4216,5716.382588292886
4217,5493.524810097547
4218,5493.524810097547
4219,5493.524810097547
4220,5493.524810097547
4221,5381.165069291847
4222,5381.165069291847
4223,5674.356288061996
4224,5674.356288061996
4225,5674.356288061996
4226,5674.356288061996
4227,5608.739725671987
4228,5608.739725671987
4229,5608.739725671987
4230,5430.480975325603
4231,5430.480975325603
4232,5430.480975325603
4233,5430.480975325603
4234,5430.480975325603
4235,5430.480975325603
4236,5403.033293649893
4237,5403.033293649893
4238,5403.033293649893
4239,5428.8648944044035
4240,5428.8648944044035
4241,5428.8648944044035
4242,5428.8648944044035
4243,5428.8648944044035
4244,5428.8648944044035
4245,5428.8648944044035
4246,5428.8648944044035
4247,5428.8648944044035
4248,5428.8648944044035
4249,5428.8648944044035
4250,5428.8648944044035
4251,5428.8648944044035
4252,5456.941147096473
4253,5456.941147096473
4254,5131.754913986672
4255,5131.754913986672
4256,5131.754913986672
4257,5463.404660126847
4258,5277.617529456214
4259,5277.617529456214
4260,5277.617529456214
4261,5305.913251072431
4262,5305.913251072431
4263,5305.913251072431
4264,5305.913251072431
4265,5305.913251072431
4266,5305.913251072431
4267,5305.913251072431
4268,5281.214417501998
4269,5281.214417501998
4270,5237.079181467947
4271,5237.079181467947
4272,5237.079181467947
4273,5237.079181467947
4274,5284.990566858411
4275,5284.990566858411
4276,5284.990566858411
4277,5353.325519559601
4278,5353.325519559601
4279,5353.325519559601
4280,5249.827987362471
4281,5249.827987362471
4282,5249.827987362471
4283,5249.827987362471
4284,5318.284236576567
4285,5318.284236576567
4286,6120.597779146974
4287,6120.597779146974
4288,6159.224540010071
4289,6159.224540010071
4290,6250.907751953912
4291,6250.907751953912
4292,6250.907751953912
4293,6250.907751953912
4294,6234.096545364711
4295,6234.096545364711
4296,6314.983686258505
4297,6234.096545364711
4298,6234.096545364711
4299,6368.25336377628
4300,6287.366222882486
4301,6368.25336377628
4302,6399.35001180469
4303,6399.35001180469
4304,6321.0478716831985
4305,6321.0478716831985
4306,6321.0478716831985
4307,6272.755425334365
4308,6272.755425334365
4309,6272.755425334365
4310,6256.007142760283
4311,6334.309282881775
4312,6256.007142760283
4313,6256.007142760283
4314,6226.648079318989
4315,6148.3459391974975
4316,6148.3459391974975
4317,6148.3459391974975
4318,6301.977093452376
4319,6223.674953330884
4320,6223.674953330884
4321,6223.674953330884
4322,6251.963261691377
4323,6173.661121569885
4324,6173.661121569885
4325,6251.963261691377
4326,6173.661121569885
4327,6301.489942263571
4328,6301.489942263571
4329,6223.187802142079
4330,6261.025685925489
4331,6339.327826046981
4332,6319.267121777746
4333,6240.964981656254
4334,6240.964981656254
4335,6240.964981656254
4336,6345.871376048538
4337,6345.871376048538
4338,6267.569235927046
4339,6267.569235927046
4340,6253.904634423772
4341,6253.904634423772
4342,6332.206774545264
4343,6253.904634423772
4344,6253.904634423772
4345,6256.527334154816
4346,6334.829474276308
4347,6256.527334154816
4348,6334.829474276308
4349,6256.527334154816
4350,6334.829474276308
4351,6256.527334154816
4352,6256.527334154816
4353,6256.527334154816
4354,6216.93113954931
4355,6295.2332796708015
4356,6238.899349375383
4357,6317.201489496875
4358,6238.899349375383
4359,6238.899349375383
4360,6238.899349375383
4361,6172.762915523546
4362,6251.065055645038
4363,6354.256107379519
4364,6275.953967258027
4365,6275.953967258027
4366,6354.256107379519
4367,6275.953967258027
4368,6354.256107379519
4369,6275.953967258027
4370,6275.953967258027
4371,6275.953967258027
4372,6275.953967258027
4373,6354.256107379519
4374,6360.42396394155
4375,6282.121823820058
4376,6282.121823820058
4377,6282.121823820058
4378,6237.539174269129
4379,6237.539174269129
4380,6237.539174269129
4381,6217.41933269718
4382,6295.721472818672
4383,6217.41933269718
4384,6295.721472818672
4385,6238.413972359568
4386,6238.413972359568
4387,6316.71611248106
4388,6238.413972359568
4389,6316.71611248106
4390,6316.71611248106
4391,6316.71611248106
4392,6238.413972359568
4393,6316.71611248106
4394,6238.413972359568
4395,6238.413972359568
4396,6316.71611248106
4397,6316.71611248106
4398,6238.413972359568
4399,6238.413972359568
4400,6316.71611248106
4401,6238.413972359568
4402,6238.413972359568
4403,6238.413972359568
4404,6238.413972359568
4405,6316.71611248106
4406,6238.413972359568
4407,6238.413972359568
4408,6316.71611248106
4409,6231.139521345155
4410,6231.139521345155
4411,6231.139521345155
4412,6309.441661466647
4413,6321.534738625053
4414,6243.232598503561
4415,6321.534738625053
4416,6243.232598503561
4417,6243.232598503561
4418,6243.232598503561
4419,6321.534738625053
4420,6321.534738625053
4421,6243.232598503561
4422,6243.232598503561
4423,6243.232598503561
4424,6240.351990862777
4425,6318.654130984269
4426,6240.351990862777
4427,6318.654130984269
4428,6240.351990862777
4429,6287.2212445761925
4430,6208.919104454701
4431,6208.919104454701
4432,6208.919104454701
4433,6287.2212445761925
4434,6287.2212445761925
4435,6287.2212445761925
4436,6287.2212445761925
4437,6287.2212445761925
4438,6208.919104454701
4439,6208.919104454701
4440,6208.919104454701
4441,6208.919104454701
4442,6208.919104454701
4443,6208.919104454701
4444,6287.2212445761925
4445,6233.285194391394
4446,6233.285194391394
4447,6233.285194391394
4448,6252.474831019479
4449,6252.474831019479
4450,6252.474831019479
4451,6252.474831019479
4452,6330.776971140971
4453,6252.474831019479
4454,6252.474831019479
4455,6330.776971140971
4456,6252.474831019479
4457,6232.943665061232
4458,6232.943665061232
4459,6311.245805182724
4460,6232.943665061232
4461,6232.943665061232
4462,6232.943665061232
4463,6232.943665061232
4464,6234.4354629500785
4465,6312.73760307157
4466,6234.4354629500785
4467,6234.4354629500785
4468,6234.4354629500785
4469,6234.4354629500785
4470,6234.4354629500785
4471,6234.4354629500785
4472,6234.4354629500785
4473,6312.73760307157
4474,6234.4354629500785
4475,6231.0821533917515
4476,6231.0821533917515
4477,6231.0821533917515
4478,6231.0821533917515
4479,6231.0821533917515
4480,6227.040169798096
4481,6227.040169798096
4482,6227.040169798096
4483,6227.040169798096
4484,6227.040169798096
4485,6234.867867294354
4486,6234.867867294354
4487,6313.170007415846
4488,6234.867867294354
4489,6245.228778348418
4490,6323.53091846991
4491,6245.228778348418
4492,6245.228778348418
4493,6245.228778348418
4494,6245.228778348418
4495,6229.090818322783
4496,6229.090818322783
4497,6309.934242216228
4498,6309.934242216228
4499,6231.632102094736
4500,6309.934242216228
4501,6309.934242216228
4502,6231.632102094736
4503,6309.934242216228
4504,6309.934242216228
4505,6231.632102094736
4506,6309.934242216228
4507,6309.934242216228
4508,6231.632102094736
4509,6231.632102094736
4510,6231.632102094736
4511,6309.934242216228
4512,6231.632102094736
4513,6309.934242216228
4514,6309.934242216228
4515,6231.632102094736
4516,6231.632102094736
4517,6231.632102094736
4518,6231.632102094736
4519,6231.632102094736
4520,6231.632102094736
4521,6231.632102094736
4522,6309.934242216228
4523,6231.632102094736
4524,6231.632102094736
4525,6231.632102094736
4526,6231.632102094736
4527,6231.632102094736
4528,6231.632102094736
4529,6231.632102094736
4530,6231.632102094736
4531,6309.934242216228
4532,6231.632102094736
4533,6231.632102094736
4534,6231.632102094736
4535,6231.632102094736
4536,6231.632102094736
4537,6231.632102094736
4538,6231.632102094736
4539,6231.632102094736
4540,6237.920893243676
4541,6237.920893243676
4542,6237.920893243676
4543,6237.920893243676
4544,6237.920893243676
4545,6237.920893243676
4546,6237.920893243676
4547,6237.920893243676
4548,6237.920893243676
4549,6237.920893243676
4550,6316.223033365168
4551,6237.920893243676
4552,6237.920893243676
4553,6316.223033365168
4554,6237.920893243676
4555,6316.223033365168
4556,6316.223033365168
4557,6254.412297680454
4558,6254.412297680454
4559,6254.412297680454
4560,6332.714437801946
4561,6254.412297680454
4562,6254.412297680454
4563,6332.714437801946
4564,6254.412297680454
4565,6254.412297680454
4566,6254.412297680454
4567,6254.412297680454
4568,6332.714437801946
4569,6254.412297680454
4570,6332.714437801946
4571,6254.412297680454
4572,6254.412297680454
4573,6254.412297680454
4574,6254.412297680454
4575,6335.974220114844
4576,6257.672079993352
4577,6257.672079993352
4578,6257.672079993352
4579,6257.672079993352
4580,6266.999419762117
4581,6345.301559883609
4582,6266.999419762117
4583,6266.999419762117
4584,6266.999419762117
4585,6266.999419762117
4586,6266.999419762117
4587,6266.999419762117
4588,6266.999419762117
4589,6266.999419762117
4590,6266.999419762117
4591,6327.392469168
4592,6327.392469168
4593,6345.301559883609
4594,6227.087036413145
4595,6319.866683667504
4596,6227.087036413145
4597,6216.914960842644
4598,6309.694608097003
4599,6309.694608097003
4600,6216.914960842644
4601,6216.914960842644
4602,6216.914960842644
4603,6309.694608097003
4604,6309.694608097003
4605,6216.914960842644
4606,6216.914960842644
4607,6222.858685604042
4608,6222.858685604042
4609,6222.858685604042
4610,6315.638332858401
4611,6222.858685604042
4612,6222.858685604042
4613,6222.858685604042
4614,6222.858685604042
4615,6222.858685604042
4616,6315.638332858401
4617,6315.638332858401
4618,6315.275619056239
4619,6315.275619056239
4620,6222.49597180188
4621,6222.49597180188
4622,6222.49597180188
4623,6282.3551164283235
4624,6189.575469173965
4625,6282.3551164283235
4626,6189.575469173965
4627,6282.3551164283235
4628,6189.575469173965
4629,6189.575469173965
4630,6189.575469173965
4631,6189.575469173965
4632,6189.575469173965
4633,6282.3551164283235
4634,6189.575469173965
4635,6189.575469173965
4636,6189.575469173965
4637,6282.3551164283235
4638,6189.575469173965
4639,6282.3551164283235
4640,6189.575469173965
4641,6171.115544468942
4642,6263.895191723301
4643,6171.115544468942
4644,6171.115544468942
4645,6171.115544468942
4646,6171.115544468942
4647,6171.115544468942
4648,6171.115544468942
4649,6263.895191723301
4650,6171.115544468942
4651,6171.115544468942
4652,6171.115544468942
4653,6263.895191723301
4654,6197.941128322087
4655,6172.639897953448
4656,6265.419545207807
4657,6172.639897953448
4658,6172.639897953448
4659,6212.012204216789
4660,6304.791851471147
4661,6304.791851471147
4662,6304.791851471147
4663,6220.506351075972
4664,6313.285998330331
4665,6220.506351075972
4666,6313.285998330331
4667,6313.285998330331
4668,6313.285998330331
4669,6313.285998330331
4670,6258.510711127509
4671,6258.510711127509
4672,6351.290358381868
4673,6258.510711127509
4674,6258.510711127509
4675,6258.510711127509
4676,6258.510711127509
4677,6258.510711127509
4678,6273.535318648198
4679,6366.314965902557
4680,6366.314965902557
4681,6273.535318648198
4682,6263.1852416223865
4683,6263.1852416223865
4684,6355.964888876745
4685,6263.1852416223865
4686,6263.1852416223865
4687,6263.1852416223865
4688,6355.964888876745
4689,6263.1852416223865
4690,6272.349259776477
4691,6272.349259776477
4692,6272.349259776477
4693,6272.349259776477
4694,6272.349259776477
4695,6272.349259776477
4696,6355.964888876745
4697,6355.964888876745
4698,6272.349259776477
4699,6272.349259776477
4700,6355.964888876745
4701,6272.349259776477
4702,6355.964888876745
4703,6355.964888876745
4704,6272.349259776477
4705,6355.964888876745
4706,6272.349259776477
4707,6272.349259776477
4708,6355.964888876745
4709,6272.349259776477
4710,6272.349259776477
4711,6272.349259776477
4712,6272.349259776477
4713,6272.349259776477
4714,6346.626003992271
4715,6263.010374892003
4716,6346.626003992271
4717,6263.010374892003
4718,6263.010374892003
4719,6263.010374892003
4720,6263.010374892003
4721,6248.535637564186
4722,6248.535637564186
4723,6248.535637564186
4724,6248.535637564186
4725,6248.535637564186
4726,6248.535637564186
4727,6248.535637564186
4728,6332.151266664454
4729,6248.535637564186
4730,6332.151266664454
4731,6332.151266664454
4732,6332.151266664454
4733,6248.535637564186
4734,6248.535637564186
4735,6248.535637564186
4736,6222.10740004806
4737,6222.10740004806
4738,6222.10740004806
4739,6222.10740004806
4740,6192.052123971868
4741,6192.052123971868
4742,6275.667753072136
4743,6192.052123971868
4744,6192.052123971868
4745,6275.667753072136
4746,6275.667753072136
4747,6192.052123971868
4748,6192.052123971868
4749,6192.052123971868
4750,6277.36940787154
4751,6193.753778771272
4752,6193.753778771272
4753,6193.753778771272
4754,6283.477849112513
4755,6283.477849112513
4756,6283.477849112513
4757,6217.064390011168
4758,6300.680019111436
4759,6300.680019111436
4760,6221.821691006027
4761,6221.821691006027
4762,6221.821691006027
4763,6305.437320106295
4764,6305.437320106295
4765,6221.821691006027
4766,6236.93662280054
4767,6236.93662280054
4768,6236.93662280054
4769,6240.271839000072
4770,6240.271839000072
4771,6323.88746810034
4772,6240.271839000072
4773,6240.271839000072
4774,6323.88746810034
4775,6323.88746810034
4776,6323.88746810034
4777,6323.88746810034
4778,6240.271839000072
4779,6240.271839000072
4780,6240.271839000072
4781,6240.271839000072
4782,6240.271839000072
4783,6323.88746810034
4784,6323.88746810034
4785,6313.073469953131
4786,6229.457840852863
4787,6313.073469953131
4788,6241.561586507443
4789,6241.561586507443
4790,6241.561586507443
4791,6241.561586507443
4792,6241.561586507443
4793,6241.561586507443
4794,6241.561586507443
4795,6325.177215607711
4796,6241.561586507443
4797,6241.561586507443
4798,6325.177215607711
4799,6241.561586507443
4800,6325.177215607711
4801,6241.561586507443
4802,6325.177215607711
4803,6325.177215607711
4804,6325.177215607711
4805,6312.274306552019
4806,6228.658677451751
4807,6228.658677451751
4808,6228.658677451751
4809,6338.568483896976
4810,6254.952854796708
4811,6254.952854796708
4812,6254.952854796708
4813,6338.568483896976
4814,6245.030077000962
4815,6245.030077000962
4816,6245.030077000962
4817,6245.030077000962
4818,6245.030077000962
4819,6245.030077000962
4820,6245.030077000962
4821,6328.64570610123
4822,6245.030077000962
4823,6245.030077000962
4824,6245.030077000962
4825,6245.030077000962
4826,6245.030077000962
4827,6328.64570610123
4828,6328.64570610123
4829,6245.030077000962
4830,6245.030077000962
4831,6328.64570610123
4832,6237.900227276617
4833,6321.5158563768855
4834,6321.5158563768855
4835,6323.316264630231
4836,6239.700635529963
4837,6323.316264630231
4838,6323.316264630231
4839,6239.700635529963
4840,6239.700635529963
4841,6323.316264630231
4842,6239.700635529963
4843,6239.700635529963
4844,6239.700635529963
4845,6239.700635529963
4846,6239.700635529963
4847,6239.700635529963
4848,6239.700635529963
4849,6323.316264630231
4850,6239.700635529963
4851,6239.700635529963
4852,6239.700635529963
4853,6239.700635529963
4854,6238.159007019361
4855,6321.774636119629
4856,6238.159007019361
4857,6255.880498889566
4858,6339.496127989834
4859,6255.880498889566
4860,6255.880498889566
4861,6255.880498889566
4862,6306.793696468491
4863,6223.178067368223
4864,6223.178067368223
4865,6223.178067368223
4866,6306.793696468491
4867,6223.178067368223
4868,6223.178067368223
4869,6223.178067368223
4870,6207.46287196786
4871,6291.078501068128
4872,6291.078501068128
4873,6207.46287196786
4874,6291.078501068128
4875,6204.636745893282
4876,6204.636745893282
4877,6288.25237499355
4878,6288.25237499355
4879,6204.636745893282
4880,6204.636745893282
4881,6204.636745893282
4882,6204.636745893282
4883,6288.25237499355
4884,6204.636745893282
4885,6204.636745893282
4886,6204.636745893282
4887,6288.25237499355
4888,6204.636745893282
4889,6288.25237499355
4890,6288.25237499355
4891,6204.636745893282
4892,6204.636745893282
4893,6228.2265345655505
4894,6311.842163665819
4895,6228.2265345655505
4896,6228.2265345655505
4897,6228.2265345655505
4898,6228.2265345655505
4899,6228.2265345655505
4900,6228.2265345655505
4901,6311.842163665819
4902,6228.2265345655505
4903,6228.2265345655505
4904,6228.2265345655505
4905,6228.2265345655505
4906,6228.2265345655505
4907,6311.842163665819
4908,6311.842163665819
4909,6311.842163665819
4910,6228.2265345655505
4911,6228.2265345655505
4912,6213.618540589881
4913,6213.618540589881
4914,6297.234169690149
4915,6297.234169690149
4916,6213.618540589881
4917,6213.618540589881
4918,6213.618540589881
4919,6297.234169690149
4920,6213.618540589881
4921,6213.618540589881
4922,6213.618540589881
4923,6297.234169690149
4924,6213.618540589881
4925,6213.618540589881
4926,6213.618540589881
4927,6213.618540589881
4928,6213.618540589881
4929,6213.618540589881
4930,6213.618540589881
4931,6166.447482074392
4932,6337.530993390496
4933,6253.915364290228
4934,6253.915364290228
4935,6253.915364290228
4936,6219.55307694566
4937,6303.168706045928
4938,6219.55307694566
4939,6219.55307694566
4940,6298.507781721956
4941,6214.892152621688
4942,6298.507781721956
4943,6298.507781721956
4944,6214.892152621688
4945,6214.892152621688
4946,6298.507781721956
4947,6298.507781721956
4948,6214.892152621688
4949,6214.892152621688
4950,6214.892152621688
4951,6214.892152621688
4952,6298.507781721956
4953,6214.892152621688
4954,6214.892152621688
4955,6194.815572587693
4956,6194.815572587693
4957,6225.152587834935
4958,6225.152587834935
4959,6225.152587834935
4960,6225.152587834935
4961,6225.152587834935
4962,6308.768216935203
4963,6308.768216935203
4964,6225.152587834935
4965,6225.152587834935
4966,6225.152587834935
4967,6308.768216935203
4968,6225.152587834935
4969,6225.152587834935
4970,6229.540297745406
4971,6229.540297745406
4972,6313.155926845674
4973,6229.540297745406
4974,6313.155926845674
4975,6229.540297745406
4976,6313.155926845674
4977,6229.540297745406
4978,6229.540297745406
4979,6313.155926845674
4980,6229.540297745406
4981,6313.155926845674
4982,6326.978062001541
4983,6326.978062001541
4984,6243.362432901273
4985,6243.362432901273
4986,6243.362432901273
4987,6243.362432901273
4988,6326.978062001541
4989,6243.362432901273
4990,6243.362432901273
4991,6243.362432901273
4992,6243.362432901273
4993,6326.978062001541
4994,6243.362432901273
4995,6243.362432901273
4996,6326.978062001541
4997,6326.978062001541
4998,6243.362432901273
4999,6214.403573780193
5000,6298.019202880461
5001,6214.403573780193
5002,6214.403573780193
5003,6224.163615893306
5004,6224.163615893306
5005,6224.163615893306
5006,6224.163615893306
5007,6307.779244993574
5008,6224.163615893306
5009,6224.163615893306
5010,6224.163615893306
5011,6224.163615893306
5012,6224.163615893306
5013,6224.163615893306
5014,6307.779244993574
5015,6224.163615893306
5016,6224.163615893306
5017,6205.40835919752
5018,6205.40835919752
5019,6205.40835919752
5020,6289.0239882977885
5021,6289.0239882977885
5022,6289.0239882977885
5023,6205.40835919752
5024,6310.133333067027
5025,6226.517703966759
5026,6226.517703966759
5027,6229.820025851495
5028,6229.820025851495
5029,6229.820025851495
5030,6229.820025851495
5031,6313.435654951763
5032,6229.820025851495
5033,6229.820025851495
5034,6229.820025851495
5035,6305.898906496731
5036,6222.283277396463
5037,6222.283277396463
5038,6305.898906496731
5039,6222.283277396463
5040,6231.9790237752395
5041,6315.594652875508
5042,6221.626324819211
5043,6221.626324819211
5044,6221.626324819211
5045,6305.241953919479
5046,6221.626324819211
5047,6229.41759973002
5048,6313.033228830288
5049,6229.41759973002
5050,6221.047185967418
5051,6221.047185967418
5052,6221.047185967418
5053,6304.662815067686
5054,6304.662815067686
5055,6221.047185967418
5056,6304.662815067686
5057,6221.047185967418
5058,6221.047185967418
5059,6221.047185967418
5060,6304.662815067686
5061,6221.047185967418
5062,6221.047185967418
5063,6304.662815067686
5064,6221.047185967418
5065,6221.047185967418
5066,6221.047185967418
5067,6221.047185967418
5068,6304.662815067686
5069,6202.863260236344
5070,6202.863260236344
5071,6236.883894257842
5072,6236.883894257842
5073,6236.883894257842
5074,6320.49952335811
5075,6236.883894257842
5076,6236.883894257842
5077,6211.215531311387
5078,6211.215531311387
5079,6294.831160411655
5080,6211.215531311387
5081,6239.339332085758
5082,6322.954961186026
5083,6239.339332085758
5084,6322.954961186026
5085,6239.339332085758
5086,6239.339332085758
5087,6239.339332085758
5088,6322.954961186026
5089,6239.339332085758
5090,6315.133856888091
5091,6231.518227787823
5092,6231.518227787823
5093,6226.60093217032
5094,6310.2165612705885
5095,6226.60093217032
5096,6226.60093217032
5097,6226.60093217032
5098,6226.60093217032
5099,6310.2165612705885
5100,6226.60093217032
5101,6226.60093217032
5102,6226.60093217032
5103,6310.2165612705885
5104,6226.60093217032
5105,6310.2165612705885
5106,6310.2165612705885
5107,6226.60093217032
5108,6162.001513609793
5109,6162.001513609793
5110,6162.001513609793
5111,6226.164578654261
5112,6213.880760380176
5113,6297.496389480444
5114,6213.880760380176
5115,6254.241779763076
5116,6170.626150662808
5117,6170.626150662808
5118,6170.626150662808
5119,6170.626150662808
5120,6170.626150662808
5121,6170.626150662808
5122,6176.553737549704
5123,6260.169366649972
5124,6215.061478762223
5125,6131.4458496619545
5126,6174.72214659187
5127,6174.72214659187
5128,6150.917835152101
5129,6150.917835152101
5130,6234.533464252369
5131,6150.917835152101
5132,6234.533464252369
5133,6150.917835152101
5134,6150.917835152101
5135,6234.533464252369
5136,6234.533464252369
5137,6150.917835152101
5138,6073.7192566005115
5139,6073.7192566005115
5140,6342.955416070166
5141,6342.955416070166
5142,6297.146023993735
5143,6297.146023993735
5144,6388.829235937576
5145,6388.829235937576
5146,6388.829235937576
5147,6388.829235937576
5148,6372.018029348375
5149,6372.018029348375
5150,6499.711445269336
5151,6372.018029348375
5152,6372.018029348375
5153,6552.9811227871105
5154,6425.28770686615
5155,6552.9811227871105
5156,6592.613655182631
5157,6592.613655182631
5158,6467.505240033973
5159,6467.505240033973
5160,6467.505240033973
5161,6419.212793685139
5162,6419.212793685139
5163,6419.212793685139
5164,6402.464511111058
5165,6527.572926259716
5166,6402.464511111058
5167,6402.464511111058
5168,6453.843610948819
5169,6328.735195800161
5170,6328.735195800161
5171,6328.735195800161
5172,6495.240736830317
5173,6370.132321681658
5174,6370.132321681658
5175,6370.132321681658
5176,6445.226905069318
5177,6320.118489920659
5178,6320.118489920659
5179,6445.226905069318
5180,6320.118489920659
5181,6494.753585641512
5182,6494.753585641512
5183,6369.645170492853
5184,6407.483054276263
5185,6532.591469424921
5186,6512.530765155687
5187,6387.422350007028
5188,6387.422350007028
5189,6387.422350007028
5190,6539.135019426479
5191,6539.135019426479
5192,6414.02660427782
5193,6414.02660427782
5194,6400.362002774546
5195,6400.362002774546
5196,6525.470417923205
5197,6400.362002774546
5198,6400.362002774546
5199,6400.362002774546
5200,6525.470417923205
5201,6400.362002774546
5202,6525.470417923205
5203,6400.362002774546
5204,6525.470417923205
5205,6400.362002774546
5206,6400.362002774546
5207,6400.362002774546
5208,6391.854255873495
5209,6516.962671022154
5210,6391.854255873495
5211,6516.962671022154
5212,6391.854255873495
5213,6391.854255873495
5214,6391.854255873495
5215,6325.717822021658
5216,6450.826237170317
5217,6544.4819011214095
5218,6419.373485972751
5219,6419.373485972751
5220,6544.4819011214095
5221,6419.373485972751
5222,6544.4819011214095
5223,6419.373485972751
5224,6419.373485972751
5225,6419.373485972751
5226,6419.373485972751
5227,6544.4819011214095
5228,6550.649757683441
5229,6425.541342534782
5230,6425.541342534782
5231,6425.541342534782
5232,6389.912385138766
5233,6389.912385138766
5234,6389.912385138766
5235,6369.792543566817
5236,6494.900958715475
5237,6369.792543566817
5238,6494.900958715475
5239,6390.787183229205
5240,6390.787183229205
5241,6515.895598377863
5242,6390.787183229205
5243,6515.895598377863
5244,6515.895598377863
5245,6515.895598377863
5246,6390.787183229205
5247,6515.895598377863
5248,6390.787183229205
5249,6390.787183229205
5250,6515.895598377863
5251,6515.895598377863
5252,6390.787183229205
5253,6390.787183229205
5254,6515.895598377863
5255,6390.787183229205
5256,6390.787183229205
5257,6390.787183229205
5258,6390.787183229205
5259,6515.895598377863
5260,6390.787183229205
5261,6390.787183229205
5262,6515.895598377863
5263,6383.512732214792
5264,6383.512732214792
5265,6383.512732214792
5266,6508.62114736345
5267,6526.253690277443
5268,6401.145275128784
5269,6526.253690277443
5270,6401.145275128784
5271,6401.145275128784
5272,6401.145275128784
5273,6526.253690277443
5274,6526.253690277443
5275,6401.145275128784
5276,6401.145275128784
5277,6401.145275128784
5278,6398.264667488
5279,6523.373082636658
5280,6398.264667488
5281,6523.373082636658
5282,6398.264667488
5283,6479.323987789981
5284,6354.215572641323
5285,6354.215572641323
5286,6354.215572641323
5287,6479.323987789981
5288,6479.323987789981
5289,6479.323987789981
5290,6479.323987789981
5291,6479.323987789981
5292,6354.215572641323
5293,6354.215572641323
5294,6354.215572641323
5295,6354.215572641323
5296,6354.215572641323
5297,6354.215572641323
5298,6479.323987789981
5299,6378.581662578016
5300,6378.581662578016
5301,6378.581662578016
5302,6377.139899269835
5303,6377.139899269835
5304,6377.139899269835
5305,6377.139899269835
5306,6502.2483144184935
5307,6377.139899269835
5308,6377.139899269835
5309,6502.2483144184935
5310,6377.139899269835
5311,6378.240133247855
5312,6378.240133247855
5313,6503.348548396513
5314,6378.240133247855
5315,6378.240133247855
5316,6378.240133247855
5317,6378.240133247855
5318,6379.731931136701
5319,6504.840346285359
5320,6379.731931136701
5321,6379.731931136701
5322,6379.731931136701
5323,6379.731931136701
5324,6379.731931136701
5325,6379.731931136701
5326,6379.731931136701
5327,6504.840346285359
5328,6379.731931136701
5329,6376.378621578374
5330,6376.378621578374
5331,6376.378621578374
5332,6376.378621578374
5333,6376.378621578374
5334,6390.0271981915575
5335,6390.0271981915575
5336,6390.0271981915575
5337,6390.0271981915575
5338,6390.0271981915575
5339,6385.924144729245
5340,6385.924144729245
5341,6511.032559877904
5342,6385.924144729245
5343,6393.935947744064
5344,6519.044362892722
5345,6393.935947744064
5346,6393.935947744064
5347,6393.935947744064
5348,6393.935947744064
5349,6393.935947744064
5350,6393.935947744064
5351,6382.70561925293
5352,6507.814034401588
5353,6507.814034401588
5354,6382.70561925293
5355,6507.814034401588
5356,6507.814034401588
5357,6382.70561925293
5358,6507.814034401588
5359,6507.814034401588
5360,6382.70561925293
5361,6507.814034401588
5362,6507.814034401588
5363,6382.70561925293
5364,6382.70561925293
5365,6382.70561925293
5366,6507.814034401588
5367,6382.70561925293
5368,6507.814034401588
5369,6507.814034401588
5370,6382.70561925293
5371,6382.70561925293
5372,6382.70561925293
5373,6382.70561925293
5374,6382.70561925293
5375,6382.70561925293
5376,6382.70561925293
5377,6507.814034401588
5378,6382.70561925293
5379,6382.70561925293
5380,6382.70561925293
5381,6382.70561925293
5382,6382.70561925293
5383,6382.70561925293
5384,6382.70561925293
5385,6382.70561925293
5386,6507.814034401588
5387,6382.70561925293
5388,6382.70561925293
5389,6382.70561925293
5390,6382.70561925293
5391,6382.70561925293
5392,6382.70561925293
5393,6382.70561925293
5394,6382.70561925293
5395,6388.99441040187
5396,6388.99441040187
5397,6388.99441040187
5398,6388.99441040187
5399,6388.99441040187
5400,6388.99441040187
5401,6388.99441040187
5402,6388.99441040187
5403,6388.99441040187
5404,6388.99441040187
5405,6514.102825550528
5406,6388.99441040187
5407,6388.99441040187
5408,6514.102825550528
5409,6388.99441040187
5410,6514.102825550528
5411,6514.102825550528
5412,6388.99441040187
5413,6388.99441040187
5414,6388.99441040187
5415,6514.102825550528
5416,6388.99441040187
5417,6388.99441040187
5418,6514.102825550528
5419,6388.99441040187
5420,6388.99441040187
5421,6388.99441040187
5422,6388.99441040187
5423,6514.102825550528
5424,6388.99441040187
5425,6514.102825550528
5426,6388.99441040187
5427,6388.99441040187
5428,6388.99441040187
5429,6388.99441040187
5430,6517.362607863426
5431,6392.254192714768
5432,6392.254192714768
5433,6392.254192714768
5434,6392.254192714768
5435,6401.581532483533
5436,6526.689947632191
5437,6401.581532483533
5438,6401.581532483533
5439,6401.581532483533
5440,6401.581532483533
5441,6401.581532483533
5442,6401.581532483533
5443,6401.581532483533
5444,6401.581532483533
5445,6401.581532483533
5446,6461.974581889416
5447,6461.974581889416
5448,6526.689947632191
5449,6384.427813166025
5450,6524.01373544755
5451,6384.427813166025
5452,6374.255737595524
5453,6513.841659877049
5454,6513.841659877049
5455,6374.255737595524
5456,6374.255737595524
5457,6374.255737595524
5458,6513.841659877049
5459,6513.841659877049
5460,6374.255737595524
5461,6374.255737595524
5462,6380.199462356922
5463,6380.199462356922
5464,6380.199462356922
5465,6519.785384638447
5466,6380.199462356922
5467,6380.199462356922
5468,6380.199462356922
5469,6380.199462356922
5470,6380.199462356922
5471,6519.785384638447
5472,6519.785384638447
5473,6519.422670836285
5474,6519.422670836285
5475,6379.83674855476
5476,6379.83674855476
5477,6379.83674855476
5478,6466.445080661588
5479,6326.859158380063
5480,6466.445080661588
5481,6326.859158380063
5482,6466.445080661588
5483,6326.859158380063
5484,6326.859158380063
5485,6356.474562999782
5486,6356.474562999782
5487,6356.474562999782
5488,6496.060485281308
5489,6356.474562999782
5490,6356.474562999782
5491,6356.474562999782
5492,6496.060485281308
5493,6356.474562999782
5494,6496.060485281308
5495,6356.474562999782
5496,6356.474562999782
5497,6496.060485281308
5498,6356.474562999782
5499,6356.474562999782
5500,6356.474562999782
5501,6356.474562999782
5502,6356.474562999782
5503,6356.474562999782
5504,6496.060485281308
5505,6356.474562999782
5506,6356.474562999782
5507,6356.474562999782
5508,6496.060485281308
5509,6327.73739904745
5510,6302.436168678811
5511,6442.022090960336
5512,6302.436168678811
5513,6302.436168678811
5514,6374.9485879451195
5515,6514.534510226645
5516,6514.534510226645
5517,6514.534510226645
5518,6380.694104570163
5519,6520.2800268516885
5520,6380.694104570163
5521,6520.2800268516885
5522,6520.2800268516885
5523,6520.2800268516885
5524,6520.2800268516885
5525,6386.381483517299
5526,6386.381483517299
5527,6525.967405798824
5528,6386.381483517299
5529,6386.381483517299
5530,6386.381483517299
5531,6386.381483517299
5532,6386.381483517299
5533,6401.406091037988
5534,6540.992013319513
5535,6540.992013319513
5536,6401.406091037988
5537,6391.056014012176
5538,6391.056014012176
5539,6530.641936293701
5540,6391.056014012176
5541,6391.056014012176
5542,6391.056014012176
5543,6530.641936293701
5544,6391.056014012176
5545,6400.220032166267
5546,6400.220032166267
5547,6400.220032166267
5548,6400.220032166267
5549,6400.220032166267
5550,6400.220032166267
5551,6530.641936293701
5552,6530.641936293701
5553,6400.220032166267
5554,6400.220032166267
5555,6530.641936293701
5556,6400.220032166267
5557,6530.641936293701
5558,6530.641936293701
5559,6400.220032166267
5560,6530.641936293701
5561,6400.220032166267
5562,6400.220032166267
5563,6530.641936293701
5564,6400.220032166267
5565,6400.220032166267
5566,6400.220032166267
5567,6400.220032166267
5568,6400.220032166267
5569,6524.0516816433665
5570,6393.629777515932
5571,6524.0516816433665
5572,6393.629777515932
5573,6393.629777515932
5574,6393.629777515932
5575,6393.629777515932
5576,6387.135113463346
5577,6387.135113463346
5578,6387.135113463346
5579,6387.135113463346
5580,6387.135113463346
5581,6387.135113463346
5582,6387.135113463346
5583,6517.557017590781
5584,6387.135113463346
5585,6517.557017590781
5586,6517.557017590781
5587,6517.557017590781
5588,6387.135113463346
5589,6387.135113463346
5590,6387.135113463346
5591,6395.617938051711
5592,6395.617938051711
5593,6395.617938051711
5594,6395.617938051711
5595,6365.5626619755185
5596,6365.5626619755185
5597,6495.984566102953
5598,6365.5626619755185
5599,6365.5626619755185
5600,6568.118933147244
5601,6568.118933147244
5602,6437.69702901981
5603,6437.69702901981
5604,6437.69702901981
5605,6455.818273434408
5606,6325.396369306974
5607,6325.396369306974
5608,6325.396369306974
5609,6479.976589664854
5610,6479.976589664854
5611,6479.976589664854
5612,6361.149221008523
5613,6491.571125135958
5614,6491.571125135958
5615,6365.906522003383
5616,6365.906522003383
5617,6365.906522003383
5618,6496.328426130817
5619,6496.328426130817
5620,6365.906522003383
5621,6381.021453797895
5622,6381.021453797895
5623,6381.021453797895
5624,6384.356669997427
5625,6384.356669997427
5626,6514.778574124862
5627,6384.356669997427
5628,6384.356669997427
5629,6514.778574124862
5630,6514.778574124862
5631,6514.778574124862
5632,6514.778574124862
5633,6384.356669997427
5634,6384.356669997427
5635,6384.356669997427
5636,6384.356669997427
5637,6384.356669997427
5638,6514.778574124862
5639,6514.778574124862
5640,6503.964575977653
5641,6373.5426718502185
5642,6503.964575977653
5643,6385.646417504799
5644,6385.646417504799
5645,6385.646417504799
5646,6385.646417504799
5647,6385.646417504799
5648,6385.646417504799
5649,6385.646417504799
5650,6516.068321632233
5651,6385.646417504799
5652,6385.646417504799
5653,6516.068321632233
5654,6385.646417504799
5655,6516.068321632233
5656,6385.646417504799
5657,6516.068321632233
5658,6516.068321632233
5659,6516.068321632233
5660,6503.165412576541
5661,6372.743508449106
5662,6372.743508449106
5663,6372.743508449106
5664,6529.459589921498
5665,6399.037685794064
5666,6399.037685794064
5667,6399.037685794064
5668,6529.459589921498
5669,6389.114907998317
5670,6389.114907998317
5671,6389.114907998317
5672,6389.114907998317
5673,6389.114907998317
5674,6389.114907998317
5675,6389.114907998317
5676,6519.536812125752
5677,6389.114907998317
5678,6389.114907998317
5679,6389.114907998317
5680,6389.114907998317
5681,6389.114907998317
5682,6519.536812125752
5683,6519.536812125752
5684,6389.114907998317
5685,6389.114907998317
5686,6519.536812125752
5687,6389.114907998317
5688,6519.536812125752
5689,6519.536812125752
5690,6521.337220379097
5691,6390.915316251662
5692,6521.337220379097
5693,6521.337220379097
5694,6390.915316251662
5695,6390.915316251662
5696,6521.337220379097
5697,6390.915316251662
5698,6390.915316251662
5699,6390.915316251662
5700,6390.915316251662
5701,6390.915316251662
5702,6390.915316251662
5703,6390.915316251662
5704,6521.337220379097
5705,6390.915316251662
5706,6390.915316251662
5707,6390.915316251662
5708,6390.915316251662
5709,6389.37368774106
5710,6519.795591868495
5711,6389.37368774106
5712,6389.37368774106
5713,6519.795591868495
5714,6389.37368774106
5715,6389.37368774106
5716,6389.37368774106
5717,6519.795591868495
5718,6389.37368774106
5719,6389.37368774106
5720,6389.37368774106
5721,6519.795591868495
5722,6389.37368774106
5723,6389.37368774106
5724,6389.37368774106
5725,6384.93106372389
5726,6515.352967851324
5727,6515.352967851324
5728,6384.93106372389
5729,6515.352967851324
5730,6382.104937649311
5731,6382.104937649311
5732,6512.526841776746
5733,6512.526841776746
5734,6382.104937649311
5735,6382.104937649311
5736,6382.104937649311
5737,6382.104937649311
5738,6512.526841776746
5739,6382.104937649311
5740,6382.104937649311
5741,6382.104937649311
5742,6512.526841776746
5743,6382.104937649311
5744,6512.526841776746
5745,6512.526841776746
5746,6382.104937649311
5747,6382.104937649311
5748,6394.422154938387
5749,6529.081488810232
5750,6398.659584682798
5751,6398.659584682798
5752,6398.659584682798
5753,6398.659584682798
5754,6398.659584682798
5755,6398.659584682798
5756,6529.081488810232
5757,6398.659584682798
5758,6398.659584682798
5759,6398.659584682798
5760,6398.659584682798
5761,6398.659584682798
5762,6529.081488810232
5763,6529.081488810232
5764,6529.081488810232
5765,6398.659584682798
5766,6398.659584682798
5767,6384.0515907071285
5768,6384.0515907071285
5769,6514.473494834563
5770,6514.473494834563
5771,6384.0515907071285
5772,6384.0515907071285
5773,6384.0515907071285
5774,6514.473494834563
5775,6384.0515907071285
5776,6384.0515907071285
5777,6384.0515907071285
5778,6514.473494834563
5779,6384.0515907071285
5780,6384.0515907071285
5781,6384.0515907071285
5782,6384.0515907071285
5783,6384.0515907071285
5784,6384.0515907071285
5785,6384.0515907071285
5786,6384.0515907071285
5787,6514.473494834563
5788,6384.0515907071285
5789,6384.0515907071285
5790,6384.0515907071285
5791,6372.921411171072
5792,6503.343315298506
5793,6372.921411171072
5794,6372.921411171072
5795,6498.682390974534
5796,6368.2604868471
5797,6498.682390974534
5798,6498.682390974534
5799,6368.2604868471
5800,6368.2604868471
5801,6498.682390974534
5802,6498.682390974534
5803,6368.2604868471
5804,6368.2604868471
5805,6368.2604868471
5806,6368.2604868471
5807,6498.682390974534
5808,6368.2604868471
5809,6368.2604868471
5810,6368.2604868471
5811,6368.2604868471
5812,6368.2604868471
5813,6368.2604868471
5814,6368.2604868471
5815,6382.430340449246
5816,6382.430340449246
5817,6496.961766372458
5818,6496.961766372458
5819,6366.539862245024
5820,6366.539862245024
5821,6366.539862245024
5822,6496.961766372458
5823,6366.539862245024
5824,6366.539862245024
5825,6370.927572155495
5826,6370.927572155495
5827,6501.34947628293
5828,6388.3441822582945
5829,6518.766086385729
5830,6388.3441822582945
5831,6518.766086385729
5832,6388.3441822582945
5833,6388.3441822582945
5834,6518.766086385729
5835,6388.3441822582945
5836,6518.766086385729
5837,6532.588221541596
5838,6532.588221541596
5839,6402.166317414161
5840,6402.166317414161
5841,6402.166317414161
5842,6402.166317414161
5843,6532.588221541596
5844,6402.166317414161
5845,6402.166317414161
5846,6402.166317414161
5847,6402.166317414161
5848,6532.588221541596
5849,6382.878560216985
5850,6382.878560216985
5851,6513.300464344419
5852,6513.300464344419
5853,6382.878560216985
5854,6353.919701095905
5855,6484.34160522334
5856,6353.919701095905
5857,6353.919701095905
5858,6378.470455259551
5859,6378.470455259551
5860,6378.470455259551
5861,6378.470455259551
5862,6508.892359386986
5863,6378.470455259551
5864,6378.470455259551
5865,6370.6964908169475
5866,6370.6964908169475
5867,6370.6964908169475
5868,6370.6964908169475
5869,6501.118394944382
5870,6370.6964908169475
5871,6370.6964908169475
5872,6351.941234121162
5873,6351.941234121162
5874,6351.941234121162
5875,6482.363138248596
5876,6482.363138248596
5877,6482.363138248596
5878,6351.941234121162
5879,6503.472483017835
5880,6373.0505788904
5881,6373.0505788904
5882,6396.329644639574
5883,6380.499397827344
5884,6380.499397827344
5885,6380.499397827344
5886,6510.921301954779
5887,6380.499397827344
5888,6380.499397827344
5889,6380.499397827344
5890,6503.384553499746
5891,6372.962649372312
5892,6372.962649372312
5893,6503.384553499746
5894,6372.962649372312
5895,6382.658395751088
5896,6513.080299878523
5897,6382.658395751088
5898,6382.658395751088
5899,6382.658395751088
5900,6513.080299878523
5901,6382.658395751088
5902,6365.217069565722
5903,6495.638973693157
5904,6365.217069565722
5905,6382.079256899296
5906,6382.079256899296
5907,6382.079256899296
5908,6512.50116102673
5909,6512.50116102673
5910,6382.079256899296
5911,6512.50116102673
5912,6382.079256899296
5913,6382.079256899296
5914,6382.079256899296
5915,6512.50116102673
5916,6382.079256899296
5917,6382.079256899296
5918,6512.50116102673
5919,6382.079256899296
5920,6382.079256899296
5921,6382.079256899296
5922,6382.079256899296
5923,6512.50116102673
5924,6382.079256899296
5925,6382.079256899296
5926,6382.079256899296
5927,6382.079256899296
5928,6382.079256899296
5929,6512.50116102673
5930,6382.079256899296
5931,6382.079256899296
5932,6385.611945435404
5933,6385.611945435404
5934,6516.033849562838
5935,6385.611945435404
5936,6385.611945435404
5937,6516.033849562838
5938,6385.611945435404
5939,6516.033849562838
5940,6385.611945435404
5941,6385.611945435404
5942,6385.611945435404
5943,6516.033849562838
5944,6385.611945435404
5945,6516.033849562838
5946,6385.611945435404
5947,6385.611945435404
5948,6380.694649817901
5949,6511.116553945336
5950,6380.694649817901
5951,6380.694649817901
5952,6380.694649817901
5953,6380.694649817901
5954,6511.116553945336
5955,6380.694649817901
5956,6380.694649817901
5957,6380.694649817901
5958,6511.116553945336
5959,6380.694649817901
5960,6511.116553945336
5961,6511.116553945336
5962,6380.694649817901
5963,6316.095231257374
5964,6316.095231257374
5965,6316.095231257374
5966,6394.989191007895
5967,6399.444869187106
5968,6529.86677331454
5969,6399.444869187106
5970,6472.276239361809
5971,6341.854335234374
5972,6341.854335234374
5973,6341.854335234374
5974,6341.854335234374
5975,6341.854335234374
5976,6341.854335234374
5977,6347.78192212127
5978,6478.203826248705
5979,6433.095938360955
5980,6302.674034233521
5981,6345.950331163436
5982,6345.950331163436
5983,6333.635743825165
5984,6333.635743825165
5985,6464.0576479526
5986,6333.635743825165
5987,6464.0576479526
5988,6333.635743825165
5989,6333.635743825165
5990,6464.0576479526
5991,6464.0576479526
5992,6333.635743825165
5993,6263.9392231684415
5994,6263.9392231684415
5995,6309.395479672468
5996,6309.395479672468
5997,6572.27065237607
5998,6572.27065237607
5999,6612.352229983744
6000,6612.352229983744
6001,6612.352229983744
6002,6612.352229983744
6003,6595.541023394543
6004,6595.541023394543
6005,6415.061483675788
6006,6595.541023394543
6007,6595.541023394543
6008,6468.331161193562
6009,6648.810700912318
6010,6468.331161193562
6011,6490.460450620024
6012,6490.460450620024
6013,6670.939990338779
6014,6670.939990338779
6015,6670.939990338779
6016,6622.647543989946
6017,6622.647543989946
6018,6622.647543989946
6019,6605.899261415864
6020,6425.419721697109
6021,6605.899261415864
6022,6605.899261415864
6023,6351.690406386212
6024,6532.1699461049675
6025,6532.1699461049675
6026,6532.1699461049675
6027,6393.087532267709
6028,6573.567071986465
6029,6573.567071986465
6030,6573.567071986465
6031,6343.07370050671
6032,6523.553240225466
6033,6523.553240225466
6034,6343.07370050671
6035,6523.553240225466
6036,6392.600381078904
6037,6392.600381078904
6038,6573.07992079766
6039,6610.9178045810695
6040,6430.438264862314
6041,6410.37756059308
6042,6590.857100311835
6043,6590.857100311835
6044,6590.857100311835
6045,6436.9818148638715
6046,6436.9818148638715
6047,6617.461354582627
6048,6617.461354582627
6049,6603.796753079353
6050,6603.796753079353
6051,6423.317213360598
6052,6603.796753079353
6053,6603.796753079353
6054,6603.796753079353
6055,6423.317213360598
6056,6603.796753079353
6057,6423.317213360598
6058,6603.796753079353
6059,6423.317213360598
6060,6603.796753079353
6061,6603.796753079353
6062,6603.796753079353
6063,6603.796753079353
6064,6423.317213360598
6065,6603.796753079353
6066,6423.317213360598
6067,6603.796753079353
6068,6603.796753079353
6069,6603.796753079353
6070,6537.660319227516
6071,6357.180779508761
6072,6450.836443459853
6073,6631.315983178609
6074,6631.315983178609
6075,6450.836443459853
6076,6631.315983178609
6077,6450.836443459853
6078,6631.315983178609
6079,6631.315983178609
6080,6631.315983178609
6081,6631.315983178609
6082,6450.836443459853
6083,6461.087438710397
6084,6641.566978429152
6085,6641.566978429152
6086,6641.566978429152
6087,6605.938021033136
6088,6605.938021033136
6089,6605.938021033136
6090,6605.938021033136
6091,6425.45848131438
6092,6605.938021033136
6093,6425.45848131438
6094,6602.729680435063
6095,6602.729680435063
6096,6422.250140716307
6097,6602.729680435063
6098,6422.250140716307
6099,6422.250140716307
6100,6422.250140716307
6101,6602.729680435063
6102,6422.250140716307
6103,6602.729680435063
6104,6602.729680435063
6105,6422.250140716307
6106,6422.250140716307
6107,6602.729680435063
6108,6602.729680435063
6109,6422.250140716307
6110,6602.729680435063
6111,6602.729680435063
6112,6602.729680435063
6113,6602.729680435063
6114,6422.250140716307
6115,6602.729680435063
6116,6602.729680435063
6117,6422.250140716307
6118,6595.45522942065
6119,6595.45522942065
6120,6595.45522942065
6121,6414.975689701894
6122,6432.608232615887
6123,6613.087772334642
6124,6432.608232615887
6125,6613.087772334642
6126,6613.087772334642
6127,6613.087772334642
6128,6432.608232615887
6129,6432.608232615887
6130,6613.087772334642
6131,6613.087772334642
6132,6613.087772334642
6133,6610.2071646938575
6134,6429.727624975102
6135,6610.2071646938575
6136,6429.727624975102
6137,6610.2071646938575
6138,6385.678530128425
6139,6566.158069847181
6140,6566.158069847181
6141,6566.158069847181
6142,6385.678530128425
6143,6385.678530128425
6144,6385.678530128425
6145,6385.678530128425
6146,6385.678530128425
6147,6566.158069847181
6148,6566.158069847181
6149,6566.158069847181
6150,6566.158069847181
6151,6566.158069847181
6152,6566.158069847181
6153,6385.678530128425
6154,6590.524159783874
6155,6590.524159783874
6156,6590.524159783874
6157,6589.082396475693
6158,6589.082396475693
6159,6589.082396475693
6160,6589.082396475693
6161,6408.602856756937
6162,6589.082396475693
6163,6589.082396475693
6164,6408.602856756937
6165,6589.082396475693
6166,6590.182630453713
6167,6590.182630453713
6168,6409.703090734957
6169,6590.182630453713
6170,6590.182630453713
6171,6590.182630453713
6172,6590.182630453713
6173,6607.439876018552
6174,6426.960336299797
6175,6607.439876018552
6176,6607.439876018552
6177,6607.439876018552
6178,6607.439876018552
6179,6607.439876018552
6180,6607.439876018552
6181,6607.439876018552
6182,6426.960336299797
6183,6607.439876018552
6184,6588.321118784232
6185,6588.321118784232
6186,6588.321118784232
6187,6588.321118784232
6188,6588.321118784232
6189,6601.969695397415
6190,6601.969695397415
6191,6601.969695397415
6192,6601.969695397415
6193,6601.969695397415
6194,6596.184349943853
6195,6596.184349943853
6196,6415.704810225097
6197,6596.184349943853
6198,6596.184349943853
6199,6415.704810225097
6200,6596.184349943853
6201,6596.184349943853
6202,6596.184349943853
6203,6596.184349943853
6204,6603.821374307394
6205,6603.821374307394
6206,6414.168576740032
6207,6414.168576740032
6208,6594.648116458788
6209,6414.168576740032
6210,6414.168576740032
6211,6594.648116458788
6212,6414.168576740032
6213,6414.168576740032
6214,6594.648116458788
6215,6414.168576740032
6216,6414.168576740032
6217,6594.648116458788
6218,6594.648116458788
6219,6594.648116458788
6220,6414.168576740032
6221,6594.648116458788
6222,6414.168576740032
6223,6414.168576740032
6224,6594.648116458788
6225,6594.648116458788
6226,6594.648116458788
6227,6594.648116458788
6228,6594.648116458788
6229,6594.648116458788
6230,6594.648116458788
6231,6414.168576740032
6232,6594.648116458788
6233,6594.648116458788
6234,6594.648116458788
6235,6594.648116458788
6236,6594.648116458788
6237,6594.648116458788
6238,6594.648116458788
6239,6594.648116458788
6240,6414.168576740032
6241,6594.648116458788
6242,6594.648116458788
6243,6594.648116458788
6244,6594.648116458788
6245,6594.648116458788
6246,6594.648116458788
6247,6594.648116458788
6248,6594.648116458788
6249,6600.936907607727
6250,6600.936907607727
6251,6600.936907607727
6252,6600.936907607727
6253,6600.936907607727
6254,6600.936907607727
6255,6600.936907607727
6256,6600.936907607727
6257,6600.936907607727
6258,6600.936907607727
6259,6420.457367888972
6260,6600.936907607727
6261,6600.936907607727
6262,6420.457367888972
6263,6600.936907607727
6264,6420.457367888972
6265,6420.457367888972
6266,6600.936907607727
6267,6600.936907607727
6268,6600.936907607727
6269,6420.457367888972
6270,6600.936907607727
6271,6600.936907607727
6272,6420.457367888972
6273,6600.936907607727
6274,6600.936907607727
6275,6600.936907607727
6276,6600.936907607727
6277,6420.457367888972
6278,6600.936907607727
6279,6420.457367888972
6280,6600.936907607727
6281,6600.936907607727
6282,6600.936907607727
6283,6600.936907607727
6284,6435.479220559633
6285,6615.958760278389
6286,6615.958760278389
6287,6615.958760278389
6288,6615.958760278389
6289,6625.286100047154
6290,6444.8065603283985
6291,6625.286100047154
6292,6625.286100047154
6293,6625.286100047154
6294,6625.286100047154
6295,6625.286100047154
6296,6625.286100047154
6297,6625.286100047154
6298,6625.286100047154
6299,6625.286100047154
6300,6625.286100047154
6301,6625.286100047154
6302,6444.8065603283985
6303,6622.609887862513
6304,6442.130348143757
6305,6622.609887862513
6306,6612.437812292012
6307,6431.958272573256
6308,6431.958272573256
6309,6612.437812292012
6310,6612.437812292012
6311,6587.805457222585
6312,6407.325917503829
6313,6407.325917503829
6314,6587.805457222585
6315,6587.805457222585
6316,6593.749181983982
6317,6593.749181983982
6318,6593.749181983982
6319,6413.269642265227
6320,6593.749181983982
6321,6593.749181983982
6322,6593.749181983982
6323,6593.749181983982
6324,6593.749181983982
6325,6413.269642265227
6326,6413.269642265227
6327,6412.906928463065
6328,6412.906928463065
6329,6593.38646818182
6330,6593.38646818182
6331,6593.38646818182
6332,6359.929338288368
6333,6540.408878007123
6334,6359.929338288368
6335,6540.408878007123
6336,6359.929338288368
6337,6540.408878007123
6338,6540.408878007123
6339,6577.20854507288
6340,6577.20854507288
6341,6577.20854507288
6342,6396.729005354125
6343,6577.20854507288
6344,6577.20854507288
6345,6577.20854507288
6346,6396.729005354125
6347,6577.20854507288
6348,6396.729005354125
6349,6577.20854507288
6350,6577.20854507288
6351,6396.729005354125
6352,6577.20854507288
6353,6577.20854507288
6354,6577.20854507288
6355,6577.20854507288
6356,6577.20854507288
6357,6577.20854507288
6358,6396.729005354125
6359,6577.20854507288
6360,6577.20854507288
6361,6577.20854507288
6362,6396.729005354125
6363,6548.471381120547
6364,6501.067881871545
6365,6320.58834215279
6366,6501.067881871545
6367,6501.067881871545
6368,6602.736533884072
6369,6422.256994165316
6370,6422.256994165316
6371,6422.256994165316
6372,6608.482050509116
6373,6428.00251079036
6374,6608.482050509116
6375,6428.00251079036
6376,6428.00251079036
6377,6428.00251079036
6378,6428.00251079036
6379,6614.169429456251
6380,6614.169429456251
6381,6433.689889737496
6382,6614.169429456251
6383,6614.169429456251
6384,6614.169429456251
6385,6614.169429456251
6386,6614.169429456251
6387,6629.19403697694
6388,6448.714497258185
6389,6448.714497258185
6390,6629.19403697694
6391,6618.843959951128
6392,6618.843959951128
6393,6438.364420232373
6394,6618.843959951128
6395,6618.843959951128
6396,6618.843959951128
6397,6438.364420232373
6398,6618.843959951128
6399,6618.843959951128
6400,6618.843959951128
6401,6618.843959951128
6402,6627.77452096041
6403,6627.77452096041
6404,6627.77452096041
6405,6447.294981241655
6406,6447.294981241655
6407,6627.77452096041
6408,6627.77452096041
6409,6447.294981241655
6410,6627.77452096041
6411,6447.294981241655
6412,6447.294981241655
6413,6627.77452096041
6414,6447.294981241655
6415,6627.77452096041
6416,6638.404310930228
6417,6457.924771211473
6418,6638.404310930228
6419,6638.404310930228
6420,6638.404310930228
6421,6638.404310930228
6422,6638.404310930228
6423,6431.95200548139
6424,6612.431545200146
6425,6431.95200548139
6426,6612.431545200146
6427,6612.431545200146
6428,6612.431545200146
6429,6612.431545200146
6430,6605.93688114756
6431,6605.93688114756
6432,6605.93688114756
6433,6605.93688114756
6434,6605.93688114756
6435,6605.93688114756
6436,6605.93688114756
6437,6425.457341428804
6438,6605.93688114756
6439,6425.457341428804
6440,6425.457341428804
6441,6425.457341428804
6442,6605.93688114756
6443,6605.93688114756
6444,6605.93688114756
6445,6605.822079794309
6446,6605.822079794309
6447,6605.822079794309
6448,6605.822079794309
6449,6563.164698133664
6450,6563.164698133664
6451,6382.685158414909
6452,6563.164698133664
6453,6563.164698133664
6454,6382.685158414909
6455,6382.685158414909
6456,6563.164698133664
6457,6563.164698133664
6458,6563.164698133664
6459,6351.11649168798
6460,6531.596031406735
6461,6531.596031406735
6462,6531.596031406735
6463,6375.274807918426
6464,6375.274807918426
6465,6375.274807918426
6466,6567.348883108285
6467,6386.86934338953
6468,6386.86934338953
6469,6572.106184103144
6470,6572.106184103144
6471,6572.106184103144
6472,6391.626644384389
6473,6391.626644384389
6474,6572.106184103144
6475,6587.221115897657
6476,6587.221115897657
6477,6587.221115897657
6478,6590.556332097189
6479,6590.556332097189
6480,6410.076792378433
6481,6590.556332097189
6482,6590.556332097189
6483,6410.076792378433
6484,6410.076792378433
6485,6410.076792378433
6486,6410.076792378433
6487,6590.556332097189
6488,6590.556332097189
6489,6590.556332097189
6490,6590.556332097189
6491,6590.556332097189
6492,6410.076792378433
6493,6410.076792378433
6494,6399.262794231225
6495,6579.74233394998
6496,6399.262794231225
6497,6614.310332110719
6498,6614.310332110719
6499,6614.310332110719
6500,6614.310332110719
6501,6614.310332110719
6502,6614.310332110719
6503,6614.310332110719
6504,6433.830792391964
6505,6614.310332110719
6506,6614.310332110719
6507,6433.830792391964
6508,6614.310332110719
6509,6433.830792391964
6510,6614.310332110719
6511,6433.830792391964
6512,6433.830792391964
6513,6433.830792391964
6514,6420.927883336271
6515,6601.407423055027
6516,6601.407423055027
6517,6601.407423055027
6518,6447.222060681229
6519,6627.701600399984
6520,6627.701600399984
6521,6627.701600399984
6522,6447.222060681229
6523,6617.778822604238
6524,6617.778822604238
6525,6617.778822604238
6526,6617.778822604238
6527,6617.778822604238
6528,6617.778822604238
6529,6617.778822604238
6530,6437.299282885482
6531,6617.778822604238
6532,6617.778822604238
6533,6617.778822604238
6534,6617.778822604238
6535,6617.778822604238
6536,6437.299282885482
6537,6437.299282885482
6538,6617.778822604238
6539,6617.778822604238
6540,6437.299282885482
6541,6617.778822604238
6542,6437.299282885482
6543,6437.299282885482
6544,6439.099691138827
6545,6619.579230857583
6546,6439.099691138827
6547,6439.099691138827
6548,6619.579230857583
6549,6619.579230857583
6550,6439.099691138827
6551,6619.579230857583
6552,6619.579230857583
6553,6619.579230857583
6554,6619.579230857583
6555,6619.579230857583
6556,6619.579230857583
6557,6619.579230857583
6558,6439.099691138827
6559,6619.579230857583
6560,6619.579230857583
6561,6619.579230857583
6562,6619.579230857583
6563,6618.037602346981
6564,6437.558062628225
6565,6618.037602346981
6566,6618.037602346981
6567,6437.558062628225
6568,6618.037602346981
6569,6618.037602346981
6570,6618.037602346981
6571,6458.978409972101
6572,6639.457949690856
6573,6613.52356597721
6574,6613.52356597721
6575,6433.044026258454
6576,6613.52356597721
6577,6613.52356597721
6578,6613.52356597721
6579,6609.080941960039
6580,6428.601402241284
6581,6428.601402241284
6582,6609.080941960039
6583,6428.601402241284
6584,6606.254815885461
6585,6606.254815885461
6586,6425.775276166705
6587,6425.775276166705
6588,6606.254815885461
6589,6606.254815885461
6590,6606.254815885461
6591,6606.254815885461
6592,6425.775276166705
6593,6606.254815885461
6594,6606.254815885461
6595,6606.254815885461
6596,6425.775276166705
6597,6606.254815885461
6598,6425.775276166705
6599,6425.775276166705
6600,6606.254815885461
6601,6606.254815885461
6602,6618.572033174537
6603,6442.329923200192
6604,6622.809462918947
6605,6622.809462918947
6606,6622.809462918947
6607,6622.809462918947
6608,6622.809462918947
6609,6622.809462918947
6610,6442.329923200192
6611,6622.809462918947
6612,6622.809462918947
6613,6622.809462918947
6614,6622.809462918947
6615,6622.809462918947
6616,6442.329923200192
6617,6442.329923200192
6618,6442.329923200192
6619,6622.809462918947
6620,6622.809462918947
6621,6608.201468943278
6622,6608.201468943278
6623,6427.721929224523
6624,6427.721929224523
6625,6608.201468943278
6626,6608.201468943278
6627,6608.201468943278
6628,6427.721929224523
6629,6608.201468943278
6630,6608.201468943278
6631,6608.201468943278
6632,6427.721929224523
6633,6608.201468943278
6634,6608.201468943278
6635,6608.201468943278
6636,6608.201468943278
6637,6608.201468943278
6638,6608.201468943278
6639,6608.201468943278
6640,6608.201468943278
6641,6427.721929224523
6642,6608.201468943278
6643,6608.201468943278
6644,6608.201468943278
6645,6597.071289407221
6646,6416.591749688466
6647,6597.071289407221
6648,6597.071289407221
6649,6411.930825364494
6650,6592.410365083249
6651,6411.930825364494
6652,6411.930825364494
6653,6592.410365083249
6654,6592.410365083249
6655,6411.930825364494
6656,6411.930825364494
6657,6592.410365083249
6658,6592.410365083249
6659,6592.410365083249
6660,6592.410365083249
6661,6411.930825364494
6662,6592.410365083249
6663,6592.410365083249
6664,6592.410365083249
6665,6592.410365083249
6666,6592.410365083249
6667,6592.410365083249
6668,6592.410365083249
6669,6606.580218685395
6670,6606.580218685395
6671,6410.210200762418
6672,6410.210200762418
6673,6590.689740481173
6674,6590.689740481173
6675,6590.689740481173
6676,6410.210200762418
6677,6590.689740481173
6678,6590.689740481173
6679,6595.077450391645
6680,6595.077450391645
6681,6414.597910672889
6682,6612.494060494444
6683,6432.014520775689
6684,6612.494060494444
6685,6432.014520775689
6686,6612.494060494444
6687,6612.494060494444
6688,6432.014520775689
6689,6612.494060494444
6690,6432.014520775689
6691,6445.8366559315555
6692,6445.8366559315555
6693,6626.316195650311
6694,6626.316195650311
6695,6626.316195650311
6696,6626.316195650311
6697,6445.8366559315555
6698,6626.316195650311
6699,6626.316195650311
6700,6626.316195650311
6701,6626.316195650311
6702,6445.8366559315555
6703,6607.028438453134
6704,6607.028438453134
6705,6426.548898734379
6706,6426.548898734379
6707,6607.028438453134
6708,6578.069579332055
6709,6397.590039613299
6710,6578.069579332055
6711,6578.069579332055
6712,6602.620333495701
6713,6602.620333495701
6714,6602.620333495701
6715,6602.620333495701
6716,6422.140793776945
6717,6602.620333495701
6718,6602.620333495701
6719,6594.846369053097
6720,6594.846369053097
6721,6594.846369053097
6722,6594.846369053097
6723,6414.366829334342
6724,6594.846369053097
6725,6594.846369053097
6726,6576.091112357311
6727,6576.091112357311
6728,6576.091112357311
6729,6395.611572638556
6730,6395.611572638556
6731,6395.611572638556
6732,6576.091112357311
6733,6416.720917407794
6734,6597.20045712655
6735,6597.20045712655
6736,6620.479522875724
6737,6604.649276063494
6738,6604.649276063494
6739,6604.649276063494
6740,6424.169736344738
6741,6604.649276063494
6742,6604.649276063494
6743,6604.649276063494
6744,6416.632987889706
6745,6597.112527608461
6746,6597.112527608461
6747,6416.632987889706
6748,6597.112527608461
6749,6606.808273987238
6750,6426.328734268483
6751,6606.808273987238
6752,6606.808273987238
6753,6606.808273987238
6754,6426.328734268483
6755,6606.808273987238
6756,6589.366947801872
6757,6408.8874080831165
6758,6589.366947801872
6759,6606.519874600337
6760,6606.519874600337
6761,6606.519874600337
6762,6426.040334881582
6763,6426.040334881582
6764,6606.519874600337
6765,6426.040334881582
6766,6606.519874600337
6767,6606.519874600337
6768,6606.519874600337
6769,6426.040334881582
6770,6606.519874600337
6771,6606.519874600337
6772,6426.040334881582
6773,6606.519874600337
6774,6606.519874600337
6775,6606.519874600337
6776,6606.519874600337
6777,6426.040334881582
6778,6606.519874600337
6779,6606.519874600337
6780,6606.519874600337
6781,6606.519874600337
6782,6606.519874600337
6783,6426.040334881582
6784,6606.519874600337
6785,6606.519874600337
6786,6610.052563136445
6787,6610.052563136445
6788,6429.57302341769
6789,6610.052563136445
6790,6610.052563136445
6791,6429.57302341769
6792,6610.052563136445
6793,6429.57302341769
6794,6610.052563136445
6795,6610.052563136445
6796,6610.052563136445
6797,6429.57302341769
6798,6610.052563136445
6799,6429.57302341769
6800,6610.052563136445
6801,6610.052563136445
6802,6605.135267518943
6803,6424.655727800187
6804,6605.135267518943
6805,6605.135267518943
6806,6605.135267518943
6807,6605.135267518943
6808,6424.655727800187
6809,6605.135267518943
6810,6605.135267518943
6811,6616.790464488723
6812,6436.310924769968
6813,6616.790464488723
6814,6436.310924769968
6815,6436.310924769968
6816,6616.790464488723
6817,6552.191045928195
6818,6552.191045928195
6819,6552.191045928195
6820,6621.314696438746
6821,6625.770374617957
6822,6445.290834899201
6823,6625.770374617957
6824,6387.70030094647
6825,6568.179840665225
6826,6568.179840665225
6827,6568.179840665225
6828,6568.179840665225
6829,6568.179840665225
6830,6568.179840665225
6831,6574.107427552121
6832,6393.627887833366
6833,6348.519999945616
6834,6528.999539664372
6835,6587.44630630862
6836,6587.44630630862
6837,6562.0806900630105
6838,6562.0806900630105
6839,6381.601150344255
6840,6554.067359563869
6841,6373.587819845114
6842,6554.067359563869
6843,6565.170039037696
6844,6384.690499318941
6845,6384.690499318941
6846,6565.170039037696
6847,6460.938682124027
6848,6460.938682124027
6849,6506.394938628054
6850,6506.394938628054
6851,7155.777387233706
6852,7155.777387233706
6853,7237.995032579906
6854,7237.995032579906
6855,7237.995032579906
6856,7237.995032579906
6857,7221.183825990705
6858,7221.183825990705
6859,7230.150894236069
6860,7221.183825990705
6861,7221.183825990705
6862,7267.575893626886
6863,7258.608825381522
6864,7267.575893626886
6865,7305.549861180305
6866,7305.549861180305
6867,7296.582792934942
6868,7296.582792934942
6869,7296.582792934942
6870,7248.290346586108
6871,7248.290346586108
6872,7248.290346586108
6873,7231.5420640120265
6874,7240.50913225739
6875,7231.5420640120265
6876,7231.5420640120265
6877,7166.779816946493
6878,7157.81274870113
6879,7157.81274870113
6880,7157.81274870113
6881,7191.903846588935
6882,7182.936778343572
6883,7182.936778343572
6884,7182.936778343572
6885,7126.514671962341
6886,7117.547603716977
6887,7117.547603716977
6888,7126.514671962341
6889,7117.547603716977
6890,7176.041352534535
6891,7176.041352534535
6892,7167.074284289171
6893,7236.560607177232
6894,7245.527675422595
6895,7225.466971153361
6896,7216.499902907997
6897,7216.499902907997
6898,7216.499902907997
6899,7252.0712254241525
6900,7252.0712254241525
6901,7243.104157178789
6902,7243.104157178789
6903,7229.439555675515
6904,7229.439555675515
6905,7238.406623920879
6906,7229.439555675515
6907,7229.439555675515
6908,7229.439555675515
6909,7238.406623920879
6910,7229.439555675515
6911,7238.406623920879
6912,7229.439555675515
6913,7238.406623920879
6914,7229.439555675515
6915,7229.439555675515
6916,7229.439555675515
6917,7229.439555675515
6918,7238.406623920879
6919,7229.439555675515
6920,7238.406623920879
6921,7229.439555675515
6922,7229.439555675515
6923,7229.439555675515
6924,7163.303121823678
6925,7172.270190069042
6926,7265.9258540201345
6927,7256.958785774771
6928,7256.958785774771
6929,7265.9258540201345
6930,7256.958785774771
6931,7265.9258540201345
6932,7256.958785774771
6933,7256.958785774771
6934,7256.958785774771
6935,7256.958785774771
6936,7265.9258540201345
6937,7276.176849270678
6938,7267.209781025314
6939,7267.209781025314
6940,7267.209781025314
6941,7231.580823629298
6942,7231.580823629298
6943,7231.580823629298
6944,7231.580823629298
6945,7240.547891874661
6946,7231.580823629298
6947,7240.547891874661
6948,7228.372483031225
6949,7228.372483031225
6950,7237.339551276588
6951,7228.372483031225
6952,7237.339551276588
6953,7237.339551276588
6954,7237.339551276588
6955,7228.372483031225
6956,7237.339551276588
6957,7228.372483031225
6958,7228.372483031225
6959,7237.339551276588
6960,7237.339551276588
6961,7228.372483031225
6962,7228.372483031225
6963,7237.339551276588
6964,7228.372483031225
6965,7228.372483031225
6966,7228.372483031225
6967,7228.372483031225
6968,7237.339551276588
6969,7228.372483031225
6970,7228.372483031225
6971,7237.339551276588
6972,7221.098032016812
6973,7221.098032016812
6974,7221.098032016812
6975,7230.065100262175
6976,7247.697643176168
6977,7238.730574930804
6978,7247.697643176168
6979,7238.730574930804
6980,7213.941356146053
6981,7213.941356146053
6982,7222.908424391417
6983,7222.908424391417
6984,7213.941356146053
6985,7213.941356146053
6986,7213.941356146053
6987,7211.060748505269
6988,7220.027816750632
6989,7211.060748505269
6990,7220.027816750632
6991,7211.060748505269
6992,7154.453820289808
6993,7145.486752044445
6994,7145.486752044445
6995,7145.486752044445
6996,7154.453820289808
6997,7154.453820289808
6998,7154.453820289808
6999,7154.453820289808
7000,7154.453820289808
7001,7145.486752044445
7002,7145.486752044445
7003,7145.486752044445
7004,7140.327914794041
7005,7140.327914794041
7006,7140.327914794041
7007,7149.2949830394045
7008,7214.923742101325
7009,7214.923742101325
7010,7214.923742101325
7011,7229.311614840262
7012,7229.311614840262
7013,7229.311614840262
7014,7229.311614840262
7015,7238.278683085626
7016,7229.311614840262
7017,7229.311614840262
7018,7238.278683085626
7019,7229.311614840262
7020,7200.273397519513
7021,7200.273397519513
7022,7209.240465764877
7023,7200.273397519513
7024,7200.273397519513
7025,7200.273397519513
7026,7200.273397519513
7027,7231.839458336003
7028,7240.806526581367
7029,7231.839458336003
7030,7231.839458336003
7031,7231.839458336003
7032,7231.839458336003
7033,7231.839458336003
7034,7231.839458336003
7035,7231.839458336003
7036,7240.806526581367
7037,7231.839458336003
7038,7215.93154652352
7039,7215.93154652352
7040,7215.93154652352
7041,7215.93154652352
7042,7215.93154652352
7043,7229.580123136704
7044,7229.580123136704
7045,7229.580123136704
7046,7229.580123136704
7047,7229.580123136704
7048,7223.794777683142
7049,7223.794777683142
7050,7232.761845928505
7051,7223.794777683142
7052,7223.794777683142
7053,7232.761845928505
7054,7223.794777683142
7055,7223.794777683142
7056,7223.794777683142
7057,7223.794777683142
7058,7231.431802046683
7059,7231.431802046683
7060,7231.22561244344
7061,7231.22561244344
7062,7222.258544198076
7063,7231.22561244344
7064,7231.22561244344
7065,7222.258544198076
7066,7231.22561244344
7067,7231.22561244344
7068,7222.258544198076
7069,7231.22561244344
7070,7231.22561244344
7071,7222.258544198076
7072,7222.258544198076
7073,7222.258544198076
7074,7231.22561244344
7075,7222.258544198076
7076,7231.22561244344
7077,7231.22561244344
7078,7222.258544198076
7079,7222.258544198076
7080,7222.258544198076
7081,7222.258544198076
7082,7222.258544198076
7083,7222.258544198076
7084,7222.258544198076
7085,7231.22561244344
7086,7222.258544198076
7087,7222.258544198076
7088,7222.258544198076
7089,7222.258544198076
7090,7222.258544198076
7091,7222.258544198076
7092,7222.258544198076
7093,7222.258544198076
7094,7231.22561244344
7095,7222.258544198076
7096,7222.258544198076
7097,7222.258544198076
7098,7222.258544198076
7099,7222.258544198076
7100,7222.258544198076
7101,7222.258544198076
7102,7222.258544198076
7103,7228.547335347016
7104,7228.547335347016
7105,7228.547335347016
7106,7228.547335347016
7107,7228.547335347016
7108,7228.547335347016
7109,7228.547335347016
7110,7228.547335347016
7111,7228.547335347016
7112,7228.547335347016
7113,7237.5144035923795
7114,7228.547335347016
7115,7228.547335347016
7116,7237.5144035923795
7117,7228.547335347016
7118,7237.5144035923795
7119,7237.5144035923795
7120,7228.547335347016
7121,7228.547335347016
7122,7228.547335347016
7123,7237.5144035923795
7124,7228.547335347016
7125,7228.547335347016
7126,7237.5144035923795
7127,7228.547335347016
7128,7228.547335347016
7129,7228.547335347016
7130,7228.547335347016
7131,7237.5144035923795
7132,7228.547335347016
7133,7237.5144035923795
7134,7228.547335347016
7135,7228.547335347016
7136,7228.547335347016
7137,7228.547335347016
7138,7252.536256263041
7139,7243.569188017677
7140,7243.569188017677
7141,7243.569188017677
7142,7243.569188017677
7143,7252.896527786443
7144,7261.863596031806
7145,7252.896527786443
7146,7252.896527786443
7147,7252.896527786443
7148,7252.896527786443
7149,7252.896527786443
7150,7252.896527786443
7151,7252.896527786443
7152,7252.896527786443
7153,7252.896527786443
7154,7252.896527786443
7155,7252.896527786443
7156,7261.863596031806
7157,7250.220315601801
7158,7259.187383847165
7159,7250.220315601801
7160,7240.0482400313
7161,7249.015308276664
7162,7249.015308276664
7163,7240.0482400313
7164,7240.0482400313
7165,7215.415884961873
7166,7224.382953207237
7167,7224.382953207237
7168,7215.415884961873
7169,7215.415884961873
7170,7221.359609723271
7171,7221.359609723271
7172,7221.359609723271
7173,7230.326677968635
7174,7221.359609723271
7175,7221.359609723271
7176,7221.359609723271
7177,7221.359609723271
7178,7221.359609723271
7179,7230.326677968635
7180,7230.326677968635
7181,7229.963964166473
7182,7229.963964166473
7183,7220.996895921109
7184,7220.996895921109
7185,7220.996895921109
7186,7176.9863739917755
7187,7168.019305746412
7188,7176.9863739917755
7189,7168.019305746412
7190,7176.9863739917755
7191,7168.019305746412
7192,7168.019305746412
7193,7204.818972812169
7194,7204.818972812169
7195,7204.818972812169
7196,7213.786041057532
7197,7204.818972812169
7198,7204.818972812169
7199,7204.818972812169
7200,7213.786041057532
7201,7204.818972812169
7202,7213.786041057532
7203,7204.818972812169
7204,7204.818972812169
7205,7213.786041057532
7206,7204.818972812169
7207,7204.818972812169
7208,7204.818972812169
7209,7204.818972812169
7210,7204.818972812169
7211,7204.818972812169
7212,7213.786041057532
7213,7204.818972812169
7214,7204.818972812169
7215,7204.818972812169
7216,7213.786041057532
7217,7176.081808859836
7218,7128.678309610834
7219,7137.645377856197
7220,7128.678309610834
7221,7128.678309610834
7222,7230.346961623361
7223,7239.314029868724
7224,7239.314029868724
7225,7239.314029868724
7226,7236.092478248404
7227,7245.059546493768
7228,7236.092478248404
7229,7245.059546493768
7230,7245.059546493768
7231,7245.059546493768
7232,7245.059546493768
7233,7241.77985719554
7234,7241.77985719554
7235,7250.746925440903
7236,7241.77985719554
7237,7241.77985719554
7238,7241.77985719554
7239,7241.77985719554
7240,7241.77985719554
7241,7256.804464716229
7242,7265.771532961592
7243,7265.771532961592
7244,7256.804464716229
7245,7246.454387690417
7246,7246.454387690417
7247,7255.421455935781
7248,7246.454387690417
7249,7246.454387690417
7250,7246.454387690417
7251,7255.421455935781
7252,7246.454387690417
7253,7246.454387690417
7254,7246.454387690417
7255,7246.454387690417
7256,7255.384948699699
7257,7255.384948699699
7258,7255.384948699699
7259,7264.352016945062
7260,7264.352016945062
7261,7255.384948699699
7262,7255.384948699699
7263,7264.352016945062
7264,7255.384948699699
7265,7264.352016945062
7266,7264.352016945062
7267,7255.384948699699
7268,7264.352016945062
7269,7255.384948699699
7270,7266.014738669517
7271,7274.9818069148805
7272,7266.014738669517
7273,7266.014738669517
7274,7266.014738669517
7275,7266.014738669517
7276,7266.014738669517
7277,7249.009041184798
7278,7240.041972939434
7279,7249.009041184798
7280,7240.041972939434
7281,7240.041972939434
7282,7240.041972939434
7283,7240.041972939434
7284,7233.547308886848
7285,7233.547308886848
7286,7233.547308886848
7287,7233.547308886848
7288,7233.547308886848
7289,7233.547308886848
7290,7233.547308886848
7291,7242.514377132212
7292,7233.547308886848
7293,7242.514377132212
7294,7242.514377132212
7295,7242.514377132212
7296,7233.547308886848
7297,7233.547308886848
7298,7233.547308886848
7299,7233.432507533597
7300,7233.432507533597
7301,7233.432507533597
7302,7233.432507533597
7303,7190.775125872953
7304,7190.775125872953
7305,7199.742194118317
7306,7190.775125872953
7307,7190.775125872953
7308,7199.742194118317
7309,7199.742194118317
7310,7190.775125872953
7311,7190.775125872953
7312,7190.775125872953
7313,7168.173527391387
7314,7159.206459146024
7315,7159.206459146024
7316,7159.206459146024
7317,7192.331843621833
7318,7192.331843621833
7319,7192.331843621833
7320,7194.959310847574
7321,7203.926379092937
7322,7203.926379092937
7323,7199.716611842433
7324,7199.716611842433
7325,7199.716611842433
7326,7208.683680087796
7327,7208.683680087796
7328,7199.716611842433
7329,7214.831543636946
7330,7214.831543636946
7331,7214.831543636946
7332,7218.1667598364775
7333,7218.1667598364775
7334,7227.133828081841
7335,7218.1667598364775
7336,7218.1667598364775
7337,7227.133828081841
7338,7227.133828081841
7339,7227.133828081841
7340,7227.133828081841
7341,7218.1667598364775
7342,7218.1667598364775
7343,7218.1667598364775
7344,7218.1667598364775
7345,7218.1667598364775
7346,7227.133828081841
7347,7227.133828081841
7348,7216.319829934632
7349,7207.352761689269
7350,7216.319829934632
7351,7241.920759850008
7352,7241.920759850008
7353,7241.920759850008
7354,7241.920759850008
7355,7241.920759850008
7356,7241.920759850008
7357,7241.920759850008
7358,7250.887828095371
7359,7241.920759850008
7360,7241.920759850008
7361,7250.887828095371
7362,7241.920759850008
7363,7250.887828095371
7364,7241.920759850008
7365,7250.887828095371
7366,7250.887828095371
7367,7250.887828095371
7368,7237.984919039679
7369,7229.017850794316
7370,7229.017850794316
7371,7229.017850794316
7372,7269.714833897165
7373,7260.747765651801
7374,7260.747765651801
7375,7260.747765651801
7376,7269.714833897165
7377,7250.824987856055
7378,7250.824987856055
7379,7250.824987856055
7380,7250.824987856055
7381,7250.824987856055
7382,7250.824987856055
7383,7250.824987856055
7384,7259.792056101418
7385,7250.824987856055
7386,7250.824987856055
7387,7250.824987856055
7388,7250.824987856055
7389,7250.824987856055
7390,7259.792056101418
7391,7259.792056101418
7392,7250.824987856055
7393,7250.824987856055
7394,7259.792056101418
7395,7250.824987856055
7396,7259.792056101418
7397,7259.792056101418
7398,7256.156726842235
7399,7247.189658596872
7400,7256.156726842235
7401,7256.156726842235
7402,7247.189658596872
7403,7247.189658596872
7404,7256.156726842235
7405,7247.189658596872
7406,7247.189658596872
7407,7247.189658596872
7408,7247.189658596872
7409,7247.189658596872
7410,7247.189658596872
7411,7247.189658596872
7412,7256.156726842235
7413,7247.189658596872
7414,7247.189658596872
7415,7247.189658596872
7416,7247.189658596872
7417,7245.6480300862695
7418,7254.615098331633
7419,7245.6480300862695
7420,7245.6480300862695
7421,7254.615098331633
7422,7245.6480300862695
7423,7245.6480300862695
7424,7245.6480300862695
7425,7276.0354456755085
7426,7267.068377430145
7427,7241.1339937164985
7428,7241.1339937164985
7429,7250.101061961862
7430,7241.1339937164985
7431,7241.1339937164985
7432,7241.1339937164985
7433,7236.691369699328
7434,7245.658437944691
7435,7245.658437944691
7436,7236.691369699328
7437,7245.658437944691
7438,7233.865243624749
7439,7233.865243624749
7440,7242.832311870113
7441,7242.832311870113
7442,7233.865243624749
7443,7233.865243624749
7444,7233.865243624749
7445,7233.865243624749
7446,7242.832311870113
7447,7233.865243624749
7448,7233.865243624749
7449,7233.865243624749
7450,7242.832311870113
7451,7233.865243624749
7452,7242.832311870113
7453,7242.832311870113
7454,7233.865243624749
7455,7233.865243624749
7456,7246.182460913826
7457,7259.386958903599
7458,7250.419890658236
7459,7250.419890658236
7460,7250.419890658236
7461,7250.419890658236
7462,7250.419890658236
7463,7250.419890658236
7464,7259.386958903599
7465,7250.419890658236
7466,7250.419890658236
7467,7250.419890658236
7468,7250.419890658236
7469,7250.419890658236
7470,7259.386958903599
7471,7259.386958903599
7472,7259.386958903599
7473,7250.419890658236
7474,7250.419890658236
7475,7235.811896682567
7476,7235.811896682567
7477,7244.77896492793
7478,7244.77896492793
7479,7235.811896682567
7480,7235.811896682567
7481,7235.811896682567
7482,7244.77896492793
7483,7235.811896682567
7484,7235.811896682567
7485,7235.811896682567
7486,7244.77896492793
7487,7235.811896682567
7488,7235.811896682567
7489,7235.811896682567
7490,7235.811896682567
7491,7235.811896682567
7492,7235.811896682567
7493,7235.811896682567
7494,7235.811896682567
7495,7244.77896492793
7496,7235.811896682567
7497,7235.811896682567
7498,7235.811896682567
7499,7224.68171714651
7500,7233.648785391873
7501,7224.68171714651
7502,7224.68171714651
7503,7228.987861067902
7504,7220.020792822538
7505,7228.987861067902
7506,7228.987861067902
7507,7220.020792822538
7508,7220.020792822538
7509,7228.987861067902
7510,7228.987861067902
7511,7220.020792822538
7512,7220.020792822538
7513,7220.020792822538
7514,7220.020792822538
7515,7228.987861067902
7516,7220.020792822538
7517,7220.020792822538
7518,7220.020792822538
7519,7220.020792822538
7520,7220.020792822538
7521,7220.020792822538
7522,7220.020792822538
7523,7234.190646424684
7524,7234.190646424684
7525,7227.267236465826
7526,7227.267236465826
7527,7218.300168220462
7528,7218.300168220462
7529,7218.300168220462
7530,7227.267236465826
7531,7218.300168220462
7532,7218.300168220462
7533,7222.687878130933
7534,7222.687878130933
7535,7231.654946376297
7536,7240.104488233733
7537,7249.071556479096
7538,7240.104488233733
7539,7249.071556479096
7540,7240.104488233733
7541,7240.104488233733
7542,7249.071556479096
7543,7240.104488233733
7544,7249.071556479096
7545,7262.893691634963
7546,7262.893691634963
7547,7253.9266233896
7548,7253.9266233896
7549,7253.9266233896
7550,7253.9266233896
7551,7262.893691634963
7552,7253.9266233896
7553,7253.9266233896
7554,7253.9266233896
7555,7253.9266233896
7556,7262.893691634963
7557,7234.638866192423
7558,7234.638866192423
7559,7243.605934437786
7560,7243.605934437786
7561,7234.638866192423
7562,7205.680007071343
7563,7214.647075316707
7564,7205.680007071343
7565,7205.680007071343
7566,7230.23076123499
7567,7230.23076123499
7568,7230.23076123499
7569,7230.23076123499
7570,7239.197829480353
7571,7230.23076123499
7572,7230.23076123499
7573,7211.7259234283965
7574,7211.7259234283965
7575,7211.7259234283965
7576,7211.7259234283965
7577,7220.69299167376
7578,7211.7259234283965
7579,7211.7259234283965
7580,7192.970666732611
7581,7192.970666732611
7582,7192.970666732611
7583,7201.937734977974
7584,7201.937734977974
7585,7201.937734977974
7586,7192.970666732611
7587,7223.047079747213
7588,7214.080011501849
7589,7214.080011501849
7590,7248.089950615013
7591,7232.2597038027825
7592,7232.2597038027825
7593,7232.2597038027825
7594,7241.226772048146
7595,7232.2597038027825
7596,7232.2597038027825
7597,7232.2597038027825
7598,7233.690023593113
7599,7224.72295534775
7600,7224.72295534775
7601,7233.690023593113
7602,7224.72295534775
7603,7234.418701726527
7604,7243.38576997189
7605,7234.418701726527
7606,7234.418701726527
7607,7234.418701726527
7608,7243.38576997189
7609,7234.418701726527
7610,7216.977375541161
7611,7225.944443786524
7612,7216.977375541161
7613,7234.130302339626
7614,7234.130302339626
7615,7234.130302339626
7616,7243.097370584989
7617,7243.097370584989
7618,7234.130302339626
7619,7243.097370584989
7620,7234.130302339626
7621,7234.130302339626
7622,7234.130302339626
7623,7243.097370584989
7624,7234.130302339626
7625,7234.130302339626
7626,7243.097370584989
7627,7234.130302339626
7628,7234.130302339626
7629,7234.130302339626
7630,7234.130302339626
7631,7243.097370584989
7632,7234.130302339626
7633,7234.130302339626
7634,7234.130302339626
7635,7234.130302339626
7636,7234.130302339626
7637,7243.097370584989
7638,7234.130302339626
7639,7234.130302339626
7640,7237.662990875734
7641,7237.662990875734
7642,7246.6300591210975
7643,7237.662990875734
7644,7237.662990875734
7645,7246.6300591210975
7646,7237.662990875734
7647,7246.6300591210975
7648,7237.662990875734
7649,7237.662990875734
7650,7237.662990875734
7651,7246.6300591210975
7652,7237.662990875734
7653,7246.6300591210975
7654,7237.662990875734
7655,7237.662990875734
7656,7232.7456952582315
7657,7241.712763503595
7658,7232.7456952582315
7659,7232.7456952582315
7660,7232.7456952582315
7661,7232.7456952582315
7662,7241.712763503595
7663,7232.7456952582315
7664,7232.7456952582315
7665,7233.1252434107055
7666,7242.092311656069
7667,7233.1252434107055
7668,7242.092311656069
7669,7242.092311656069
7670,7233.1252434107055
7671,7168.525824850178
7672,7168.525824850178
7673,7168.525824850178
7674,7244.41200410768
7675,7248.867682286891
7676,7257.8347505322545
7677,7248.867682286891
7678,7200.244216579523
7679,7191.277148334159
7680,7191.277148334159
7681,7191.277148334159
7682,7191.277148334159
7683,7191.277148334159
7684,7191.277148334159
7685,7197.204735221056
7686,7206.171803466419
7687,7161.063915578669
7688,7152.096847333306
7689,7210.543613977554
7690,7210.543613977554
7691,7185.177997731945
7692,7185.177997731945
7693,7194.145065977308
7694,7178.670006810139
7695,7187.6370750555025
7696,7178.670006810139
7697,7189.772686283966
7698,7198.73975452933
7699,7198.73975452933
7700,7189.772686283966
7701,7085.541329370297
7702,7085.541329370297
7703,7130.997585874324
7704,7130.997585874324
7705,7873.538635198839
7706,7873.538635198839
7707,7978.232255881082
7708,7978.232255881082
7709,7978.232255881082
7710,7978.232255881082
7711,7961.421049291882
7712,7961.421049291882
7713,8107.613832891102
7714,7961.421049291882
7715,7961.421049291882
7716,8106.6646766293925
7717,7960.471893030172
7718,8106.6646766293925
7719,8293.574393979407
7720,8293.574393979407
7721,8147.381610380211
7722,8147.381610380211
7723,8147.381610380211
7724,8099.089164031368
7725,8099.089164031368
7726,8099.089164031368
7727,8041.274093707559
7728,8187.466877306781
7729,8041.274093707559
7730,8041.274093707559
7731,8113.737561995882
7732,7967.544778396661
7733,7967.544778396661
7734,7967.544778396661
7735,8128.433477018938
7736,7982.240693419719
7737,7982.240693419719
7738,7982.240693419719
7739,8063.044302392336
7740,7916.851518793123
7741,7916.851518793123
7742,8063.044302392336
7743,7916.851518793123
7744,8112.570982964537
7745,8112.570982964537
7746,7966.378199365318
7747,8023.312591124895
7748,8169.505374724113
7749,8144.418209893269
7750,7998.225426294051
7751,7998.225426294051
7752,7998.225426294051
7753,8171.022464164062
7754,8171.022464164062
7755,8024.829680564843
7756,8024.829680564843
7757,8016.1686122798565
7758,8016.1686122798565
7759,8162.361395879073
7760,8016.1686122798565
7761,8016.1686122798565
7762,8016.1686122798565
7763,8162.361395879073
7764,8016.1686122798565
7765,8162.361395879073
7766,8016.968891634302
7767,8163.161675233521
7768,8016.968891634302
7769,8016.968891634302
7770,8016.968891634302
7771,8016.968891634302
7772,8163.161675233521
7773,8016.968891634302
7774,8163.161675233521
7775,8016.968891634302
7776,8016.968891634302
7777,8016.968891634302
7778,7950.832457782464
7779,8097.025241381677
7780,8190.680905332765
7781,8044.488121733557
7782,8044.488121733557
7783,8190.680905332765
7784,8044.488121733557
7785,8190.680905332765
7786,8044.488121733557
7787,8044.488121733557
7788,8044.488121733557
7789,8044.488121733557
7790,8190.680905332765
7791,8200.93190058331
7792,8054.7391169841
7793,8054.7391169841
7794,8054.7391169841
7795,8019.110159588084
7796,8019.110159588084
7797,8019.110159588084
7798,8019.110159588084
7799,8165.302943187307
7800,8019.110159588084
7801,8165.302943187307
7802,8015.901818990011
7803,8015.901818990011
7804,8162.094602589232
7805,8015.901818990011
7806,8162.094602589232
7807,8162.094602589232
7808,8162.094602589232
7809,8015.901818990011
7810,8162.094602589232
7811,8015.901818990011
7812,8015.901818990011
7813,8162.094602589232
7814,8162.094602589232
7815,8015.901818990011
7816,8015.901818990011
7817,8162.094602589232
7818,8015.901818990011
7819,8015.901818990011
7820,8015.901818990011
7821,8015.901818990011
7822,8152.444101887165
7823,8006.251318287945
7824,8006.251318287945
7825,8152.444101887165
7826,7998.976867273532
7827,7998.976867273532
7828,7998.976867273532
7829,8145.169650872752
7830,8162.802193786744
7831,8016.609410187524
7832,8162.802193786744
7833,8016.609410187524
7834,8003.148821219976
7835,8003.148821219976
7836,8149.341604819202
7837,8149.341604819202
7838,8003.148821219976
7839,8003.148821219976
7840,8003.148821219976
7841,8000.268213579191
7842,8146.460997178417
7843,8000.268213579191
7844,8146.460997178417
7845,8000.268213579191
7846,8023.779128754309
7847,7877.586345155096
7848,7877.586345155096
7849,7877.586345155096
7850,8023.779128754309
7851,8023.779128754309
7852,8023.779128754309
7853,8023.779128754309
7854,8023.779128754309
7855,7928.690669787
7856,7928.690669787
7857,7928.690669787
7858,7793.4295484774475
7859,7793.4295484774475
7860,7793.4295484774475
7861,7939.62233207666
7862,8003.072917557256
7863,8003.072917557256
7864,8003.072917557256
7865,8011.480612325668
7866,8011.480612325668
7867,8011.480612325668
7868,8011.480612325668
7869,8157.673395924887
7870,8011.480612325668
7871,8011.480612325668
7872,8157.673395924887
7873,8011.480612325668
7874,7982.442395004919
7875,7982.442395004919
7876,8128.635178604138
7877,7982.442395004919
7878,7982.442395004919
7879,7982.442395004919
7880,7982.442395004919
7881,7994.309909702738
7882,8140.502693301958
7883,7994.309909702738
7884,7994.309909702738
7885,7994.309909702738
7886,7994.309909702738
7887,7994.309909702738
7888,7994.309909702738
7889,7994.309909702738
7890,8140.502693301958
7891,7994.309909702738
7892,7998.100544008926
7893,7998.100544008926
7894,7998.100544008926
7895,7998.100544008926
7896,7998.100544008926
7897,8056.045997083199
7898,8056.045997083199
7899,8056.045997083199
7900,8056.045997083199
7901,8056.045997083199
7902,8005.963775168547
7903,8005.963775168547
7904,8152.156558767765
7905,8005.963775168547
7906,8005.963775168547
7907,8152.156558767765
7908,8005.963775168547
7909,8005.963775168547
7910,8005.963775168547
7911,8005.963775168547
7912,8013.600799532088
7913,8013.600799532088
7914,8150.6203252827
7915,8150.6203252827
7916,8004.427541683482
7917,8150.6203252827
7918,8150.6203252827
7919,8004.427541683482
7920,8150.6203252827
7921,8150.6203252827
7922,8004.427541683482
7923,8150.6203252827
7924,8150.6203252827
7925,8017.057975064913
7926,8017.057975064913
7927,8004.071741712385
7928,8150.2645253116025
7929,8004.071741712385
7930,8150.2645253116025
7931,8150.2645253116025
7932,8004.071741712385
7933,8004.071741712385
7934,8004.071741712385
7935,8004.071741712385
7936,8004.071741712385
7937,8004.071741712385
7938,8004.071741712385
7939,8150.2645253116025
7940,8004.071741712385
7941,8004.071741712385
7942,8004.071741712385
7943,8004.071741712385
7944,8002.539406147384
7945,8002.539406147384
7946,8002.539406147384
7947,8002.539406147384
7948,8149.8329122137875
7949,8003.640128614571
7950,8003.640128614571
7951,8003.640128614571
7952,8003.640128614571
7953,8003.640128614571
7954,8003.640128614571
7955,8003.640128614571
7956,8003.640128614571
7957,8009.928919763511
7958,8009.928919763511
7959,8009.928919763511
7960,8009.928919763511
7961,8009.928919763511
7962,8009.928919763511
7963,8009.928919763511
7964,8009.928919763511
7965,8009.928919763511
7966,8009.928919763511
7967,8156.121703362727
7968,8009.928919763511
7969,8009.928919763511
7970,8156.121703362727
7971,8009.928919763511
7972,8156.121703362727
7973,8156.121703362727
7974,8009.928919763511
7975,8009.928919763511
7976,8009.928919763511
7977,8156.121703362727
7978,8012.02546710724
7979,8012.02546710724
7980,8158.218250706455
7981,8012.02546710724
7982,8012.02546710724
7983,8012.02546710724
7984,8012.02546710724
7985,8158.218250706455
7986,8012.02546710724
7987,8158.218250706455
7988,8012.02546710724
7989,8012.02546710724
7990,8012.02546710724
7991,8012.02546710724
7992,8173.240103377111
7993,8027.047319777901
7994,8027.047319777901
7995,8027.047319777901
7996,8027.047319777901
7997,8036.374659546666
7998,8182.567443145872
7999,8036.374659546666
8000,8036.374659546666
8001,8036.374659546666
8002,8036.374659546666
8003,8036.374659546666
8004,8036.374659546666
8005,8036.374659546666
8006,8036.374659546666
8007,8036.374659546666
8008,8036.374659546666
8009,8036.374659546666
8010,8182.567443145872
8011,8033.698447362025
8012,8179.89123096123
8013,8033.698447362025
8014,8023.526371791524
8015,8169.719155390736
8016,8169.719155390736
8017,8023.526371791524
8018,8023.526371791524
8019,7998.894016722097
8020,8145.086800321313
8021,8145.086800321313
8022,7998.894016722097
8023,7998.894016722097
8024,8004.837741483496
8025,8004.837741483496
8026,8004.837741483496
8027,8151.03052508271
8028,8004.837741483496
8029,8004.837741483496
8030,8004.837741483496
8031,8004.837741483496
8032,8004.837741483496
8033,8151.03052508271
8034,8151.03052508271
8035,8150.6678112805475
8036,8150.6678112805475
8037,8004.475027681334
8038,8004.475027681334
8039,8004.475027681334
8040,8097.690221105849
8041,7951.497437506637
8042,8095.538914393944
8043,7949.346130794732
8044,8095.538914393944
8045,7949.346130794732
8046,7949.346130794732
8047,7986.145797860488
8048,7986.145797860488
8049,7986.145797860488
8050,8132.338581459704
8051,7986.145797860488
8052,7986.145797860488
8053,7986.145797860488
8054,8132.338581459704
8055,7986.145797860488
8056,8132.338581459704
8057,7986.145797860488
8058,7986.145797860488
8059,8132.338581459704
8060,7986.145797860488
8061,7986.145797860488
8062,7986.145797860488
8063,7986.145797860488
8064,7986.145797860488
8065,7986.145797860488
8066,8132.338581459704
8067,7986.145797860488
8068,7986.145797860488
8069,7986.145797860488
8070,8132.338581459704
8071,7957.408633908155
8072,7910.005134659154
8073,8056.1979182583655
8074,7910.005134659154
8075,7910.005134659154
8076,8011.67378667168
8077,8157.866570270895
8078,8157.866570270895
8079,8157.866570270895
8080,8017.419303296724
8081,8163.612086895941
8082,8017.419303296724
8083,8163.612086895941
8084,8163.612086895941
8085,8163.612086895941
8086,8163.612086895941
8087,8023.10668224386
8088,8023.10668224386
8089,8169.299465843071
8090,8023.10668224386
8091,8023.10668224386
8092,8023.10668224386
8093,8023.10668224386
8094,8023.10668224386
8095,8038.1312897645485
8096,8184.324073363758
8097,8184.324073363758
8098,8038.1312897645485
8099,8027.781212738737
8100,8027.781212738737
8101,8173.973996337947
8102,8027.781212738737
8103,8027.781212738737
8104,8027.781212738737
8105,8173.973996337947
8106,8027.781212738737
8107,8027.781212738737
8108,8027.781212738737
8109,8027.781212738737
8110,8036.7117737480185
8111,8036.7117737480185
8112,8036.7117737480185
8113,8182.904557347219
8114,8182.904557347219
8115,8036.7117737480185
8116,8036.7117737480185
8117,8182.904557347219
8118,8036.7117737480185
8119,8182.904557347219
8120,8182.904557347219
8121,8036.7117737480185
8122,8182.904557347219
8123,8036.7117737480185
8124,8047.341563717837
8125,8193.534347317038
8126,8047.341563717837
8127,8047.341563717837
8128,8047.341563717837
8129,8047.341563717837
8130,8047.341563717837
8131,8167.561581586968
8132,8021.368797987754
8133,8167.561581586968
8134,8021.368797987754
8135,8021.368797987754
8136,8021.368797987754
8137,8021.368797987754
8138,8014.874133935167
8139,8014.874133935167
8140,8014.874133935167
8141,8014.874133935167
8142,8014.874133935167
8143,8014.874133935167
8144,8014.874133935167
8145,8161.066917534383
8146,8014.874133935167
8147,8161.066917534383
8148,8161.066917534383
8149,8161.066917534383
8150,8014.874133935167
8151,8014.874133935167
8152,8014.874133935167
8153,8014.759332581917
8154,8014.759332581917
8155,8014.759332581917
8156,8014.759332581917
8157,7972.101950921273
8158,7972.101950921273
8159,8118.294734520487
8160,7972.101950921273
8161,7972.101950921273
8162,8118.294734520487
8163,8118.294734520487
8164,7972.101950921273
8165,7972.101950921273
8166,7972.101950921273
8167,8086.726067793557
8168,7940.533284194343
8169,7940.533284194343
8170,7940.533284194343
8171,8110.884384024002
8172,8110.884384024002
8173,8110.884384024002
8174,7976.2861358958935
8175,8122.478919495106
8176,8122.478919495106
8177,7981.043436890753
8178,7981.043436890753
8179,7981.043436890753
8180,8127.2362204899655
8181,8127.2362204899655
8182,7981.043436890753
8183,7996.1583686852655
8184,7996.1583686852655
8185,7996.1583686852655
8186,7999.493584884797
8187,7999.493584884797
8188,8145.68636848401
8189,7999.493584884797
8190,7999.493584884797
8191,8145.68636848401
8192,8145.68636848401
8193,8145.68636848401
8194,8145.68636848401
8195,7999.493584884797
8196,7999.493584884797
8197,7936.09902177227
8198,7936.09902177227
8199,7936.09902177227
8200,8082.2918053714875
8201,8082.2918053714875
8202,8071.477807224279
8203,7925.2850236250615
8204,8071.477807224279
8205,8064.00596468443
8206,8064.00596468443
8207,8064.00596468443
8208,8064.00596468443
8209,8064.00596468443
8210,8064.00596468443
8211,8025.745390214675
8212,8171.938173813882
8213,8025.745390214675
8214,8025.745390214675
8215,8171.938173813882
8216,8025.745390214675
8217,8171.938173813882
8218,8025.745390214675
8219,8171.938173813882
8220,8171.938173813882
8221,8171.938173813882
8222,8159.035264758197
8223,8012.842481158983
8224,8012.842481158983
8225,8012.842481158983
8226,8190.765179615661
8227,8044.572396016469
8228,8044.572396016469
8229,8044.572396016469
8230,8190.765179615661
8231,8034.649618220721
8232,8034.649618220721
8233,8034.649618220721
8234,8034.649618220721
8235,8034.649618220721
8236,8034.649618220721
8237,8034.649618220721
8238,8180.842401819926
8239,8034.649618220721
8240,8034.649618220721
8241,8034.649618220721
8242,8034.649618220721
8243,8034.649618220721
8244,8180.842401819926
8245,8180.842401819926
8246,8034.649618220721
8247,8034.649618220721
8248,8180.842401819926
8249,8034.649618220721
8250,8180.842401819926
8251,8180.842401819926
8252,8177.207072560746
8253,8031.014288961538
8254,8177.207072560746
8255,8177.207072560746
8256,8031.014288961538
8257,8031.014288961538
8258,8177.207072560746
8259,8031.014288961538
8260,8031.014288961538
8261,8031.014288961538
8262,8031.014288961538
8263,8031.014288961538
8264,8031.014288961538
8265,8031.014288961538
8266,8177.207072560746
8267,8031.014288961538
8268,8031.148265359721
8269,8031.148265359721
8270,8031.148265359721
8271,8038.771197536842
8272,8184.9639811360485
8273,8038.771197536842
8274,8038.771197536842
8275,8184.9639811360485
8276,8038.771197536842
8277,8038.771197536842
8278,8038.771197536842
8279,8219.855528100245
8280,8073.662744501044
8281,8047.728360787396
8282,8047.728360787396
8283,8193.921144386592
8284,8047.728360787396
8285,8047.728360787396
8286,8047.728360787396
8287,8037.26913093851
8288,8183.461914537711
8289,8183.461914537711
8290,8037.26913093851
8291,8183.461914537711
8292,8034.4430048639315
8293,8034.4430048639315
8294,8180.635788463136
8295,8180.635788463136
8296,8034.4430048639315
8297,8034.4430048639315
8298,8034.4430048639315
8299,8034.4430048639315
8300,8180.635788463136
8301,8034.4430048639315
8302,8034.4430048639315
8303,8034.4430048639315
8304,8180.635788463136
8305,8034.4430048639315
8306,8180.635788463136
8307,8180.635788463136
8308,8034.4430048639315
8309,8034.4430048639315
8310,8046.760222153009
8311,8197.190435496621
8312,8050.997651897419
8313,8050.997651897419
8314,8050.997651897419
8315,8050.997651897419
8316,8050.997651897419
8317,8050.997651897419
8318,8197.190435496621
8319,8050.997651897419
8320,8050.997651897419
8321,8050.997651897419
8322,8050.997651897419
8323,8050.997651897419
8324,8197.190435496621
8325,8197.190435496621
8326,8197.190435496621
8327,8050.997651897419
8328,8050.997651897419
8329,8036.389657921749
8330,8036.389657921749
8331,8182.58244152095
8332,8182.58244152095
8333,8036.389657921749
8334,8036.389657921749
8335,8036.389657921749
8336,8182.58244152095
8337,8002.799719862837
8338,8002.799719862837
8339,8002.799719862837
8340,8148.992503462054
8341,8002.799719862837
8342,8002.799719862837
8343,8002.799719862837
8344,8002.799719862837
8345,8002.799719862837
8346,8071.406661060156
8347,8071.406661060156
8348,8071.406661060156
8349,8156.355140509784
8350,8010.162356910572
8351,8010.162356910572
8352,8010.162356910572
8353,7999.032177374515
8354,8145.224960973732
8355,7999.032177374515
8356,7999.032177374515
8357,8126.644677652077
8358,7980.451894052862
8359,8126.644677652077
8360,8126.644677652077
8361,7980.451894052862
8362,7980.451894052862
8363,8126.644677652077
8364,8126.644677652077
8365,7980.451894052862
8366,7980.451894052862
8367,7980.451894052862
8368,7980.451894052862
8369,8126.644677652077
8370,7980.451894052862
8371,7980.451894052862
8372,7985.516810141639
8373,7985.516810141639
8374,7985.516810141639
8375,7985.516810141639
8376,7985.516810141639
8377,7999.686663743785
8378,7999.686663743785
8379,8129.988969138778
8380,8129.988969138778
8381,7983.796185539563
8382,7983.796185539563
8383,7983.796185539563
8384,8129.988969138778
8385,7983.796185539563
8386,7983.796185539563
8387,8002.103254447716
8388,8002.103254447716
8389,8148.296038046932
8390,8019.519864550515
8391,8165.7126481497235
8392,8019.519864550515
8393,8165.7126481497235
8394,8019.519864550515
8395,8019.519864550515
8396,8165.7126481497235
8397,8019.519864550515
8398,8165.7126481497235
8399,8179.534783305582
8400,8179.534783305582
8401,8033.341999706382
8402,8033.341999706382
8403,8033.341999706382
8404,8033.341999706382
8405,8179.534783305582
8406,8033.341999706382
8407,8027.000324731764
8408,8027.000324731764
8409,8027.000324731764
8410,8173.193108330968
8411,8011.760260543641
8412,8011.760260543641
8413,8157.953044142856
8414,8157.953044142856
8415,8011.760260543641
8416,7982.801401422562
8417,8128.9941850217765
8418,7982.801401422562
8419,7982.801401422562
8420,8007.352155586208
8421,8007.352155586208
8422,8007.352155586208
8423,8007.352155586208
8424,8153.544939185424
8425,8007.352155586208
8426,8007.352155586208
8427,7988.847317779615
8428,7988.847317779615
8429,7988.847317779615
8430,7988.847317779615
8431,8135.0401013788305
8432,7988.847317779615
8433,7988.847317779615
8434,7970.092061083829
8435,7970.092061083829
8436,7970.092061083829
8437,8116.284844683045
8438,8116.284844683045
8439,8116.284844683045
8440,7970.092061083829
8441,8135.199978664054
8442,7989.007195064844
8443,7989.007195064844
8444,8020.854800286333
8445,8005.0245534741025
8446,8005.0245534741025
8447,8005.0245534741025
8448,8151.217337073318
8449,8005.0245534741025
8450,8005.0245534741025
8451,8005.0245534741025
8452,8143.680588618285
8453,7997.48780501907
8454,7997.48780501907
8455,8143.680588618285
8456,7997.48780501907
8457,8012.477025394907
8458,8158.6698089941165
8459,8012.477025394907
8460,8012.477025394907
8461,8008.665155819955
8462,8154.857939419167
8463,8008.665155819955
8464,7991.223829634589
8465,8137.416613233801
8466,7991.223829634589
8467,8008.376756433054
8468,8008.376756433054
8469,8008.376756433054
8470,8154.5695400322675
8471,8154.5695400322675
8472,8008.376756433054
8473,8154.5695400322675
8474,8008.376756433054
8475,8008.376756433054
8476,8008.376756433054
8477,8154.5695400322675
8478,8008.376756433054
8479,8008.376756433054
8480,8154.5695400322675
8481,8008.376756433054
8482,8008.376756433054
8483,8008.376756433054
8484,8008.376756433054
8485,8154.5695400322675
8486,8008.376756433054
8487,8008.376756433054
8488,7993.912860951459
8489,7993.912860951459
8490,7993.912860951459
8491,8140.105644550675
8492,8004.720475480188
8493,8004.720475480188
8494,8003.560435290619
8495,8003.560435290619
8496,8149.753218889835
8497,8003.560435290619
8498,8003.560435290619
8499,8149.753218889835
8500,8003.560435290619
8501,8149.753218889835
8502,8003.560435290619
8503,8003.560435290619
8504,8003.560435290619
8505,8149.753218889835
8506,8003.560435290619
8507,8149.753218889835
8508,8003.560435290619
8509,8003.560435290619
8510,7994.392023968071
8511,8140.584807567286
8512,7994.392023968071
8513,7991.107936533704
8514,7991.107936533704
8515,7991.107936533704
8516,8137.300720132918
8517,7991.107936533704
8518,7991.107936533704
8519,7991.487484686178
8520,8137.68026828539
8521,7991.487484686178
8522,8137.68026828539
8523,8137.68026828539
8524,7991.487484686178
8525,7911.77590185933
8526,7911.77590185933
8527,7911.77590185933
8528,7922.916550980175
8529,7942.484393425706
8530,8088.677177024918
8531,7942.484393425706
8532,8095.832173208843
8533,7949.6393896096315
8534,7949.6393896096315
8535,7949.6393896096315
8536,7949.6393896096315
8537,7949.6393896096315
8538,7949.6393896096315
8539,7963.546924663956
8540,8109.739708263167
8541,8064.631820375418
8542,7918.439036776205
8543,8010.069554817704
8544,8010.069554817704
8545,7956.37411723764
8546,7956.37411723764
8547,8152.38215130159
8548,7949.866126315835
8549,8145.874160379784
8550,7949.866126315835
8551,7961.186769691585
8552,8157.194803755536
8553,8157.194803755536
8554,7961.186769691585
8555,7974.972079375781
8556,7974.972079375781
8557,8020.4283358798075
8558,8020.4283358798075
8559,6751.431958570205
8560,6977.271484672252
8561,7439.2406189208705
8562,7449.601529974934
8563,7222.2641887081
8564,5650.814408350342
8565,5609.2962916431825
8566,5606.498932652942
8567,6600.692528364919
8568,5613.616639257302
8569,5570.6931295375125
8570,6279.346013352964
8571,5907.51880749875
8572,5812.531230989976
8573,5826.259199809705
8574,5410.955115205909
8575,6028.258614271495
8576,5682.033334597635
8577,5682.033334597635
8578,5634.910150476363
8579,5135.715681221149
8580,5076.424897680668
8581,5758.0588917822915
8582,6149.41996388707
8583,5726.484128964364
8584,5793.520364426491
8585,5793.520364426491
8586,5458.56740506649
8587,5458.56740506649
8588,5205.0248847725225
8589,5205.0248847725225
8590,5205.0248847725225
8591,5205.0248847725225
8592,5192.2310253011665
8593,5192.2310253011665
8594,5192.2310253011665
8595,5192.2310253011665
8596,5192.2310253011665
8597,4876.126490707669
8598,4876.126490707669
8599,4876.126490707669
8600,5480.9029031587515
8601,5480.9029031587515
8602,5480.9029031587515
8603,5480.9029031587515
8604,5480.9029031587515
8605,5811.6238365463605
8606,5811.6238365463605
8607,5811.6238365463605
8608,5864.427177697105
8609,5864.427177697105
8610,5864.427177697105
8611,5864.427177697105
8612,6140.6057083032
8613,6140.6057083032
8614,6140.6057083032
8615,6140.6057083032
8616,5621.861715527524
8617,5621.861715527524
8618,5621.861715527524
8619,5621.861715527524
8620,5683.688731166084
8621,5683.688731166084
8622,5683.688731166084
8623,5683.688731166084
8624,5683.688731166084
8625,6208.046563336134
8626,6208.046563336134
8627,6208.046563336134
8628,5674.115683483364
8629,5674.115683483364
8630,5754.245033168719
8631,5754.245033168719
8632,5754.245033168719
8633,5754.245033168719
8634,5754.245033168719
8635,5754.245033168719
8636,5754.245033168719
8637,5754.245033168719
8638,5761.318175290348
8639,5761.318175290348
8640,5761.318175290348
8641,5761.318175290348
8642,5761.318175290348
8643,5763.9408750213925
8644,5763.9408750213925
8645,5763.9408750213925
8646,5763.9408750213925
8647,5962.71327284698
8648,5962.71327284698
8649,5962.71327284698
8650,5962.71327284698
8651,5962.71327284698
8652,5619.113044838247
8653,5619.113044838247
8654,5673.32525805278
8655,5673.32525805278
8656,5673.32525805278
8657,5673.32525805278
8658,5673.32525805278
8659,5443.010967373947
8660,5443.010967373947
8661,5851.418759664568
8662,5851.418759664568
8663,5851.418759664568
8664,5744.526810495993
8665,5744.526810495993
8666,5744.526810495993
8667,5744.526810495993
8668,5820.022096843435
8669,5820.022096843435
8670,5820.022096843435
8671,5820.022096843435
8672,5834.858266959821
8673,5834.858266959821
8674,5834.858266959821
8675,5834.858266959821
8676,5415.01290719226
8677,5415.01290719226
8678,5415.01290719226
8679,5531.9095923110535
8680,5531.9095923110535
8681,5531.9095923110535
8682,5531.9095923110535
8683,5359.521018176886
8684,5359.521018176886
8685,5359.521018176886
8686,5319.971138607794
8687,5319.971138607794
8688,5319.971138607794
8689,5319.971138607794
8690,5392.737549508568
8691,5392.737549508568
8692,5392.737549508568
8693,5392.737549508568
8694,5392.737549508568
8695,5588.63781099483
8696,5588.63781099483
8697,5588.63781099483
8698,5588.63781099483
8699,5588.63781099483
8700,5588.63781099483
8701,5588.63781099483
8702,5588.63781099483
8703,5791.4610404863215
8704,5791.4610404863215
8705,5791.4610404863215
8706,5791.4610404863215
8707,5587.635356477608
8708,5587.635356477608
8709,5587.635356477608
8710,5587.635356477608
8711,5599.728433636014
8712,5599.728433636014
8713,5599.728433636014
8714,5599.728433636014
8715,5599.728433636014
8716,5599.728433636014
8717,5599.728433636014
8718,5599.728433636014
8719,5599.728433636014
8720,5599.728433636014
8721,5599.728433636014
8722,5602.388209436057
8723,5602.388209436057
8724,5602.388209436057
8725,5602.388209436057
8726,5602.388209436057
8727,5599.571519666527
8728,5599.571519666527
8729,5599.571519666527
8730,5599.571519666527
8731,5687.4137009988835
8732,5687.4137009988835
8733,5687.4137009988835
8734,5687.4137009988835
8735,5687.4137009988835
8736,5596.915615195457
8737,5596.915615195457
8738,5596.915615195457
8739,5614.080903687074
8740,5614.080903687074
8741,5614.080903687074
8742,5614.080903687074
8743,5597.763775707439
8744,5597.763775707439
8745,5597.763775707439
8746,5636.570470433923
8747,5636.570470433923
8748,5636.570470433923
8749,5636.570470433923
8750,5636.570470433923
8751,5636.570470433923
8752,5636.570470433923
8753,5636.570470433923
8754,5636.570470433923
8755,5602.210199762077
8756,5602.210199762077
8757,5602.210199762077
8758,5602.210199762077
8759,5602.210199762077
8760,5602.210199762077
8761,5602.210199762077
8762,5603.701997650923
8763,5603.701997650923
8764,5603.701997650923
8765,5603.701997650923
8766,5603.701997650923
8767,5603.701997650923
8768,5603.701997650923
8769,5603.701997650923
8770,5603.701997650923
8771,5603.701997650923
8772,5603.701997650923
8773,5600.348688092596
8774,5600.348688092596
8775,5600.348688092596
8776,5600.348688092596
8777,5600.348688092596
8778,5644.900307161262
8779,5644.900307161262
8780,5644.900307161262
8781,5644.900307161262
8782,5644.900307161262
8783,5618.88305270486
8784,5618.88305270486
8785,5618.88305270486
8786,5618.88305270486
8787,5629.243963758924
8788,5629.243963758924
8789,5839.573478698599
8790,5839.573478698599
8791,5839.573478698599
8792,5839.573478698599
8793,5535.876713661136
8794,5535.876713661136
8795,5538.417997433089
8796,5538.417997433089
8797,5538.417997433089
8798,5538.417997433089
8799,5746.829979779644
8800,5746.829979779644
8801,5746.829979779644
8802,5746.829979779644
8803,5935.132605647171
8804,5935.132605647171
8805,5935.132605647171
8806,5935.132605647171
8807,5455.160493807724
8808,5455.160493807724
8809,5455.160493807724
8810,5455.160493807724
8811,5455.160493807724
8812,5455.160493807724
8813,5509.969941008019
8814,5509.969941008019
8815,5509.969941008019
8816,5509.969941008019
8817,5509.969941008019
8818,5468.45182430086
8819,5468.45182430086
8820,5468.45182430086
8821,5468.45182430086
8822,5468.45182430086
8823,5468.45182430086
8824,5468.45182430086
8825,5468.45182430086
8826,5468.45182430086
8827,5468.45182430086
8828,5468.45182430086
8829,5468.45182430086
8830,5468.45182430086
8831,5468.45182430086
8832,5468.45182430086
8833,5468.45182430086
8834,5468.45182430086
8835,5468.45182430086
8836,5468.45182430086
8837,5468.45182430086
8838,5468.45182430086
8839,5465.654465310619
8840,5465.654465310619
8841,5465.654465310619
8842,5465.654465310619
8843,5536.103110782789
8844,5536.103110782789
8845,5536.103110782789
8846,5536.103110782789
8847,5581.116345204308
8848,5581.116345204308
8849,5581.116345204308
8850,5581.116345204308
8851,5581.116345204308
8852,5581.116345204308
8853,5581.116345204308
8854,5581.116345204308
8855,5581.116345204308
8856,5672.9393340888955
8857,5672.9393340888955
8858,5672.9393340888955
8859,5672.9393340888955
8860,5672.9393340888955
8861,5672.9393340888955
8862,5672.9393340888955
8863,5672.9393340888955
8864,5672.9393340888955
8865,5672.9393340888955
8866,5658.035274790002
8867,5658.035274790002
8868,5658.035274790002
8869,5746.290000572733
8870,5746.290000572733
8871,5746.290000572733
8872,5746.290000572733
8873,5746.290000572733
8874,5496.669788567743
8875,5496.669788567743
8876,5579.051470174626
8877,5579.051470174626
8878,5579.051470174626
8879,5588.378809943391
8880,5588.378809943391
8881,5588.378809943391
8882,5588.378809943391
8883,5588.378809943391
8884,5588.378809943391
8885,5588.378809943391
8886,5588.378809943391
8887,5588.378809943391
8888,5588.378809943391
8889,5588.378809943391
8890,5562.328093870884
8891,5562.328093870884
8892,5562.328093870884
8893,5578.94093241239
8894,5578.94093241239
8895,5578.94093241239
8896,5839.550141474407
8897,5839.550141474407
8898,5839.550141474407
8899,5839.550141474407
8900,5839.550141474407
8901,5968.978213343722
8902,5968.978213343722
8903,5968.978213343722
8904,5968.978213343722
8905,5968.978213343722
8906,5730.702176715709
8907,5730.702176715709
8908,5730.702176715709
8909,6209.695580786141
8910,6209.695580786141
8911,6209.695580786141
8912,5802.406226014709
8913,5802.406226014709
8914,5802.406226014709
8915,5802.406226014709
8916,5802.406226014709
8917,5754.309183175484
8918,5754.309183175484
8919,5754.309183175484
8920,5754.309183175484
8921,5754.309183175484
8922,6295.765258516388
8923,6295.765258516388
8924,6059.278409109003
8925,6059.278409109003
8926,6059.278409109003
8927,6275.539893618309
8928,6275.539893618309
8929,5914.510346714636
8930,5914.510346714636
8931,5914.510346714636
8932,5914.510346714636
8933,5813.079405629279
8934,5813.079405629279
8935,5813.079405629279
8936,6540.114825477939
8937,6540.114825477939
8938,6540.114825477939
8939,6540.114825477939
8940,5864.659401545858
8941,5864.659401545858
8942,5864.659401545858
8943,6258.947089619788
8944,6258.947089619788
8945,6258.947089619788
8946,6258.947089619788
8947,6024.444528038657
8948,6024.444528038657
8949,6024.444528038657
8950,6024.444528038657
8951,5837.610096189929
8952,5837.610096189929
8953,6103.359727374188
8954,6078.058497005549
8955,6078.058497005549
8956,6078.058497005549
8957,6078.058497005549
8958,6005.110299875138
8959,6005.110299875138
8960,6005.110299875138
8961,6005.110299875138
8962,5688.4758010589685
8963,5688.4758010589685
8964,5696.640114403147
8965,5696.640114403147
8966,5696.640114403147
8967,5696.640114403147
8968,5696.640114403147
8969,5682.945438555258
8970,5682.945438555258
8971,5682.945438555258
8972,5648.8962367352615
8973,5648.8962367352615
8974,5648.8962367352615
8975,5648.8962367352615
8976,5648.8962367352615
8977,5812.065829470798
8978,5812.065829470798
8979,5812.065829470798
8980,5812.065829470798
8981,5748.496315048948
8982,5748.496315048948
8983,5748.496315048948
8984,5748.496315048948
8985,5748.496315048948
8986,5748.496315048948
8987,5748.496315048948
8988,5748.496315048948
8989,5729.618343461312
8990,5729.618343461312
8991,5729.618343461312
8992,5611.22169617875
8993,5611.22169617875
8994,5611.22169617875
8995,5611.22169617875
8996,5611.22169617875
8997,5611.22169617875
8998,5611.22169617875
8999,5611.22169617875
9000,5611.22169617875
9001,5644.684975549547
9002,5644.684975549547
9003,5644.684975549547
9004,5644.684975549547
9005,5644.684975549547
9006,5621.557245108546
9007,5621.557245108546
9008,5621.557245108546
9009,5621.557245108546
9010,5621.557245108546
9011,5621.557245108546
9012,5621.557245108546
9013,6234.950144576442
9014,6234.950144576442
9015,6234.950144576442
9016,6234.950144576442
9017,5633.1959214816525
9018,5633.1959214816525
9019,5633.1959214816525
9020,5697.809395446133
9021,5697.809395446133
9022,5697.809395446133
9023,5697.809395446133
9024,5697.809395446133
9025,5697.809395446133
9026,5697.809395446133
9027,5881.655161446802
9028,5881.655161446802
9029,5881.655161446802
9030,5881.655161446802
9031,5881.655161446802
9032,5886.119811650508
9033,5886.119811650508
9034,5886.119811650508
9035,5670.5004661069515
9036,5670.5004661069515
9037,5670.5004661069515
9038,5670.5004661069515
9039,5670.999214018533
9040,5670.999214018533
9041,5670.999214018533
9042,5670.999214018533
9043,5670.999214018533
9044,5686.335711738491
9045,5686.335711738491
9046,5686.335711738491
9047,5686.335711738491
9048,5708.50907095215
9049,5888.573609728987
9050,5888.573609728987
9051,5888.573609728987
9052,5888.573609728987
9053,5637.984213722416
9054,5637.984213722416
9055,5637.984213722416
9056,5540.850376858765
9057,5540.850376858765
9058,5540.850376858765
9059,5545.607677853624
9060,5545.607677853624
9061,5545.607677853624
9062,5545.607677853624
9063,5545.607677853624
9064,5545.607677853624
9065,5538.816850929663
9066,5538.816850929663
9067,5538.816850929663
9068,5573.709926688281
9069,5573.709926688281
9070,5573.709926688281
9071,5605.377055723396
9072,5605.377055723396
9073,5605.377055723396
9074,5681.888991165624
9075,5681.888991165624
9076,5681.888991165624
9077,5681.888991165624
9078,5681.888991165624
9079,5681.888991165624
9080,5681.888991165624
9081,5681.888991165624
9082,5681.888991165624
9083,5681.888991165624
9084,5671.074993018416
9085,5671.074993018416
9086,5671.074993018416
9087,5679.241100729763
9088,5679.241100729763
9089,5679.241100729763
9090,5679.241100729763
9091,5679.241100729763
9092,5679.241100729763
9093,5679.241100729763
9094,5679.241100729763
9095,5679.241100729763
9096,5679.241100729763
9097,5679.241100729763
9098,5679.241100729763
9099,5679.241100729763
9100,5679.241100729763
9101,5679.241100729763
9102,5679.241100729763
9103,5679.241100729763
9104,5585.672043349715
9105,5585.672043349715
9106,5585.672043349715
9107,5585.672043349715
9108,5656.65369861266
9109,5656.65369861266
9110,5656.65369861266
9111,5656.65369861266
9112,5656.65369861266
9113,5627.685962204858
9114,5627.685962204858
9115,5627.685962204858
9116,5627.685962204858
9117,5627.685962204858
9118,5627.685962204858
9119,5627.685962204858
9120,5627.685962204858
9121,5627.685962204858
9122,5627.685962204858
9123,5627.685962204858
9124,5627.685962204858
9125,5627.685962204858
9126,5627.685962204858
9127,5627.685962204858
9128,5627.685962204858
9129,5627.685962204858
9130,5627.685962204858
9131,5620.556112480514
9132,5620.556112480514
9133,5620.556112480514
9134,5622.356520733859
9135,5622.356520733859
9136,5622.356520733859
9137,5622.356520733859
9138,5622.356520733859
9139,5622.356520733859
9140,5622.356520733859
9141,5622.356520733859
9142,5622.356520733859
9143,5622.356520733859
9144,5622.356520733859
9145,5622.356520733859
9146,5622.356520733859
9147,5622.356520733859
9148,5622.356520733859
9149,5622.356520733859
9150,5622.356520733859
9151,5622.356520733859
9152,5622.356520733859
9153,5620.814892223257
9154,5620.814892223257
9155,5620.814892223257
9156,5667.854455969149
9157,5667.854455969149
9158,5667.854455969149
9159,5667.854455969149
9160,5667.854455969149
9161,5605.833952572119
9162,5605.833952572119
9163,5605.833952572119
9164,5605.833952572119
9165,5605.833952572119
9166,5605.833952572119
9167,5605.833952572119
9168,5605.833952572119
9169,5590.118757171756
9170,5590.118757171756
9171,5590.118757171756
9172,5590.118757171756
9173,5590.118757171756
9174,5590.118757171756
9175,5590.118757171756
9176,5590.118757171756
9177,5590.118757171756
9178,5590.118757171756
9179,5590.118757171756
9180,5590.118757171756
9181,5590.118757171756
9182,5590.118757171756
9183,5590.118757171756
9184,5590.118757171756
9185,5590.118757171756
9186,5590.118757171756
9187,5590.118757171756
9188,5590.118757171756
9189,5590.118757171756
9190,5590.118757171756
9191,5590.118757171756
9192,5608.347182236461
9193,5608.347182236461
9194,5608.347182236461
9195,5608.347182236461
9196,5608.347182236461
9197,5608.347182236461
9198,5608.347182236461
9199,5608.347182236461
9200,5608.347182236461
9201,5608.347182236461
9202,5608.347182236461
9203,5608.347182236461
9204,5608.347182236461
9205,5608.347182236461
9206,5608.347182236461
9207,5608.347182236461
9208,5608.347182236461
9209,5608.347182236461
9210,5608.347182236461
9211,5598.879042073472
9212,5598.879042073472
9213,5598.879042073472
9214,5598.879042073472
9215,5598.879042073472
9216,5598.879042073472
9217,5598.879042073472
9218,5598.879042073472
9219,5604.745862196471
9220,5604.745862196471
9221,5604.745862196471
9222,5604.745862196471
9223,5604.745862196471
9224,5604.745862196471
9225,5561.721859725072
9226,5561.721859725072
9227,5561.721859725072
9228,5543.118035132196
9229,5543.118035132196
9230,5495.946976616707
9231,5726.543990300648
9232,5726.543990300648
9233,5726.543990300648
9234,5726.543990300648
9235,5692.18170295608
9236,5692.18170295608
9237,5692.18170295608
9238,5692.18170295608
9239,5687.520778632108
9240,5687.520778632108
9241,5687.520778632108
9242,5687.520778632108
9243,5687.520778632108
9244,5687.520778632108
9245,5687.520778632108
9246,5651.1162743371015
9247,5651.1162743371015
9248,5651.1162743371015
9249,5651.1162743371015
9250,5651.1162743371015
9251,5651.1162743371015
9252,5651.1162743371015
9253,5651.1162743371015
9254,5591.825490796621
9255,5591.825490796621
9256,5622.162506043863
9257,5622.162506043863
9258,5622.162506043863
9259,5616.292472073565
9260,5616.292472073565
9261,5616.292472073565
9262,5616.292472073565
9263,5616.292472073565
9264,5616.292472073565
9265,5616.292472073565
9266,5616.292472073565
9267,5616.292472073565
9268,5616.292472073565
9269,5620.680181984036
9270,5620.680181984036
9271,5620.680181984036
9272,5620.680181984036
9273,5620.680181984036
9274,5620.680181984036
9275,5620.680181984036
9276,5620.680181984036
9277,5620.680181984036
9278,5620.680181984036
9279,5620.680181984036
9280,5620.680181984036
9281,5637.8171416068335
9282,5637.8171416068335
9283,5637.8171416068335
9284,5637.8171416068335
9285,5637.8171416068335
9286,5624.2360130363995
9287,5624.2360130363995
9288,5624.2360130363995
9289,5682.1472000738895
9290,5682.1472000738895
9291,5682.1472000738895
9292,5682.1472000738895
9293,5557.9342575723
9294,5557.9342575723
9295,5557.9342575723
9296,5660.380409500531
9297,5660.380409500531
9298,5768.682055387264
9299,5768.682055387264
9300,5768.682055387264
9301,5768.682055387264
9302,5768.682055387264
9303,5768.682055387264
9304,5768.682055387264
9305,5768.682055387264
9306,5369.246996085335
9307,5369.246996085335
9308,5369.246996085335
9309,5659.590471935328
9310,5659.590471935328
9311,5659.590471935328
9312,5659.590471935328
9313,5659.590471935328
9314,5659.590471935328
9315,5659.590471935328
9316,5887.3788815599255
9317,5887.3788815599255
9318,5887.3788815599255
9319,5887.3788815599255
9320,5680.905479244563
9321,5680.905479244563
9322,5680.905479244563
9323,5685.598752527252
9324,5685.598752527252
9325,5685.598752527252
9326,5487.432114503021
9327,5508.253013409725
9328,5508.253013409725
9329,5508.253013409725
9330,5508.253013409725
9331,5508.253013409725
9332,5508.253013409725
9333,5508.253013409725
9334,5500.716264954693
9335,5500.716264954693
9336,5500.716264954693
9337,5500.716264954693
9338,5500.716264954693
9339,5510.412011333469
9340,5510.412011333469
9341,5657.031404562851
9342,5657.031404562851
9343,5688.23536221606
9344,5688.23536221606
9345,5688.23536221606
9346,5673.538876992956
9347,5673.538876992956
9348,5673.538876992956
9349,5537.809178579543
9350,5537.809178579543
9351,5560.09109087791
9352,5560.09109087791
9353,5666.8851254241745
9354,5666.8851254241745
9355,5831.46376761129
9356,5831.46376761129
9357,5831.46376761129
9358,5831.46376761129
9359,5831.46376761129
9360,5831.46376761129
9361,5831.46376761129
9362,5644.475281611539
9363,5644.475281611539
9364,5644.475281611539
9365,5644.475281611539
9366,5637.548555196643
9367,5637.548555196643
9368,5884.448644378864
9369,5884.448644378864
9370,5661.590866183525
9371,5661.590866183525
9372,5661.590866183525
9373,5661.590866183525
9374,5549.231125377825
9375,5549.231125377825
9376,5842.4223441479735
9377,5842.4223441479735
9378,5842.4223441479735
9379,5842.4223441479735
9380,5776.805781757965
9381,5776.805781757965
9382,5776.805781757965
9383,5598.547031411581
9384,5598.547031411581
9385,5598.547031411581
9386,5598.547031411581
9387,5598.547031411581
9388,5598.547031411581
9389,5571.09934973587
9390,5571.09934973587
9391,5571.09934973587
9392,5596.930950490381
9393,5596.930950490381
9394,5596.930950490381
9395,5596.930950490381
9396,5596.930950490381
9397,5596.930950490381
9398,5596.930950490381
9399,5596.930950490381
9400,5596.930950490381
9401,5596.930950490381
9402,5596.930950490381
9403,5596.930950490381
9404,5596.930950490381
9405,5625.007203182451
9406,5625.007203182451
9407,5295.08840342921
9408,5295.08840342921
9409,5295.08840342921
9410,5626.738149569385
9411,5440.9510188987515
9412,5440.9510188987515
9413,5440.9510188987515
9414,5469.246740514969
9415,5469.246740514969
9416,5469.246740514969
9417,5469.246740514969
9418,5469.246740514969
9419,5469.246740514969
9420,5469.246740514969
9421,5444.5479069445355
9422,5444.5479069445355
9423,5400.412670910485
9424,5400.412670910485
9425,5400.412670910485
9426,5400.412670910485
9427,5448.3240563009485
9428,5448.3240563009485
9429,5448.3240563009485
9430,5516.659009002139
9431,5516.659009002139
9432,5516.659009002139
9433,5413.1614768050085
9434,5413.1614768050085
9435,5413.1614768050085
9436,5413.1614768050085
9437,5481.617726019105
9438,5481.617726019105
9439,6283.931268589512
9440,6283.931268589512
9441,8714.243631730731
9442,8756.215446706643
9443,8828.18245912991
9444,8828.18245912991
9445,8828.18245912991
9446,8828.18245912991
9447,8823.500282650757
9448,8823.500282650757
9449,8781.528467674845
9450,8823.500282650757
9451,8823.500282650757
9452,8838.756843391411
9453,8880.728658367323
9454,8838.756843391411
9455,8919.31641922433
9456,8919.31641922433
9457,8919.31641922433
9458,8963.873234972543
9459,8963.873234972543
9460,8963.873234972543
9461,8963.873234972543
9462,8963.873234972543
9463,8830.712403611038
9464,8786.155587862824
9465,8830.712403611038
9466,8830.712403611038
9467,8669.557790417119
9468,8714.114606165333
9469,8714.114606165333
9470,8714.114606165333
9471,8774.379249441756
9472,8818.93606518997
9473,8818.93606518997
9474,8774.379249441756
9475,8711.702452277312
9476,8756.259268025526
9477,8756.259268025526
9478,8711.702452277312
9479,8711.702452277312
9480,8707.394811823617
9481,8707.394811823617
9482,8751.95162757183
9483,8844.571925230846
9484,8844.571925230846
9485,8792.695006751399
9486,8837.251822499613
9487,8837.251822499613
9488,8837.251822499613
9489,8792.695006751399
9490,8792.695006751399
9491,8837.251822499613
9492,8792.695006751399
9493,8843.083679103645
9494,8843.083679103645
9495,8798.526863355431
9496,8843.083679103645
9497,8843.083679103645
9498,8845.70637883469
9499,8801.149563086476
9500,8801.149563086476
9501,8801.149563086476
9502,8801.149563086476
9503,8801.149563086476
9504,8845.70637883469
9505,8845.70637883469
9506,8845.70637883469
9507,8806.110184229181
9508,8761.553368480967
9509,8828.078394055256
9510,8783.521578307042
9511,8828.078394055256
9512,8828.078394055256
9513,8828.078394055256
9514,8828.078394055256
9515,8783.521578307042
9516,8721.591001945297
9517,8771.452667546111
9518,8771.452667546111
9519,8721.591001945297
9520,8771.452667546111
9521,8721.591001945297
9522,8771.452667546111
9523,8771.452667546111
9524,8721.591001945297
9525,8771.452667546111
9526,8721.591001945297
9527,8727.758858507332
9528,8777.620524108146
9529,8777.620524108146
9530,8777.620524108146
9531,8849.25422266643
9532,8884.77532408539
9533,8884.77532408539
9534,8876.271555175776
9535,8840.750453756815
9536,8840.750453756815
9537,8840.750453756815
9538,8801.160775246844
9539,8846.132760120037
9540,8801.160775246844
9541,8801.160775246844
9542,8801.160775246844
9543,8801.160775246844
9544,8801.160775246844
9545,8801.160775246844
9546,8801.160775246844
9547,8846.132760120037
9548,8801.160775246844
9549,8801.160775246844
9550,8801.160775246844
9551,8846.132760120037
9552,8846.132760120037
9553,8801.160775246844
9554,8846.132760120037
9555,8846.132760120037
9556,8846.132760120037
9557,8801.160775246844
9558,8801.160775246844
9559,8846.132760120037
9560,8801.160775246844
9561,8801.160775246844
9562,8793.886324232431
9563,8838.858309105624
9564,8793.886324232431
9565,8793.886324232431
9566,8852.364770448019
9567,8897.336755321212
9568,8852.364770448019
9569,8897.336755321212
9570,8897.336755321212
9571,8897.336755321212
9572,8852.364770448019
9573,8852.364770448019
9574,8897.336755321212
9575,8897.336755321212
9576,8897.336755321212
9577,8826.505538422527
9578,8781.533553549334
9579,8781.533553549334
9580,8781.533553549334
9581,8826.505538422527
9582,8747.362692984214
9583,8792.334677857407
9584,8747.362692984214
9585,8747.362692984214
9586,8747.362692984214
9587,8747.362692984214
9588,8747.362692984214
9589,8747.362692984214
9590,8747.362692984214
9591,8792.334677857407
9592,8792.334677857407
9593,8747.362692984214
9594,8792.334677857407
9595,8792.334677857407
9596,8747.362692984214
9597,8747.362692984214
9598,8921.51433290524
9599,8921.51433290524
9600,8921.51433290524
9601,8830.91264302083
9602,8875.884627894024
9603,8875.884627894024
9604,8875.884627894024
9605,8830.91264302083
9606,8875.884627894024
9607,8875.884627894024
9608,8830.91264302083
9609,8875.884627894024
9610,8856.353461935776
9611,8856.353461935776
9612,8811.381477062583
9613,8811.381477062583
9614,8856.353461935776
9615,8856.353461935776
9616,8811.381477062583
9617,8857.845259824622
9618,8812.87327495143
9619,8812.87327495143
9620,8857.845259824622
9621,8812.87327495143
9622,8857.845259824622
9623,8857.845259824622
9624,8857.845259824622
9625,8812.87327495143
9626,8812.87327495143
9627,8857.845259824622
9628,8805.241786194141
9629,8850.213771067334
9630,8805.241786194141
9631,8850.213771067334
9632,8850.213771067334
9633,8859.63838459081
9634,8904.610369464002
9635,8904.610369464002
9636,8904.610369464002
9637,8859.63838459081
9638,8849.162417584092
9639,8849.162417584092
9640,8804.190432710899
9641,8804.190432710899
9642,8859.523328638155
9643,8814.551343764962
9644,8829.17005628539
9645,8874.142041158582
9646,8874.142041158582
9647,8874.142041158582
9648,8831.629950389146
9649,8876.601935262339
9650,8810.069914096086
9651,8810.069914096086
9652,8810.069914096086
9653,8855.041898969279
9654,8810.069914096086
9655,8810.069914096086
9656,8855.041898969279
9657,8810.069914096086
9658,8810.069914096086
9659,8810.069914096086
9660,8810.069914096086
9661,8810.069914096086
9662,8817.648739357
9663,8862.620724230193
9664,8817.648739357
9665,8817.648739357
9666,8817.648739357
9667,8817.648739357
9668,8801.113605838193
9669,8846.085590711386
9670,8801.113605838193
9671,8846.085590711386
9672,8801.113605838193
9673,8846.085590711386
9674,8846.085590711386
9675,8801.113605838193
9676,8801.113605838193
9677,8864.603990462485
9678,8864.603990462485
9679,8864.603990462485
9680,8819.632005589292
9681,8819.632005589292
9682,8864.603990462485
9683,8864.603990462485
9684,8864.603990462485
9685,8800.900836545989
9686,8845.872821419181
9687,8845.872821419181
9688,8800.900836545989
9689,8845.872821419181
9690,8800.900836545989
9691,8845.872821419181
9692,8845.872821419181
9693,8845.872821419181
9694,8842.729446806536
9695,8887.701431679729
9696,8887.701431679729
9697,8887.701431679729
9698,8842.729446806536
9699,8842.729446806536
9700,8842.729446806536
9701,8842.729446806536
9702,8874.604705324053
9703,8874.604705324053
9704,8829.63272045086
9705,8874.604705324053
9706,8874.604705324053
9707,8693.233861972667
9708,8738.20584684586
9709,8693.233861972667
9710,8693.233861972667
9711,8709.725266409447
9712,8754.69725128264
9713,8754.69725128264
9714,8709.725266409447
9715,8856.19501092298
9716,8856.19501092298
9717,8811.223026049787
9718,8856.19501092298
9719,8811.223026049787
9720,8811.223026049787
9721,8811.223026049787
9722,8811.223026049787
9723,8856.19501092298
9724,8910.230655281144
9725,8910.230655281144
9726,8955.202640154337
9727,8910.230655281144
9728,8955.202640154337
9729,8970.826424633888
9730,9015.79840950708
9731,9015.79840950708
9732,9015.79840950708
9733,9015.79840950708
9734,8980.153764402652
9735,8980.153764402652
9736,9025.125749275845
9737,9025.125749275845
9738,9025.125749275845
9739,9025.125749275845
9740,9025.125749275845
9741,9025.125749275845
9742,9025.125749275845
9743,8980.153764402652
9744,9025.125749275845
9745,9102.648961161181
9746,9102.648961161181
9747,8997.283926882106
9748,8820.800447352949
9749,8790.305969612624
9750,8820.800447352949
9751,8695.852424138084
9752,8695.852424138084
9753,8695.852424138084
9754,8695.852424138084
9755,8726.346901878409
9756,8695.852424138084
9757,8695.852424138084
9758,8695.852424138084
9759,8695.852424138084
9760,8695.852424138084
9761,8732.290626639806
9762,8732.290626639806
9763,8732.290626639806
9764,8597.168369641062
9765,8627.662847381387
9766,8627.662847381387
9767,8735.775722861723
9768,8735.775722861723
9769,8735.775722861723
9770,8705.281245121398
9771,8705.281245121398
9772,8682.73485125082
9773,8682.73485125082
9774,8713.229328991145
9775,8713.229328991145
9776,8713.229328991145
9777,8626.646913290815
9778,8657.14139103114
9779,8626.646913290815
9780,8657.14139103114
9781,8626.646913290815
9782,8488.068002451333
9783,8488.068002451333
9784,8709.438808644662
9785,8709.438808644662
9786,8678.944330904336
9787,8678.944330904336
9788,8678.944330904336
9789,8709.438808644662
9790,8709.438808644662
9791,8520.540287212605
9792,8551.03476495293
9793,8520.540287212605
9794,8520.540287212605
9795,8862.470210261448
9796,8831.975732521123
9797,8862.470210261448
9798,8671.428593943465
9799,8701.92307168379
9800,8701.92307168379
9801,8701.92307168379
9802,8751.62516483662
9803,8721.130687096294
9804,8751.62516483662
9805,8751.62516483662
9806,8751.62516483662
9807,8721.130687096294
9808,8760.353361856998
9809,8765.546609228682
9810,8735.052131488357
9811,8765.546609228682
9812,8765.546609228682
9813,8790.556634825714
9814,8760.06215708539
9815,8760.06215708539
9816,8760.06215708539
9817,8817.262196707847
9818,8786.767718967521
9819,8786.767718967521
9820,8786.767718967521
9821,8786.767718967521
9822,8786.767718967521
9823,8786.767718967521
9824,8824.772079019058
9825,8855.266556759383
9826,8824.772079019058
9827,8855.266556759383
9828,8855.266556759383
9829,8855.266556759383
9830,8824.772079019058
9831,8855.266556759383
9832,8841.930280609566
9833,8811.43580286924
9834,8811.43580286924
9835,8841.930280609566
9836,8859.94108725426
9837,8829.446609513934
9838,8829.446609513934
9839,8859.94108725426
9840,8859.94108725426
9841,8829.446609513934
9842,8829.446609513934
9843,8859.94108725426
9844,8883.52239094019
9845,8883.52239094019
9846,8883.52239094019
9847,8883.52239094019
9848,8883.52239094019
9849,8883.52239094019
9850,8843.863895045775
9851,8860.56661150851
9852,8900.225107402925
9853,8900.225107402925
9854,8860.56661150851
9855,8900.225107402925
9856,8860.56661150851
9857,8860.56661150851
9858,8900.225107402925
9859,8860.56661150851
9860,8860.56661150851
9861,8911.779824332993
9862,8872.121328438578
9863,8872.121328438578
9864,8911.779824332993
9865,8872.121328438578
9866,8911.779824332993
9867,8872.121328438578
9868,8772.808288720802
9869,8812.466784615217
9870,8772.808288720802
9871,8812.466784615217
9872,8845.207056066392
9873,8845.207056066392
9874,8845.207056066392
9875,8830.732318738574
9876,8830.732318738574
9877,8830.732318738574
9878,8830.732318738574
9879,8830.732318738574
9880,8791.073822844159
9881,8830.732318738574
9882,8791.073822844159
9883,8830.732318738574
9884,8791.073822844159
9885,8791.073822844159
9886,8791.073822844159
9887,8830.732318738574
9888,8830.732318738574
9889,8830.732318738574
9890,8804.304081222452
9891,8764.645585328037
9892,8764.645585328037
9893,8764.645585328037
9894,8785.96175231275
9895,8785.96175231275
9896,8746.303256418336
9897,8785.96175231275
9898,8746.303256418336
9899,8716.666686816909
9900,8716.666686816909
9901,8756.325182711324
9902,8756.325182711324
9903,8716.666686816909
9904,8710.75490360855
9905,8750.413399502964
9906,8710.75490360855
9907,8710.75490360855
9908,8761.83949477422
9909,8761.83949477422
9910,8761.83949477422
9911,8860.647545113363
9912,8820.989049218948
9913,8820.989049218948
9914,8780.263406457445
9915,8819.92190235186
9916,8780.263406457445
9917,8780.263406457445
9918,8780.263406457445
9919,8819.92190235186
9920,8839.75001765096
9921,8839.75001765096
9922,8839.75001765096
9923,8839.75001765096
9924,8806.060599113776
9925,8845.719095008191
9926,8806.060599113776
9927,8845.719095008191
9928,8845.719095008191
9929,8806.060599113776
9930,8806.060599113776
9931,8806.060599113776
9932,8806.060599113776
9933,8845.719095008191
9934,8845.719095008191
9935,8845.719095008191
9936,8845.719095008191
9937,8845.719095008191
9938,8806.060599113776
9939,8806.060599113776
9940,8795.246600966568
9941,8834.905096860983
9942,8795.246600966568
9943,8854.980768082618
9944,8854.980768082618
9945,8854.980768082618
9946,8815.322272188203
9947,8854.980768082618
9948,8854.980768082618
9949,8815.322272188203
9950,8815.322272188203
9951,8815.322272188203
9952,8854.980768082618
9953,8815.322272188203
9954,8815.322272188203
9955,8815.322272188203
9956,8854.980768082618
9957,8815.322272188203
9958,8815.322272188203
9959,8815.322272188203
9960,8802.41936313251
9961,8842.077859026924
9962,8842.077859026924
9963,8802.41936313251
9964,8828.713540477467
9965,8868.372036371882
9966,8868.372036371882
9967,8828.713540477467
9968,8828.713540477467
9969,8858.449258576136
9970,8858.449258576136
9971,8818.790762681721
9972,8858.449258576136
9973,8858.449258576136
9974,8858.449258576136
9975,8818.790762681721
9976,8818.790762681721
9977,8858.449258576136
9978,8858.449258576136
9979,8858.449258576136
9980,8818.790762681721
9981,8818.790762681721
9982,8818.790762681721
9983,8818.790762681721
9984,8858.449258576136
9985,8858.449258576136
9986,8818.790762681721
9987,8851.319408851792
9988,8811.660912957377
9989,8811.660912957377
9990,8800.096897506877
9991,8839.755393401292
9992,8800.096897506877
9993,8800.096897506877
9994,8839.755393401292
9995,8800.096897506877
9996,8800.096897506877
9997,8839.755393401292
9998,8839.755393401292
9999,8839.755393401292
10000,8800.096897506877
10001,8839.755393401292
10002,8839.755393401292
10003,8800.096897506877
10004,8800.096897506877
10005,8839.755393401292
10006,8839.755393401292
10007,8839.755393401292
10008,8839.755393401292
10009,8851.578188594534
10010,8811.91969270012
10011,8851.578188594534
10012,8869.29968046474
10013,8829.641184570324
10014,8829.641184570324
10015,8869.29968046474
10016,8869.29968046474
10017,8796.938753048982
10018,8796.938753048982
10019,8836.597248943397
10020,8796.938753048982
10021,8796.938753048982
10022,8836.597248943397
10023,8836.597248943397
10024,8836.597248943397
10025,8820.882053543035
10026,8781.22355764862
10027,8781.22355764862
10028,8820.882053543035
10029,8781.22355764862
10030,8820.882053543035
10031,8781.22355764862
10032,8781.22355764862
10033,8781.22355764862
10034,8820.882053543035
10035,8820.882053543035
10036,8820.882053543035
10037,8820.882053543035
10038,8781.22355764862
10039,8820.882053543035
10040,8781.22355764862
10041,8820.882053543035
10042,8781.22355764862
10043,8820.882053543035
10044,8781.22355764862
10045,8781.22355764862
10046,8781.22355764862
10047,8820.882053543035
10048,8839.11047860774
10049,8799.451982713324
10050,8799.451982713324
10051,8839.11047860774
10052,8839.11047860774
10053,8839.11047860774
10054,8839.11047860774
10055,8839.11047860774
10056,8799.451982713324
10057,8839.11047860774
10058,8799.451982713324
10059,8839.11047860774
10060,8839.11047860774
10061,8799.451982713324
10062,8799.451982713324
10063,8799.451982713324
10064,8799.451982713324
10065,8799.451982713324
10066,8839.11047860774
10067,8781.425143128083
10068,8821.083639022498
10069,8781.425143128083
10070,8781.425143128083
10071,8821.083639022498
10072,8781.425143128083
10073,8821.083639022498
10074,8781.425143128083
10075,8805.980975310633
10076,8805.980975310633
10077,8805.980975310633
10078,8766.322479416218
10079,8805.980975310633
10080,8766.322479416218
10081,8818.324291191266
10082,8778.66579529685
10083,8778.66579529685
10084,8818.324291191266
10085,8778.66579529685
10086,8771.153232675775
10087,9004.605099627997
10088,9044.263595522412
10089,9044.263595522412
10090,9044.263595522412
10091,8760.337122033588
10092,8720.678626139174
10093,8760.337122033588
10094,8760.337122033588
10095,8716.017701815203
10096,8716.017701815203
10097,8716.017701815203
10098,8716.017701815203
10099,8755.676197709618
10100,8716.017701815203
10101,8716.017701815203
10102,8716.017701815203
10103,8755.676197709618
10104,8716.017701815203
10105,8755.676197709618
10106,8755.676197709618
10107,8716.017701815203
10108,8755.676197709618
10109,8716.017701815203
10110,8735.599617675622
10111,8695.941121781207
10112,8697.029574222992
10113,8736.688070117407
10114,8736.688070117407
10115,8816.921108325572
10116,8856.579604219987
10117,8758.319057189266
10118,8758.319057189266
10119,8797.977553083681
10120,8797.977553083681
10121,8797.977553083681
10122,8758.319057189266
10123,8797.977553083681
10124,8797.977553083681
10125,8762.706767099737
10126,8802.365262994152
10127,8762.706767099737
10128,8827.398299304903
10129,8787.739803410488
10130,8827.398299304903
10131,8787.739803410488
10132,8827.398299304903
10133,8787.739803410488
10134,8787.739803410488
10135,8827.398299304903
10136,8787.739803410488
10137,8775.604583759523
10138,8775.604583759523
10139,8815.263079653938
10140,8775.604583759523
10141,8815.263079653938
10142,8808.305838425238
10143,8808.305838425238
10144,8847.964334319653
10145,8808.380006499672
10146,8768.721510605257
10147,8808.380006499672
10148,8768.721510605257
10149,8808.380006499672
10150,8808.380006499672
10151,8768.721510605257
10152,8768.721510605257
10153,8808.380006499672
10154,8779.421147378594
10155,8739.76265148418
10156,8779.421147378594
10157,8779.421147378594
10158,8789.181189491706
10159,8789.181189491706
10160,8789.181189491706
10161,8789.181189491706
10162,8749.522693597291
10163,8789.181189491706
10164,8789.181189491706
10165,8789.181189491706
10166,8749.522693597291
10167,8789.181189491706
10168,8789.181189491706
10169,8749.522693597291
10170,8749.522693597291
10171,8789.181189491706
10172,8698.216780211851
10173,8698.216780211851
10174,8658.558284317436
10175,8658.558284317436
10176,8658.558284317436
10177,8658.558284317436
10178,8698.216780211851
10179,8721.569785354599
10180,8761.228281249014
10181,8761.228281249014
10182,8929.436680970866
10183,8875.317664169594
10184,8914.976160064009
10185,8914.976160064009
10186,8847.781816349123
10187,8847.781816349123
10188,8887.440312243538
10189,8887.440312243538
10190,8823.507176346197
10191,8823.507176346197
10192,8863.165672240611
10193,8823.507176346197
10194,8863.165672240611
10195,8872.861418619386
10196,8833.202922724971
10197,8877.587288758867
10198,8877.587288758867
10199,8848.949990645291
10200,8809.291494750876
10201,8848.949990645291
10202,8856.7412655561
10203,8817.082769661685
10204,8856.7412655561
10205,8848.370851793497
10206,8848.370851793497
10207,8808.712355899082
10208,8808.712355899082
10209,8808.712355899082
10210,8848.370851793497
10211,8779.169056909845
10212,8818.82755280426
10213,8818.82755280426
10214,8818.82755280426
10215,8779.169056909845
10216,8818.82755280426
10217,8818.82755280426
10218,8779.169056909845
10219,8818.82755280426
10220,8818.82755280426
10221,8779.169056909845
10222,8818.82755280426
10223,8779.169056909845
10224,8745.90656208326
10225,8785.565057977676
10226,8926.362944166114
10227,8886.7044482717
10228,8926.362944166114
10229,8886.7044482717
10230,8926.362944166114
10231,8926.362944166114
10232,8759.45626610144
10233,8759.45626610144
10234,8719.797770207026
10235,8759.45626610144
10236,8838.159236452453
10237,8798.500740558038
10238,8838.159236452453
10239,8798.500740558038
10240,8838.159236452453
10241,8838.159236452453
10242,8838.159236452453
10243,8798.500740558038
10244,8798.500740558038
10245,8790.679636260102
10246,8830.338132154517
10247,8830.338132154517
10248,8789.66489027283
10249,8750.006394378415
10250,8789.66489027283
10251,8789.66489027283
10252,8789.66489027283
10253,8789.66489027283
10254,8750.006394378415
10255,8750.006394378415
10256,8789.66489027283
10257,8789.66489027283
10258,8750.006394378415
10259,8789.66489027283
10260,8750.006394378415
10261,8750.006394378415
10262,8789.66489027283
10263,8766.676613249974
10264,8766.676613249974
10265,8766.676613249974
10266,8830.839678294444
10267,8918.337185540806
10268,8878.678689646391
10269,8878.678689646391
10270,8752.302955500085
10271,8752.302955500085
10272,8752.302955500085
10273,8752.302955500085
10274,8791.9614513945
10275,8791.9614513945
10276,8791.9614513945
10277,8791.9614513945
10278,8752.302955500085
10279,8639.343750021202
10280,8679.002245915619
10281,8639.343750021202
10282,8679.002245915619
10283,8873.99305472169
10284,8873.99305472169
10285,8834.334558827275
10286,8834.334558827275
10287,8834.334558827275
10288,8873.99305472169
10289,8881.630381419269
10290,8841.971885524854
10291,8841.971885524854
10292,8881.630381419269
10293,9046.799308409429
10294,9046.799308409429
10295,8683.560955953952
10296,8671.052516458134
10297,8448.327599226091
10298,8528.378082809913
10299,8569.8265832993
10300,8569.8265832993
10301,8569.8265832993
10302,8569.8265832993
10303,8565.144406820147
10304,8565.144406820147
10305,8485.09392323633
10306,8565.144406820147
10307,8565.144406820147
10308,8542.3222989529
10309,8622.372782536711
10310,8542.3222989529
10311,8631.417759152928
10312,8631.417759152928
10313,8631.417759152928
10314,8714.053243509046
10315,8714.053243509046
10316,8714.053243509046
10317,8714.053243509046
10318,8714.053243509046
10319,8580.892412147536
10320,8498.25692779142
10321,8580.892412147536
10322,8580.892412147536
10323,8415.59101859761
10324,8498.226502953717
10325,8498.226502953717
10326,8498.226502953717
10327,8486.480589370352
10328,8569.116073726467
10329,8569.116073726467
10330,8486.480589370352
10331,8423.803792205921
10332,8506.43927656203
10333,8506.43927656203
10334,8423.803792205921
10335,8423.803792205921
10336,8419.496151752222
10337,8419.496151752222
10338,8502.131636108335
10339,8556.673265159441
10340,8556.673265159441
10341,8504.796346679994
10342,8587.43183103611
10343,8587.43183103611
10344,8587.43183103611
10345,8504.796346679994
10346,8504.796346679994
10347,8587.43183103611
10348,8504.796346679994
10349,8593.263687640143
10350,8593.263687640143
10351,8510.628203284026
10352,8593.263687640143
10353,8593.263687640143
10354,8593.263687640143
10355,8510.628203284026
10356,8510.628203284026
10357,8510.628203284026
10358,8510.628203284026
10359,8510.628203284026
10360,8593.263687640143
10361,8593.263687640143
10362,8593.263687640143
10363,8584.755940739089
10364,8502.120456382976
10365,8584.755940739089
10366,8502.120456382976
10367,8584.755940739089
10368,8584.755940739089
10369,8584.755940739089
10370,8584.755940739089
10371,8502.120456382976
10372,8430.654492237853
10373,8518.594826446566
10374,8518.594826446566
10375,8430.654492237853
10376,8518.594826446566
10377,8430.654492237853
10378,8518.594826446566
10379,8518.594826446566
10380,8430.654492237853
10381,8518.594826446566
10382,8430.654492237853
10383,8436.822348799888
10384,8524.762683008601
10385,8524.762683008601
10386,8524.762683008601
10387,8567.27140511389
10388,8640.871175140748
10389,8640.871175140748
10390,8632.367406231133
10391,8558.767636204275
10392,8558.767636204275
10393,8558.767636204275
10394,8519.177957694304
10395,8602.228611175395
10396,8519.177957694304
10397,8519.177957694304
10398,8519.177957694304
10399,8519.177957694304
10400,8519.177957694304
10401,8519.177957694304
10402,8519.177957694304
10403,8602.228611175395
10404,8519.177957694304
10405,8519.177957694304
10406,8519.177957694304
10407,8602.228611175395
10408,8602.228611175395
10409,8519.177957694304
10410,8602.228611175395
10411,8602.228611175395
10412,8602.228611175395
10413,8519.177957694304
10414,8519.177957694304
10415,8602.228611175395
10416,8519.177957694304
10417,8519.177957694304
10418,8511.903506679892
10419,8594.954160160982
10420,8511.903506679892
10421,8511.903506679892
10422,8575.921418651064
10423,8658.972072132156
10424,8575.921418651064
10425,8658.972072132156
10426,8658.972072132156
10427,8658.972072132156
10428,8575.921418651064
10429,8575.921418651064
10430,8658.972072132156
10431,8658.972072132156
10432,8658.972072132156
10433,8588.14085523347
10434,8505.090201752379
10435,8505.090201752379
10436,8505.090201752379
10437,8588.14085523347
10438,8458.303132748659
10439,8541.35378622975
10440,8458.303132748659
10441,8458.303132748659
10442,8458.303132748659
10443,8458.303132748659
10444,8458.303132748659
10445,8458.303132748659
10446,8458.303132748659
10447,8541.35378622975
10448,8541.35378622975
10449,8458.303132748659
10450,8541.35378622975
10451,8541.35378622975
10452,8458.303132748659
10453,8458.303132748659
10454,8670.533441277585
10455,8670.533441277585
10456,8670.533441277585
10457,8521.221682849007
10458,8604.2723363301
10459,8604.2723363301
10460,8604.2723363301
10461,8521.221682849007
10462,8604.2723363301
10463,8604.2723363301
10464,8521.221682849007
10465,8604.2723363301
10466,8605.37257030812
10467,8605.37257030812
10468,8522.321916827028
10469,8522.321916827028
10470,8605.37257030812
10471,8605.37257030812
10472,8522.321916827028
10473,8606.864368196966
10474,8523.813714715874
10475,8523.813714715874
10476,8606.864368196966
10477,8523.813714715874
10478,8606.864368196966
10479,8606.864368196966
10480,8606.864368196966
10481,8523.813714715874
10482,8523.813714715874
10483,8606.864368196966
10484,8516.182225958586
10485,8599.232879439678
10486,8516.182225958586
10487,8599.232879439678
10488,8599.232879439678
10489,8588.269384562092
10490,8671.320038043184
10491,8671.320038043184
10492,8671.320038043184
10493,8588.269384562092
10494,8603.941335204703
10495,8603.941335204703
10496,8520.890681723611
10497,8520.890681723611
10498,8611.953138219522
10499,8528.90248473843
10500,8543.521197258857
10501,8626.571850739949
10502,8626.571850739949
10503,8626.571850739949
10504,8562.119051388248
10505,8645.16970486934
10506,8526.787402832102
10507,8526.787402832102
10508,8526.787402832102
10509,8609.838056313194
10510,8526.787402832102
10511,8526.787402832102
10512,8609.838056313194
10513,8526.787402832102
10514,8526.787402832102
10515,8526.787402832102
10516,8526.787402832102
10517,8526.787402832102
10518,8534.366228093017
10519,8617.416881574109
10520,8534.366228093017
10521,8534.366228093017
10522,8534.366228093017
10523,8534.366228093017
10524,8517.831094574209
10525,8600.8817480553
10526,8517.831094574209
10527,8600.8817480553
10528,8517.831094574209
10529,8600.8817480553
10530,8600.8817480553
10531,8517.831094574209
10532,8517.831094574209
10533,8619.4001478064
10534,8619.4001478064
10535,8619.4001478064
10536,8536.349494325308
10537,8536.349494325308
10538,8619.4001478064
10539,8619.4001478064
10540,8619.4001478064
10541,8517.618325282005
10542,8600.668978763097
10543,8600.668978763097
10544,8517.618325282005
10545,8600.668978763097
10546,8517.618325282005
10547,8600.668978763097
10548,8600.668978763097
10549,8600.668978763097
10550,8559.446935542548
10551,8642.497589023646
10552,8642.497589023646
10553,8642.497589023646
10554,8559.446935542548
10555,8559.446935542548
10556,8559.446935542548
10557,8559.446935542548
10558,8629.40086266797
10559,8629.40086266797
10560,8546.350209186872
10561,8629.40086266797
10562,8629.40086266797
10563,8409.951350708687
10564,8493.002004189784
10565,8409.951350708687
10566,8409.951350708687
10567,8409.951350708687
10568,8493.002004189784
10569,8493.002004189784
10570,8409.951350708687
10571,8594.499763830117
10572,8594.499763830117
10573,8511.44911034902
10574,8594.499763830117
10575,8511.44911034902
10576,8511.44911034902
10577,8511.44911034902
10578,8511.44911034902
10579,8594.499763830117
10580,8587.37737409544
10581,8587.37737409544
10582,8670.428027576536
10583,8587.37737409544
10584,8670.428027576536
10585,8647.973143448184
10586,8731.02379692928
10587,8731.02379692928
10588,8731.02379692928
10589,8731.02379692928
10590,8657.300483216948
10591,8657.300483216948
10592,8740.351136698044
10593,8740.351136698044
10594,8740.351136698044
10595,8740.351136698044
10596,8740.351136698044
10597,8740.351136698044
10598,8740.351136698044
10599,8657.300483216948
10600,8740.351136698044
10601,8817.874348583382
10602,8817.874348583382
10603,8674.430645696402
10604,8571.399953507529
10605,8502.826807159296
10606,8571.399953507529
10607,8408.373261684757
10608,8408.373261684757
10609,8408.373261684757
10610,8408.373261684757
10611,8476.94640803299
10612,8408.373261684757
10613,8408.373261684757
10614,8408.373261684757
10615,8408.373261684757
10616,8408.373261684757
10617,8482.890132794388
10618,8482.890132794388
10619,8482.890132794388
10620,8275.132773008057
10621,8343.705919356298
10622,8343.705919356298
10623,8486.375229016305
10624,8486.375229016305
10625,8486.375229016305
10626,8417.802082668075
10627,8417.802082668075
10628,8395.255688797497
10629,8395.255688797497
10630,8463.828835145727
10631,8463.828835145727
10632,8463.828835145727
10633,8329.57457407473
10634,8398.147720422972
10635,8329.57457407473
10636,8398.147720422972
10637,8329.57457407473
10638,8229.074331843163
10639,8229.074331843163
10640,8480.060542656207
10641,8480.060542656207
10642,8411.487396307977
10643,8411.487396307977
10644,8411.487396307977
10645,8480.060542656207
10646,8480.060542656207
10647,8253.083352616239
10648,8321.65649896448
10649,8253.083352616239
10650,8253.083352616239
10651,8651.551868978011
10652,8582.97872262978
10653,8651.551868978011
10654,8422.43158405213
10655,8491.00473040036
10656,8491.00473040036
10657,8491.00473040036
10658,8535.117077228397
10659,8466.543930880167
10660,8535.117077228397
10661,8535.117077228397
10662,8535.117077228397
10663,8466.543930880167
10664,8450.203857835397
10665,8493.475773814993
10666,8424.902627466758
10667,8493.475773814993
10668,8493.475773814993
10669,8551.62591241498
10670,8483.05276606675
10671,8483.05276606675
10672,8483.05276606675
10673,8557.371429040028
10674,8488.798282691794
10675,8488.798282691794
10676,8488.798282691794
10677,8488.798282691794
10678,8488.798282691794
10679,8488.798282691794
10680,8494.485661638932
10681,8563.058807987163
10682,8494.485661638932
10683,8563.058807987163
10684,8563.058807987163
10685,8563.058807987163
10686,8494.485661638932
10687,8563.058807987163
10688,8549.722531837346
10689,8481.149385489114
10690,8481.149385489114
10691,8549.722531837346
10692,8567.73333848204
10693,8499.160192133808
10694,8499.160192133808
10695,8567.73333848204
10696,8567.73333848204
10697,8499.160192133808
10698,8499.160192133808
10699,8567.73333848204
10700,8591.314642167968
10701,8591.314642167968
10702,8591.314642167968
10703,8591.314642167968
10704,8591.314642167968
10705,8591.314642167968
10706,8513.577477665649
10707,8530.280194128383
10708,8608.017358630703
10709,8608.017358630703
10710,8530.280194128383
10711,8608.017358630703
10712,8530.280194128383
10713,8530.280194128383
10714,8608.017358630703
10715,8530.280194128383
10716,8530.280194128383
10717,8619.57207556077
10718,8541.834911058451
10719,8541.834911058451
10720,8619.57207556077
10721,8541.834911058451
10722,8619.57207556077
10723,8541.834911058451
10724,8463.481916597764
10725,8541.219081100084
10726,8463.481916597764
10727,8541.219081100084
10728,8573.95935255126
10729,8573.95935255126
10730,8573.95935255126
10731,8567.464688498672
10732,8567.464688498672
10733,8567.464688498672
10734,8567.464688498672
10735,8567.464688498672
10736,8489.727523996353
10737,8567.464688498672
10738,8489.727523996353
10739,8567.464688498672
10740,8489.727523996353
10741,8489.727523996353
10742,8489.727523996353
10743,8567.464688498672
10744,8567.464688498672
10745,8567.464688498672
10746,8575.947513087038
10747,8498.210348584718
10748,8498.210348584718
10749,8498.210348584718
10750,8557.60518417734
10751,8557.60518417734
10752,8479.86801967502
10753,8557.60518417734
10754,8479.86801967502
10755,8522.365817117883
10756,8522.365817117883
10757,8600.102981620204
10758,8600.102981620204
10759,8522.365817117883
10760,8402.451719397282
10761,8480.188883899606
10762,8402.451719397282
10763,8402.451719397282
10764,8466.334434723993
10765,8466.334434723993
10766,8466.334434723993
10767,8597.613519143222
10768,8519.8763546409
10769,8519.8763546409
10770,8479.150711879398
10771,8556.88787638172
10772,8479.150711879398
10773,8479.150711879398
10774,8479.150711879398
10775,8556.88787638172
10776,8576.715991680818
10777,8576.715991680818
10778,8576.715991680818
10779,8576.715991680818
10780,8504.947904535728
10781,8582.685069038049
10782,8504.947904535728
10783,8582.685069038049
10784,8582.685069038049
10785,8504.947904535728
10786,8504.947904535728
10787,8504.947904535728
10788,8504.947904535728
10789,8582.685069038049
10790,8582.685069038049
10791,8582.685069038049
10792,8582.685069038049
10793,8582.685069038049
10794,8504.947904535728
10795,8504.947904535728
10796,8494.13390638852
10797,8571.871070890844
10798,8494.13390638852
10799,8591.946742112472
10800,8591.946742112472
10801,8591.946742112472
10802,8514.20957761015
10803,8591.946742112472
10804,8591.946742112472
10805,8514.20957761015
10806,8514.20957761015
10807,8514.20957761015
10808,8591.946742112472
10809,8514.20957761015
10810,8514.20957761015
10811,8514.20957761015
10812,8591.946742112472
10813,8514.20957761015
10814,8514.20957761015
10815,8514.20957761015
10816,8501.306668554458
10817,8579.04383305678
10818,8579.04383305678
10819,8501.306668554458
10820,8527.600845899415
10821,8605.338010401736
10822,8605.338010401736
10823,8527.600845899415
10824,8527.600845899415
10825,8595.41523260599
10826,8595.41523260599
10827,8517.678068103669
10828,8595.41523260599
10829,8595.41523260599
10830,8595.41523260599
10831,8517.678068103669
10832,8517.678068103669
10833,8595.41523260599
10834,8595.41523260599
10835,8595.41523260599
10836,8517.678068103669
10837,8517.678068103669
10838,8517.678068103669
10839,8517.678068103669
10840,8595.41523260599
10841,8595.41523260599
10842,8517.678068103669
10843,8595.41523260599
10844,8517.678068103669
10845,8517.678068103669
10846,8506.11405265317
10847,8583.85121715549
10848,8506.11405265317
10849,8506.11405265317
10850,8583.85121715549
10851,8501.8720534006
10852,8501.8720534006
10853,8583.85121715549
10854,8583.85121715549
10855,8583.85121715549
10856,8501.8720534006
10857,8583.85121715549
10858,8583.85121715549
10859,8501.8720534006
10860,8501.8720534006
10861,8583.85121715549
10862,8583.85121715549
10863,8583.85121715549
10864,8583.85121715549
10865,8595.674012348733
10866,8513.694848593841
10867,8595.674012348733
10868,8595.674012348733
10869,8513.694848593841
10870,8513.694848593841
10871,8595.674012348733
10872,8595.674012348733
10873,8513.694848593841
10874,8513.694848593841
10875,8595.674012348733
10876,8513.694848593841
10877,8513.694848593841
10878,8595.674012348733
10879,8595.674012348733
10880,8595.674012348733
10881,8591.231388331564
10882,8509.252224576672
10883,8509.252224576672
10884,8591.231388331564
10885,8509.252224576672
10886,8591.231388331564
10887,8509.252224576672
10888,8509.252224576672
10889,8509.252224576672
10890,8591.231388331564
10891,8591.231388331564
10892,8591.231388331564
10893,8591.231388331564
10894,8509.252224576672
10895,8591.231388331564
10896,8509.252224576672
10897,8591.231388331564
10898,8509.252224576672
10899,8591.231388331564
10900,8509.252224576672
10901,8509.252224576672
10902,8509.252224576672
10903,8591.231388331564
10904,8598.187242013075
10905,8520.445508002595
10906,8520.445508002595
10907,8602.424671757486
10908,8602.424671757486
10909,8602.424671757486
10910,8602.424671757486
10911,8602.424671757486
10912,8520.445508002595
10913,8602.424671757486
10914,8520.445508002595
10915,8602.424671757486
10916,8602.424671757486
10917,8520.445508002595
10918,8520.445508002595
10919,8520.445508002595
10920,8520.445508002595
10921,8520.445508002595
10922,8602.424671757486
10923,8502.418668417356
10924,8584.397832172248
10925,8502.418668417356
10926,8502.418668417356
10927,8584.397832172248
10928,8502.418668417356
10929,8584.397832172248
10930,8502.418668417356
10931,8569.295168460383
10932,8569.295168460383
10933,8569.295168460383
10934,8487.31600470549
10935,8569.295168460383
10936,8487.31600470549
10937,8581.638484341016
10938,8499.659320586123
10939,8499.659320586123
10940,8581.638484341016
10941,8499.659320586123
10942,8581.638484341016
10943,8499.659320586123
10944,8581.638484341016
10945,8581.638484341016
10946,8581.638484341016
10947,8511.838350119942
10948,8429.85918636505
10949,8511.838350119942
10950,8511.838350119942
10951,8425.198262041078
10952,8425.198262041078
10953,8425.198262041078
10954,8425.198262041078
10955,8507.17742579597
10956,8425.198262041078
10957,8425.198262041078
10958,8425.198262041078
10959,8507.17742579597
10960,8425.198262041078
10961,8507.17742579597
10962,8507.17742579597
10963,8425.198262041078
10964,8507.17742579597
10965,8425.198262041078
10966,8507.17742579597
10967,8425.198262041078
10968,8395.949699235622
10969,8477.928862990513
10970,8477.928862990513
10971,8530.011086940343
10972,8611.990250695239
10973,8455.518557599826
10974,8455.518557599826
10975,8537.497721354712
10976,8537.497721354712
10977,8537.497721354712
10978,8455.518557599826
10979,8537.497721354712
10980,8537.497721354712
10981,8459.906267510298
10982,8541.885431265182
10983,8459.906267510298
10984,8584.335077678725
10985,8502.355913923839
10986,8584.335077678725
10987,8502.355913923839
10988,8584.335077678725
10989,8502.355913923839
10990,8502.355913923839
10991,8584.335077678725
10992,8502.355913923839
10993,8490.220694272883
10994,8490.220694272883
10995,8572.199858027767
10996,8490.220694272883
10997,8572.199858027767
10998,8499.513419822568
10999,8499.513419822568
11000,8581.492583577452
11001,8565.316784873501
11002,8483.337621118617
11003,8565.316784873501
11004,8483.337621118617
11005,8546.029027676324
11006,8546.029027676324
11007,8464.04986392144
11008,8464.04986392144
11009,8546.029027676324
11010,8517.070168555247
11011,8435.091004800362
11012,8517.070168555247
11013,8517.070168555247
11014,8541.620922718892
11015,8541.620922718892
11016,8541.620922718892
11017,8541.620922718892
11018,8459.641758964008
11019,8541.620922718892
11020,8541.620922718892
11021,8533.846958276288
11022,8451.867794521404
11023,8533.846958276288
11024,8533.846958276288
11025,8451.867794521404
11026,8451.867794521404
11027,8533.846958276288
11028,8448.472295321226
11029,8448.472295321226
11030,8366.493131566325
11031,8366.493131566325
11032,8366.493131566325
11033,8366.493131566325
11034,8448.472295321226
11035,8429.504632603494
11036,8511.48379635839
11037,8511.48379635839
11038,8699.668939944666
11039,8587.39900847069
11040,8669.378172225579
11041,8669.378172225579
11042,8559.863160650219
11043,8559.863160650219
11044,8641.842324405108
11045,8641.842324405108
11046,8535.588520647292
11047,8535.588520647292
11048,8617.567684402182
11049,8535.588520647292
11050,8617.567684402182
11051,8627.263430780957
11052,8545.284267026067
11053,8627.263430780957
11054,8627.263430780957
11055,8598.626132667388
11056,8516.646968912493
11057,8598.626132667388
11058,8581.184806482022
11059,8499.205642727127
11060,8581.184806482022
11061,8598.046993815595
11062,8598.046993815595
11063,8516.0678300607
11064,8516.0678300607
11065,8516.0678300607
11066,8598.046993815595
11067,8486.524531071462
11068,8568.503694826357
11069,8568.503694826357
11070,8568.503694826357
11071,8486.524531071462
11072,8568.503694826357
11073,8568.503694826357
11074,8486.524531071462
11075,8568.503694826357
11076,8568.503694826357
11077,8486.524531071462
11078,8568.503694826357
11079,8486.524531071462
11080,8486.524531071462
11081,8568.503694826357
11082,8582.351520216906
11083,8500.37235646201
11084,8582.351520216906
11085,8500.37235646201
11086,8582.351520216906
11087,8582.351520216906
11088,8537.575320411188
11089,8537.575320411188
11090,8455.596156656293
11091,8537.575320411188
11092,8588.154489987828
11093,8506.175326232933
11094,8588.154489987828
11095,8506.175326232933
11096,8588.154489987828
11097,8588.154489987828
11098,8588.154489987828
11099,8506.175326232933
11100,8506.175326232933
11101,8506.175326232933
11102,8588.154489987828
11103,8588.154489987828
11104,8547.481248106144
11105,8465.502084351252
11106,8547.481248106144
11107,8547.481248106144
11108,8547.481248106144
11109,8547.481248106144
11110,8465.502084351252
11111,8465.502084351252
11112,8547.481248106144
11113,8547.481248106144
11114,8465.502084351252
11115,8547.481248106144
11116,8465.502084351252
11117,8465.502084351252
11118,8547.481248106144
11119,8524.492971083288
11120,8524.492971083288
11121,8524.492971083288
11122,8539.37760222672
11123,8643.614605926372
11124,8561.635442171479
11125,8561.635442171479
11126,8484.933112396902
11127,8484.933112396902
11128,8484.933112396902
11129,8484.933112396902
11130,8566.912276151794
11131,8566.912276151794
11132,8566.912276151794
11133,8566.912276151794
11134,8484.933112396902
11135,8394.492898627608
11136,8476.472062382507
11137,8394.492898627608
11138,8476.472062382507
11139,8677.756132682902
11140,8677.756132682902
11141,8595.776968928012
11142,8595.776968928012
11143,8595.776968928012
11144,8677.756132682902
11145,8685.39345938048
11146,8603.414295625591
11147,8603.414295625591
11148,8685.39345938048
11149,8749.001786960542
11150,8749.001786960542
11151,8494.82609181003
11152,8439.996984453737
11153,8607.345019751303
11154,8807.528482092617
11155,8797.375348245836
11156,8797.375348245836
11157,8797.375348245836
11158,8597.191885904522
11159,8792.693171766683
11160,8792.693171766683
11161,8592.509709425369
11162,8792.693171766683
11163,8792.693171766683
11164,8649.738085141935
11165,8849.921547483249
11166,8649.738085141935
11167,8721.330302372906
11168,8721.330302372906
11169,8721.330302372906
11170,8921.51376471422
11171,8921.51376471422
11172,8921.51376471422
11173,8921.51376471422
11174,8921.51376471422
11175,8788.352933352715
11176,8588.1694710114
11177,8788.352933352715
11178,8788.352933352715
11179,8505.503561817583
11180,8705.687024158897
11181,8705.687024158897
11182,8705.687024158897
11183,8576.393132590332
11184,8776.576594931646
11185,8776.576594931646
11186,8576.393132590332
11187,8513.716335425888
11188,8713.899797767202
11189,8713.899797767202
11190,8513.716335425888
11191,8513.716335425888
11192,8509.408694972193
11193,8509.408694972193
11194,8709.592157313507
11195,8646.585808379423
11196,8646.585808379423
11197,8594.708889899975
11198,8794.89235224129
11199,8794.89235224129
11200,8794.89235224129
11201,8594.708889899975
11202,8594.708889899975
11203,8794.89235224129
11204,8594.708889899975
11205,8600.540746504008
11206,8800.724208845322
11207,8600.540746504008
11208,8800.724208845322
11209,8800.724208845322
11210,8800.724208845322
11211,8600.540746504008
11212,8600.540746504008
11213,8600.540746504008
11214,8600.540746504008
11215,8600.540746504008
11216,8800.724208845322
11217,8800.724208845322
11218,8800.724208845322
11219,8800.724208845322
11220,8600.540746504008
11221,8800.724208845322
11222,8600.540746504008
11223,8800.724208845322
11224,8800.724208845322
11225,8800.724208845322
11226,8800.724208845322
11227,8600.540746504008
11228,8529.074782358875
11229,8734.56309455279
11230,8734.56309455279
11231,8529.074782358875
11232,8529.074782358875
11233,8529.074782358875
11234,8734.56309455279
11235,8734.56309455279
11236,8529.074782358875
11237,8529.074782358875
11238,8529.074782358875
11239,8539.325777609423
11240,8744.814089803338
11241,8744.814089803338
11242,8744.814089803338
11243,8669.774833923433
11244,8860.922581935494
11245,8860.922581935494
11246,8848.205257841848
11247,8657.057509829787
11248,8657.057509829787
11249,8657.057509829787
11250,8617.598247815335
11251,8818.196879281628
11252,8617.598247815335
11253,8617.598247815335
11254,8617.598247815335
11255,8617.598247815335
11256,8617.598247815335
11257,8617.598247815335
11258,8617.598247815335
11259,8818.196879281628
11260,8617.598247815335
11261,8617.598247815335
11262,8617.598247815335
11263,8818.196879281628
11264,8818.196879281628
11265,8617.598247815335
11266,8818.196879281628
11267,8818.196879281628
11268,8818.196879281628
11269,8617.598247815335
11270,8617.598247815335
11271,8818.196879281628
11272,8617.598247815335
11273,8617.598247815335
11274,8610.323796800922
11275,8810.922428267215
11276,8610.323796800922
11277,8610.323796800922
11278,8674.341708772095
11279,8874.940340238389
11280,8674.341708772095
11281,8874.940340238389
11282,8874.940340238389
11283,8874.940340238389
11284,8674.341708772095
11285,8674.341708772095
11286,8874.940340238389
11287,8874.940340238389
11288,8874.940340238389
11289,8804.109123339704
11290,8603.51049187341
11291,8603.51049187341
11292,8603.51049187341
11293,8804.109123339704
11294,8556.72342286969
11295,8757.322054335984
11296,8556.72342286969
11297,8556.72342286969
11298,8556.72342286969
11299,8556.72342286969
11300,8556.72342286969
11301,8556.72342286969
11302,8556.72342286969
11303,8757.322054335984
11304,8757.322054335984
11305,8556.72342286969
11306,8757.322054335984
11307,8757.322054335984
11308,8556.72342286969
11309,8556.72342286969
11310,8886.501709383818
11311,8886.501709383818
11312,8886.501709383818
11313,8619.64197297004
11314,8820.240604436332
11315,8820.240604436332
11316,8820.240604436332
11317,8619.64197297004
11318,8820.240604436332
11319,8820.240604436332
11320,8619.64197297004
11321,8820.240604436332
11322,8821.340838414353
11323,8821.340838414353
11324,8620.74220694806
11325,8620.74220694806
11326,8821.340838414353
11327,8821.340838414353
11328,8620.74220694806
11329,8838.598083979192
11330,8637.999452512899
11331,8637.999452512899
11332,8838.598083979192
11333,8637.999452512899
11334,8838.598083979192
11335,8838.598083979192
11336,8838.598083979192
11337,8637.999452512899
11338,8637.999452512899
11339,8838.598083979192
11340,8614.602516079618
11341,8815.201147545911
11342,8614.602516079618
11343,8815.201147545911
11344,8815.201147545911
11345,8686.689674683124
11346,8887.288306149418
11347,8887.288306149418
11348,8887.288306149418
11349,8686.689674683124
11350,8818.227311319686
11351,8818.227311319686
11352,8617.628679853393
11353,8617.628679853393
11354,8818.227311319686
11355,8617.628679853393
11356,8632.24739237382
11357,8832.846023840113
11358,8632.24739237382
11359,8832.846023840113
11360,8658.482270866753
11361,8859.080902333046
11362,8625.207692953134
11363,8625.207692953134
11364,8625.207692953134
11365,8825.806324419427
11366,8625.207692953134
11367,8625.207692953134
11368,8825.806324419427
11369,8625.207692953134
11370,8625.207692953134
11371,8625.207692953134
11372,8625.207692953134
11373,8625.207692953134
11374,8632.786518214049
11375,8833.385149680342
11376,8632.786518214049
11377,8632.786518214049
11378,8632.786518214049
11379,8632.786518214049
11380,8616.25138469524
11381,8816.850016161534
11382,8616.25138469524
11383,8816.850016161534
11384,8616.25138469524
11385,8816.850016161534
11386,8616.25138469524
11387,8616.25138469524
11388,8616.25138469524
11389,8835.368415912633
11390,8835.368415912633
11391,8835.368415912633
11392,8634.76978444634
11393,8634.76978444634
11394,8835.368415912633
11395,8835.368415912633
11396,8835.368415912633
11397,8599.063011815042
11398,8799.661643281335
11399,8799.661643281335
11400,8599.063011815042
11401,8799.661643281335
11402,8599.063011815042
11403,8799.661643281335
11404,8799.661643281335
11405,8799.661643281335
11406,8657.867225663584
11407,8858.465857129877
11408,8858.465857129877
11409,8858.465857129877
11410,8657.867225663584
11411,8657.867225663584
11412,8657.867225663584
11413,8657.867225663584
11414,8845.369130774201
11415,8845.369130774201
11416,8644.770499307908
11417,8845.369130774201
11418,8845.369130774201
11419,8508.371640829715
11420,8708.970272296008
11421,8508.371640829715
11422,8508.371640829715
11423,8508.371640829715
11424,8708.970272296008
11425,8708.970272296008
11426,8508.371640829715
11427,8810.468031936349
11428,8810.468031936349
11429,8609.869400470056
11430,8810.468031936349
11431,8609.869400470056
11432,8609.869400470056
11433,8609.869400470056
11434,8609.869400470056
11435,8810.468031936349
11436,8685.79766421647
11437,8685.79766421647
11438,8886.396295682764
11439,8685.79766421647
11440,8886.396295682764
11441,8737.807325439266
11442,8938.405956905559
11443,8938.405956905559
11444,8737.807325439266
11445,8938.405956905559
11446,8747.13466520803
11447,8747.13466520803
11448,8947.733296674323
11449,8947.733296674323
11450,8947.733296674323
11451,8947.733296674323
11452,8947.733296674323
11453,8947.733296674323
11454,8947.733296674323
11455,8747.13466520803
11456,8947.733296674323
11457,8964.863459153778
11458,8964.863459153778
11459,8764.264827687484
11460,8813.607799104386
11461,8613.009167638093
11462,8813.607799104386
11463,8518.555622163552
11464,8518.555622163552
11465,8518.555622163552
11466,8518.555622163552
11467,8719.154253629846
11468,8493.923267094124
11469,8493.923267094124
11470,8493.923267094124
11471,8493.923267094124
11472,8493.923267094124
11473,8700.465623321814
11474,8700.465623321814
11475,8700.465623321814
11476,8360.682778417426
11477,8561.281409883719
11478,8561.281409883719
11479,8703.95071954373
11480,8703.95071954373
11481,8703.95071954373
11482,8503.352088077438
11483,8503.352088077438
11484,8480.80569420686
11485,8480.80569420686
11486,8681.404325673153
11487,8681.404325673153
11488,8681.404325673153
11489,8415.1245794841
11490,8615.723210950393
11491,8415.1245794841
11492,8615.723210950393
11493,8415.1245794841
11494,8446.649822370586
11495,8446.649822370586
11496,8704.820295629674
11497,8704.820295629674
11498,8504.22166416338
11499,8504.22166416338
11500,8504.22166416338
11501,8704.820295629674
11502,8704.820295629674
11503,8345.81762047165
11504,8546.416251937942
11505,8345.81762047165
11506,8345.81762047165
11507,8876.311621951483
11508,8675.71299048519
11509,8876.311621951483
11510,8515.165851907532
11511,8715.764483373825
11512,8715.764483373825
11513,8715.764483373825
11514,8759.876830201865
11515,8559.278198735572
11516,8759.876830201865
11517,8759.876830201865
11518,8759.876830201865
11519,8559.278198735572
11520,8542.938125690802
11521,8696.133257908092
11522,8495.534626441799
11523,8696.133257908092
11524,8696.133257908092
11525,8783.439629254308
11526,8582.840997788015
11527,8582.840997788015
11528,8582.840997788015
11529,8789.185145879352
11530,8588.586514413058
11531,8588.586514413058
11532,8588.586514413058
11533,8588.586514413058
11534,8588.586514413058
11535,8588.586514413058
11536,8594.273893360192
11537,8594.273893360192
11538,8594.273893360192
11539,8794.872524826485
11540,8794.872524826485
11541,8794.872524826485
11542,8594.273893360192
11543,8794.872524826485
11544,8580.937617210375
11545,8580.937617210375
11546,8580.937617210375
11547,8781.536248676668
11548,8799.547055321362
11549,8598.948423855069
11550,8598.948423855069
11551,8799.547055321362
11552,8799.547055321362
11553,8598.948423855069
11554,8598.948423855069
11555,8799.547055321362
11556,8813.964340853203
11557,8813.964340853203
11558,8813.964340853203
11559,8822.894901862486
11560,8822.894901862486
11561,8822.894901862486
11562,8622.296270396193
11563,8638.998986858927
11564,8839.59761832522
11565,8839.59761832522
11566,8638.998986858927
11567,8839.59761832522
11568,8638.998986858927
11569,8638.998986858927
11570,8839.59761832522
11571,8638.998986858927
11572,8638.998986858927
11573,8861.782125225107
11574,8661.183493758814
11575,8661.183493758814
11576,8861.782125225107
11577,8661.183493758814
11578,8861.782125225107
11579,8661.183493758814
11580,8563.447988218379
11581,8764.046619684672
11582,8563.447988218379
11583,8764.046619684672
11584,8796.786891135847
11585,8796.786891135847
11586,8596.188259669554
11587,8790.29222708326
11588,8790.29222708326
11589,8790.29222708326
11590,8790.29222708326
11591,8790.29222708326
11592,8589.693595616967
11593,8790.29222708326
11594,8589.693595616967
11595,8790.29222708326
11596,8589.693595616967
11597,8589.693595616967
11598,8589.693595616967
11599,8790.29222708326
11600,8790.29222708326
11601,8790.29222708326
11602,8790.17742573001
11603,8589.578794263716
11604,8589.578794263716
11605,8589.578794263716
11606,8759.232991235855
11607,8759.232991235855
11608,8558.634359769561
11609,8759.232991235855
11610,8558.634359769561
11611,8528.997790168134
11612,8528.997790168134
11613,8729.596421634427
11614,8729.596421634427
11615,8528.997790168134
11616,8489.815685433443
11617,8690.414316899736
11618,8489.815685433443
11619,8489.815685433443
11620,8553.698400760151
11621,8553.698400760151
11622,8553.698400760151
11623,8807.838952143353
11624,8607.24032067706
11625,8607.24032067706
11626,8566.514677915557
11627,8767.11330938185
11628,8566.514677915557
11629,8566.514677915557
11630,8566.514677915557
11631,8767.11330938185
11632,8786.94142468095
11633,8786.94142468095
11634,8786.94142468095
11635,8786.94142468095
11636,8592.311870571888
11637,8592.311870571888
11638,8592.311870571888
11639,8792.910502038181
11640,8792.910502038181
11641,8592.311870571888
11642,8592.311870571888
11643,8592.311870571888
11644,8592.311870571888
11645,8792.910502038181
11646,8792.910502038181
11647,8792.910502038181
11648,8792.910502038181
11649,8792.910502038181
11650,8592.311870571888
11651,8592.311870571888
11652,8581.49787242468
11653,8782.096503890973
11654,8581.49787242468
11655,8824.636427618769
11656,8824.636427618769
11657,8824.636427618769
11658,8624.037796152475
11659,8824.636427618769
11660,8824.636427618769
11661,8624.037796152475
11662,8624.037796152475
11663,8624.037796152475
11664,8624.037796152475
11665,8624.037796152475
11666,8624.037796152475
11667,8624.037796152475
11668,8824.636427618769
11669,8624.037796152475
11670,8624.037796152475
11671,8624.037796152475
11672,8611.134887096781
11673,8811.733518563075
11674,8811.733518563075
11675,8611.134887096781
11676,8637.42906444174
11677,8838.027695908033
11678,8838.027695908033
11679,8637.42906444174
11680,8637.42906444174
11681,8828.104918112287
11682,8828.104918112287
11683,8627.506286645994
11684,8828.104918112287
11685,8828.104918112287
11686,8828.104918112287
11687,8627.506286645994
11688,8627.506286645994
11689,8828.104918112287
11690,8828.104918112287
11691,8828.104918112287
11692,8627.506286645994
11693,8627.506286645994
11694,8627.506286645994
11695,8627.506286645994
11696,8828.104918112287
11697,8828.104918112287
11698,8627.506286645994
11699,8828.104918112287
11700,8627.506286645994
11701,8627.506286645994
11702,8615.942271195494
11703,8816.540902661787
11704,8615.942271195494
11705,8615.942271195494
11706,8816.540902661787
11707,8615.942271195494
11708,8615.942271195494
11709,8816.540902661787
11710,8816.540902661787
11711,8615.942271195494
11712,8615.942271195494
11713,8816.540902661787
11714,8816.540902661787
11715,8615.942271195494
11716,8615.942271195494
11717,8816.540902661787
11718,8816.540902661787
11719,8816.540902661787
11720,8816.540902661787
11721,8828.36369785503
11722,8627.765066388736
11723,8828.36369785503
11724,8828.36369785503
11725,8627.765066388736
11726,8627.765066388736
11727,8627.765066388736
11728,8828.36369785503
11729,8649.18541373261
11730,8649.18541373261
11731,8823.849661485257
11732,8623.251030018964
11733,8623.251030018964
11734,8823.849661485257
11735,8823.849661485257
11736,8823.849661485257
11737,8819.407037468089
11738,8618.808406001795
11739,8618.808406001795
11740,8819.407037468089
11741,8618.808406001795
11742,8819.407037468089
11743,8618.808406001795
11744,8618.808406001795
11745,8618.808406001795
11746,8819.407037468089
11747,8819.407037468089
11748,8819.407037468089
11749,8819.407037468089
11750,8618.808406001795
11751,8819.407037468089
11752,8618.808406001795
11753,8819.407037468089
11754,8618.808406001795
11755,8819.407037468089
11756,8618.808406001795
11757,8618.808406001795
11758,8618.808406001795
11759,8819.407037468089
11760,8826.3628911496
11761,8630.001689427718
11762,8630.001689427718
11763,8830.600320894011
11764,8830.600320894011
11765,8830.600320894011
11766,8830.600320894011
11767,8830.600320894011
11768,8630.001689427718
11769,8830.600320894011
11770,8630.001689427718
11771,8830.600320894011
11772,8830.600320894011
11773,8630.001689427718
11774,8630.001689427718
11775,8630.001689427718
11776,8630.001689427718
11777,8630.001689427718
11778,8830.600320894011
11779,8611.974849842476
11780,8812.57348130877
11781,8611.974849842476
11782,8611.974849842476
11783,8812.57348130877
11784,8611.974849842476
11785,8812.57348130877
11786,8611.974849842476
11787,8797.470817596904
11788,8797.470817596904
11789,8797.470817596904
11790,8596.872186130611
11791,8797.470817596904
11792,8596.872186130611
11793,8809.814133477537
11794,8609.215502011244
11795,8609.215502011244
11796,8809.814133477537
11797,8609.215502011244
11798,8609.215502011244
11799,8609.215502011244
11800,8809.814133477537
11801,8809.814133477537
11802,8809.814133477537
11803,8740.01399925646
11804,8539.415367790167
11805,8539.415367790167
11806,8740.01399925646
11807,8533.762879207621
11808,8533.762879207621
11809,8533.762879207621
11810,8533.762879207621
11811,8734.361510673914
11812,8533.762879207621
11813,8533.762879207621
11814,8533.762879207621
11815,8734.361510673914
11816,8533.762879207621
11817,8734.361510673914
11818,8734.361510673914
11819,8533.762879207621
11820,8734.361510673914
11821,8533.762879207621
11822,8734.361510673914
11823,8533.762879207621
11824,8504.514316402165
11825,8705.112947868458
11826,8504.514316402165
11827,8638.57570410689
11828,8839.174335573183
11829,8564.083174766363
11830,8564.083174766363
11831,8764.681806232657
11832,8764.681806232657
11833,8764.681806232657
11834,8564.083174766363
11835,8764.681806232657
11836,8764.681806232657
11837,8568.470884676834
11838,8769.069516143127
11839,8568.470884676834
11840,8811.519162556677
11841,8610.920531090384
11842,8811.519162556677
11843,8610.920531090384
11844,8811.519162556677
11845,8610.920531090384
11846,8610.920531090384
11847,8811.519162556677
11848,8610.920531090384
11849,8598.785311439418
11850,8598.785311439418
11851,8799.383942905712
11852,8598.785311439418
11853,8799.383942905712
11854,8608.078036989104
11855,8608.078036989104
11856,8808.676668455397
11857,8792.500869751446
11858,8591.902238285153
11859,8792.500869751446
11860,8591.902238285153
11861,8773.21311255427
11862,8773.21311255427
11863,8572.614481087976
11864,8572.614481087976
11865,8773.21311255427
11866,8744.254253433191
11867,8543.655621966898
11868,8744.254253433191
11869,8744.254253433191
11870,8768.805007596837
11871,8768.805007596837
11872,8768.805007596837
11873,8768.805007596837
11874,8568.206376130544
11875,8768.805007596837
11876,8768.805007596837
11877,8761.031043154233
11878,8560.43241168794
11879,8560.43241168794
11880,8761.031043154233
11881,8560.43241168794
11882,8560.43241168794
11883,8761.031043154233
11884,8475.057748732874
11885,8675.656380199167
11886,8475.057748732874
11887,8475.057748732874
11888,8475.057748732874
11889,8475.057748732874
11890,8675.656380199167
11891,8540.880824327141
11892,8741.479455793435
11893,8741.479455793435
11894,8929.664599379723
11895,8698.775200194343
11896,8899.373831660636
11897,8899.373831660636
11898,8671.239352373872
11899,8671.239352373872
11900,8871.837983840165
11901,8871.837983840165
11902,8646.964712370946
11903,8646.964712370946
11904,8847.563343837239
11905,8646.964712370946
11906,8847.563343837239
11907,8857.259090216014
11908,8656.66045874972
11909,8857.259090216014
11910,8857.259090216014
11911,8828.621792102438
11912,8628.023160636145
11913,8828.621792102438
11914,8811.180465917072
11915,8610.581834450779
11916,8811.180465917072
11917,8828.333392715538
11918,8828.333392715538
11919,8627.734761249245
11920,8627.734761249245
11921,8627.734761249245
11922,8828.333392715538
11923,8598.191462260007
11924,8798.7900937263
11925,8798.7900937263
11926,8798.7900937263
11927,8598.191462260007
11928,8798.7900937263
11929,8798.7900937263
11930,8598.191462260007
11931,8798.7900937263
11932,8798.7900937263
11933,8598.191462260007
11934,8798.7900937263
11935,8598.191462260007
11936,8598.191462260007
11937,8798.7900937263
11938,8812.637919116849
11939,8612.039287650556
11940,8812.637919116849
11941,8612.039287650556
11942,8812.637919116849
11943,8812.637919116849
11944,8767.861719311131
11945,8767.861719311131
11946,8567.263087844838
11947,8767.861719311131
11948,8818.440888887772
11949,8617.842257421478
11950,8818.440888887772
11951,8617.842257421478
11952,8818.440888887772
11953,8818.440888887772
11954,8818.440888887772
11955,8617.842257421478
11956,8617.842257421478
11957,8617.842257421478
11958,8818.440888887772
11959,8617.842257421478
11960,8777.767647006085
11961,8577.169015539792
11962,8777.767647006085
11963,8777.767647006085
11964,8777.767647006085
11965,8777.767647006085
11966,8577.169015539792
11967,8577.169015539792
11968,8777.767647006085
11969,8789.422843975864
11970,8588.824212509571
11971,8789.422843975864
11972,8588.824212509571
11973,8588.824212509571
11974,8588.824212509571
11975,8766.434566953008
11976,8766.434566953008
11977,8766.434566953008
11978,8771.548888856472
11979,8831.506110340368
11980,8630.907478874075
11981,8630.907478874075
11982,8598.484931315257
11983,8598.484931315257
11984,8598.484931315257
11985,8598.484931315257
11986,8598.484931315257
11987,8799.08356278155
11988,8799.08356278155
11989,8799.08356278155
11990,8598.484931315257
11991,8509.330256296515
11992,8709.928887762806
11993,8509.330256296515
11994,8709.928887762806
11995,8911.21295806321
11996,8911.21295806321
11997,8710.614326596917
11998,8702.600996097774
11999,8702.600996097774
12000,8903.199627564067
12001,8921.939633735474
12002,8721.34100226918
12003,8721.34100226918
12004,8921.939633735474
12005,8951.01312505859
12006,8951.01312505859
12007,8696.837429908077
12008,8528.83004085304
12009,8838.44422327884
12010,8910.625104344233
12011,8996.911169198613
12012,8996.911169198613
12013,8996.911169198613
12014,8924.73028813322
12015,8992.22899271946
12016,8992.22899271946
12017,8920.048111654067
12018,8992.22899271946
12019,8992.22899271946
12020,8977.276487370633
12021,9049.457368436026
12022,8977.276487370633
12023,9048.868704601604
12024,9048.868704601604
12025,9048.868704601604
12026,9121.049585666997
12027,9121.049585666997
12028,9121.049585666997
12029,9121.049585666997
12030,9121.049585666997
12031,8987.888754305492
12032,8915.707873240099
12033,8987.888754305492
12034,8987.888754305492
12035,8833.04196404628
12036,8905.222845111673
12037,8905.222845111673
12038,8905.222845111673
12039,8887.658438579974
12040,8959.839319645367
12041,8959.839319645367
12042,8887.658438579974
12043,8809.606298549934
12044,8881.787179615327
12045,8881.787179615327
12046,8809.606298549934
12047,8809.606298549934
12048,8807.519984056851
12049,8807.519984056851
12050,8879.700865122244
12051,8934.421749539077
12052,8934.421749539077
12053,8870.337558740996
12054,8942.518439806388
12055,8942.518439806388
12056,8942.518439806388
12057,8870.337558740996
12058,8870.337558740996
12059,8942.518439806388
12060,8870.337558740996
12061,8943.936218908319
12062,9016.117099973711
12063,8943.936218908319
12064,9016.117099973711
12065,9016.117099973711
12066,9016.117099973711
12067,8943.936218908319
12068,8943.936218908319
12069,8943.936218908319
12070,8943.936218908319
12071,8943.936218908319
12072,9016.117099973711
12073,9016.117099973711
12074,9016.117099973711
12075,9038.033608362965
12076,8965.852727297572
12077,9038.033608362965
12078,8965.852727297572
12079,9038.033608362965
12080,9038.033608362965
12081,9038.033608362965
12082,9038.033608362965
12083,8965.852727297572
12084,8894.386763152439
12085,8971.872494070432
12086,8971.872494070432
12087,8894.386763152439
12088,8894.386763152439
12089,8894.386763152439
12090,8971.872494070432
12091,8971.872494070432
12092,8894.386763152439
12093,8894.386763152439
12094,8894.386763152439
12095,8904.637758402987
12096,8982.12348932098
12097,8982.12348932098
12098,8982.12348932098
12099,9035.086814716997
12100,9098.231981453137
12101,9098.231981453137
12102,9085.51465735949
12103,9022.36949062335
12104,9022.36949062335
12105,9022.36949062335
12106,8982.910228608898
12107,9055.50627879927
12108,8982.910228608898
12109,8982.910228608898
12110,8982.910228608898
12111,8982.910228608898
12112,8982.910228608898
12113,8982.910228608898
12114,8982.910228608898
12115,9055.50627879927
12116,8982.910228608898
12117,8982.910228608898
12118,8982.910228608898
12119,9055.50627879927
12120,9055.50627879927
12121,8982.910228608898
12122,9055.50627879927
12123,9055.50627879927
12124,9055.50627879927
12125,8982.910228608898
12126,8982.910228608898
12127,9055.50627879927
12128,8982.910228608898
12129,8982.910228608898
12130,8975.635777594485
12131,9048.231827784857
12132,8975.635777594485
12133,8975.635777594485
12134,9039.653689565659
12135,9112.249739756031
12136,9039.653689565659
12137,9112.249739756031
12138,9127.268948088828
12139,9127.268948088828
12140,9054.672897898456
12141,9054.672897898456
12142,9127.268948088828
12143,9127.268948088828
12144,9127.268948088828
12145,9056.437731190143
12146,8983.84168099977
12147,8983.84168099977
12148,8983.84168099977
12149,9056.437731190143
12150,8856.331114319953
12151,8928.927164510325
12152,8856.331114319953
12153,8856.331114319953
12154,8856.331114319953
12155,8856.331114319953
12156,8856.331114319953
12157,8856.331114319953
12158,8856.331114319953
12159,8928.927164510325
12160,8928.927164510325
12161,8856.331114319953
12162,8923.76832725992
12163,8923.76832725992
12164,8851.172277069549
12165,8851.172277069549
12166,9122.567888622749
12167,9122.567888622749
12168,9122.567888622749
12169,8999.540369532011
12170,9072.136419722383
12171,9072.136419722383
12172,9072.136419722383
12173,8999.540369532011
12174,9072.136419722383
12175,9072.136419722383
12176,8999.540369532011
12177,9072.136419722383
12178,9043.098202401634
12179,9043.098202401634
12180,8970.502152211262
12181,8970.502152211262
12182,9043.098202401634
12183,9043.098202401634
12184,8970.502152211262
12185,9074.664263218123
12186,9002.068213027751
12187,9002.068213027751
12188,9074.664263218123
12189,9002.068213027751
12190,9074.664263218123
12191,9074.664263218123
12192,9074.664263218123
12193,9002.068213027751
12194,9002.068213027751
12195,9074.664263218123
12196,8981.882122016308
12197,9054.47817220668
12198,8981.882122016308
12199,9054.47817220668
12200,9054.47817220668
12201,9053.969280619815
12202,9126.565330810186
12203,9126.565330810186
12204,9126.565330810186
12205,9053.969280619815
12206,9057.504335980455
12207,9057.504335980455
12208,8984.908285790083
12209,8984.908285790083
12210,9057.504335980455
12211,8984.908285790083
12212,8999.52699831051
12213,9072.123048500882
12214,8999.52699831051
12215,9072.123048500882
12216,9025.761876803443
12217,9098.357926993815
12218,8992.487298889824
12219,8992.487298889824
12220,8992.487298889824
12221,9065.083349080196
12222,8992.487298889824
12223,8992.487298889824
12224,9065.083349080196
12225,8992.487298889824
12226,8992.487298889824
12227,8992.487298889824
12228,8992.487298889824
12229,8992.487298889824
12230,9000.066124150739
12231,9072.66217434111
12232,9000.066124150739
12233,9000.066124150739
12234,9000.066124150739
12235,9000.066124150739
12236,8983.53099063193
12237,9056.127040822303
12238,8983.53099063193
12239,9056.127040822303
12240,8983.53099063193
12241,9056.127040822303
12242,8983.53099063193
12243,8983.53099063193
12244,8983.53099063193
12245,9074.645440573402
12246,9074.645440573402
12247,9074.645440573402
12248,9002.04939038303
12249,9002.04939038303
12250,9074.645440573402
12251,9074.645440573402
12252,9074.645440573402
12253,8966.342617751732
12254,9038.938667942104
12255,9038.938667942104
12256,8966.342617751732
12257,9038.938667942104
12258,8966.342617751732
12259,9038.938667942104
12260,9038.938667942104
12261,9038.938667942104
12262,9025.146831600274
12263,9097.742881790646
12264,9097.742881790646
12265,9097.742881790646
12266,9015.082735763308
12267,9015.082735763308
12268,9015.082735763308
12269,9015.082735763308
12270,9074.582059598004
12271,9074.582059598004
12272,9001.986009407632
12273,9074.582059598004
12274,9074.582059598004
12275,8865.58715092944
12276,8938.183201119811
12277,8865.58715092944
12278,8865.58715092944
12279,8865.58715092944
12280,8938.183201119811
12281,8938.183201119811
12282,8865.58715092944
12283,9150.25662165036
12284,9150.25662165036
12285,9077.660571459988
12286,9150.25662165036
12287,8983.204016652138
12288,8983.204016652138
12289,8983.204016652138
12290,8983.204016652138
12291,9055.80006684251
12292,9059.132280398553
12293,9059.132280398553
12294,9131.728330588925
12295,9059.132280398553
12296,9131.728330588925
12297,9111.141941621348
12298,9183.73799181172
12299,9183.73799181172
12300,9111.141941621348
12301,9183.73799181172
12302,9120.469281390113
12303,9120.469281390113
12304,9193.065331580485
12305,9193.065331580485
12306,9193.065331580485
12307,9193.065331580485
12308,9193.065331580485
12309,9193.065331580485
12310,9193.065331580485
12311,9120.469281390113
12312,9193.065331580485
12313,9210.195494059939
12314,9210.195494059939
12315,9137.599443869567
12316,9058.939834010547
12317,8986.343783820175
12318,9058.939834010547
12319,8891.890238345635
12320,8891.890238345635
12321,8891.890238345635
12322,8891.890238345635
12323,8964.486288536007
12324,8867.257883276206
12325,8867.257883276206
12326,8867.257883276206
12327,8867.257883276206
12328,8867.257883276206
12329,8945.797658227975
12330,8945.797658227975
12331,8945.797658227975
12332,8734.017394599508
12333,8806.61344478988
12334,8806.61344478988
12335,8949.282754449892
12336,8949.282754449892
12337,8949.282754449892
12338,8876.68670425952
12339,8876.68670425952
12340,8854.140310388942
12341,8854.140310388942
12342,8926.736360579314
12343,8926.736360579314
12344,8926.736360579314
12345,8788.459195666182
12346,8861.055245856554
12347,8788.459195666182
12348,8861.055245856554
12349,8788.459195666182
12350,8691.981857276747
12351,8691.981857276747
12352,8950.152330535835
12353,8950.152330535835
12354,8877.556280345463
12355,8877.556280345463
12356,8877.556280345463
12357,8950.152330535835
12358,8950.152330535835
12359,8719.152236653732
12360,8791.748286844104
12361,8719.152236653732
12362,8719.152236653732
12363,9121.643656857645
12364,9049.047606667273
12365,9121.643656857645
12366,8888.500468089615
12367,8961.096518279986
12368,8961.096518279986
12369,8961.096518279986
12370,9005.208865108027
12371,8932.612814917655
12372,9005.208865108027
12373,9005.208865108027
12374,9005.208865108027
12375,8932.612814917655
12376,8916.272741872885
12377,8941.465292814253
12378,8868.869242623881
12379,8941.465292814253
12380,8941.465292814253
12381,9028.77166416047
12382,8956.175613970097
12383,8956.175613970097
12384,8956.175613970097
12385,9034.517180785513
12386,8961.921130595141
12387,8961.921130595141
12388,8961.921130595141
12389,8961.921130595141
12390,8961.921130595141
12391,8961.921130595141
12392,8967.608509542275
12393,8967.608509542275
12394,8967.608509542275
12395,9040.204559732647
12396,9040.204559732647
12397,9040.204559732647
12398,8967.608509542275
12399,9040.204559732647
12400,8954.272233392458
12401,8954.272233392458
12402,8954.272233392458
12403,9026.86828358283
12404,9044.879090227523
12405,8972.283040037151
12406,8972.283040037151
12407,9044.879090227523
12408,9044.879090227523
12409,8972.283040037151
12410,8972.283040037151
12411,9044.879090227523
12412,9059.296375759364
12413,9059.296375759364
12414,9059.296375759364
12415,9068.226936768648
12416,9068.226936768648
12417,9068.226936768648
12418,8995.630886578276
12419,9012.33360304101
12420,9084.929653231382
12421,9084.929653231382
12422,9012.33360304101
12423,9084.929653231382
12424,9012.33360304101
12425,9012.33360304101
12426,9084.929653231382
12427,9012.33360304101
12428,9012.33360304101
12429,9107.114160131268
12430,9034.518109940896
12431,9034.518109940896
12432,9107.114160131268
12433,9034.518109940896
12434,9107.114160131268
12435,9034.518109940896
12436,8936.782604400461
12437,9009.378654590833
12438,8936.782604400461
12439,9009.378654590833
12440,9042.118926042009
12441,9042.118926042009
12442,8969.522875851637
12443,9035.624261989422
12444,9035.624261989422
12445,9035.624261989422
12446,9035.624261989422
12447,9035.624261989422
12448,8963.02821179905
12449,9035.624261989422
12450,8963.02821179905
12451,9035.624261989422
12452,8963.02821179905
12453,8963.02821179905
12454,8963.02821179905
12455,9035.624261989422
12456,9035.624261989422
12457,9035.624261989422
12458,9035.50946063617
12459,8962.913410445799
12460,8962.913410445799
12461,8962.913410445799
12462,9004.565026142016
12463,9004.565026142016
12464,8931.968975951644
12465,9004.565026142016
12466,8931.968975951644
12467,8902.332406350217
12468,8902.332406350217
12469,8974.928456540589
12470,8974.928456540589
12471,8902.332406350217
12472,8863.150301615526
12473,8935.746351805898
12474,8863.150301615526
12475,8863.150301615526
12476,8927.033016942234
12477,8927.033016942234
12478,8927.033016942234
12479,9053.170987049514
12480,8980.574936859142
12481,8980.574936859142
12482,8939.84929409764
12483,9012.445344288011
12484,8939.84929409764
12485,8939.84929409764
12486,8939.84929409764
12487,9012.445344288011
12488,9032.273459587112
12489,9032.273459587112
12490,9032.273459587112
12491,9032.273459587112
12492,8965.64648675397
12493,8965.64648675397
12494,8965.64648675397
12495,9038.242536944343
12496,9038.242536944343
12497,8965.64648675397
12498,8965.64648675397
12499,8965.64648675397
12500,8965.64648675397
12501,9038.242536944343
12502,9038.242536944343
12503,9038.242536944343
12504,9038.242536944343
12505,9038.242536944343
12506,8965.64648675397
12507,8965.64648675397
12508,8954.832488606762
12509,9027.428538797134
12510,8954.832488606762
12511,9069.96846252493
12512,9069.96846252493
12513,9069.96846252493
12514,8997.372412334558
12515,9069.96846252493
12516,9069.96846252493
12517,8997.372412334558
12518,8997.372412334558
12519,8997.372412334558
12520,8997.372412334558
12521,8997.372412334558
12522,8997.372412334558
12523,8997.372412334558
12524,9069.96846252493
12525,8997.372412334558
12526,8997.372412334558
12527,8997.372412334558
12528,8984.469503278866
12529,9057.065553469238
12530,9057.065553469238
12531,8984.469503278866
12532,9016.19941813635
12533,9088.795468326722
12534,9088.795468326722
12535,9016.19941813635
12536,9016.19941813635
12537,9078.872690530976
12538,9078.872690530976
12539,9006.276640340604
12540,9078.872690530976
12541,9078.872690530976
12542,9078.872690530976
12543,9006.276640340604
12544,9006.276640340604
12545,9078.872690530976
12546,9078.872690530976
12547,9078.872690530976
12548,9006.276640340604
12549,9006.276640340604
12550,9006.276640340604
12551,9006.276640340604
12552,9078.872690530976
12553,9078.872690530976
12554,9006.276640340604
12555,9078.872690530976
12556,9006.276640340604
12557,9006.276640340604
12558,8989.276887377577
12559,9061.872937567949
12560,8989.276887377577
12561,8989.276887377577
12562,9061.872937567949
12563,8989.276887377577
12564,8989.276887377577
12565,9061.872937567949
12566,9061.872937567949
12567,8989.276887377577
12568,8989.276887377577
12569,9061.872937567949
12570,9061.872937567949
12571,8989.276887377577
12572,8989.276887377577
12573,9061.872937567949
12574,9061.872937567949
12575,9061.872937567949
12576,9061.872937567949
12577,9073.69573276119
12578,9001.099682570819
12579,9073.69573276119
12580,9073.69573276119
12581,9001.099682570819
12582,9001.099682570819
12583,9001.099682570819
12584,9073.69573276119
12585,9022.520029914693
12586,9022.520029914693
12587,9069.181696391419
12588,8996.585646201047
12589,8996.585646201047
12590,9069.181696391419
12591,9069.181696391419
12592,9069.181696391419
12593,9064.73907237425
12594,8992.143022183878
12595,8992.143022183878
12596,9064.73907237425
12597,8992.143022183878
12598,9064.73907237425
12599,8992.143022183878
12600,8992.143022183878
12601,8992.143022183878
12602,9064.73907237425
12603,9064.73907237425
12604,9064.73907237425
12605,9064.73907237425
12606,8992.143022183878
12607,9064.73907237425
12608,8992.143022183878
12609,9064.73907237425
12610,8992.143022183878
12611,9064.73907237425
12612,8992.143022183878
12613,8992.143022183878
12614,8992.143022183878
12615,9064.73907237425
12616,9071.694926055761
12617,9003.3363056098
12618,9003.3363056098
12619,9075.932355800172
12620,9075.932355800172
12621,9075.932355800172
12622,9075.932355800172
12623,9075.932355800172
12624,9003.3363056098
12625,9075.932355800172
12626,9003.3363056098
12627,9075.932355800172
12628,9075.932355800172
12629,9003.3363056098
12630,9003.3363056098
12631,9003.3363056098
12632,9003.3363056098
12633,9003.3363056098
12634,9075.932355800172
12635,8985.309466024559
12636,9057.90551621493
12637,8985.309466024559
12638,8985.309466024559
12639,9057.90551621493
12640,8985.309466024559
12641,9057.90551621493
12642,8985.309466024559
12643,9042.802852503066
12644,9042.802852503066
12645,9042.802852503066
12646,8970.206802312694
12647,9042.802852503066
12648,8970.206802312694
12649,9055.146168383699
12650,8982.550118193327
12651,8982.550118193327
12652,9055.146168383699
12653,8982.550118193327
12654,8982.550118193327
12655,8982.550118193327
12656,9055.146168383699
12657,9055.146168383699
12658,9055.146168383699
12659,8985.346034162621
12660,8912.74998397225
12661,8912.74998397225
12662,8985.346034162621
12663,8907.097495389704
12664,8907.097495389704
12665,8907.097495389704
12666,8907.097495389704
12667,8979.693545580076
12668,8907.097495389704
12669,8907.097495389704
12670,8907.097495389704
12671,8979.693545580076
12672,8907.097495389704
12673,8979.693545580076
12674,8979.693545580076
12675,8907.097495389704
12676,8979.693545580076
12677,8907.097495389704
12678,8979.693545580076
12679,8907.097495389704
12680,8877.848932584247
12681,8950.44498277462
12682,8877.848932584247
12683,9011.910320288973
12684,9084.506370479345
12685,8937.417790948446
12686,8937.417790948446
12687,9010.013841138818
12688,9010.013841138818
12689,9010.013841138818
12690,8937.417790948446
12691,9010.013841138818
12692,9010.013841138818
12693,8941.805500858916
12694,9014.401551049288
12695,8941.805500858916
12696,9056.851197462838
12697,8984.255147272466
12698,9056.851197462838
12699,8984.255147272466
12700,9056.851197462838
12701,8984.255147272466
12702,8984.255147272466
12703,9056.851197462838
12704,8984.255147272466
12705,8972.119927621501
12706,8972.119927621501
12707,9044.715977811873
12708,8972.119927621501
12709,9044.715977811873
12710,8981.412653171186
12711,8981.412653171186
12712,9054.008703361558
12713,9037.832904657607
12714,8965.236854467235
12715,9037.832904657607
12716,8965.236854467235
12717,9018.54514746043
12718,9018.54514746043
12719,8945.949097270059
12720,8945.949097270059
12721,9018.54514746043
12722,8989.586288339353
12723,8916.990238148981
12724,8989.586288339353
12725,8989.586288339353
12726,9014.137042502998
12727,9014.137042502998
12728,9014.137042502998
12729,9014.137042502998
12730,8941.540992312626
12731,9014.137042502998
12732,9014.137042502998
12733,8995.632204696405
12734,8923.036154506033
12735,8923.036154506033
12736,8995.632204696405
12737,8923.036154506033
12738,8923.036154506033
12739,8995.632204696405
12740,8837.661491550967
12741,8910.257541741339
12742,8837.661491550967
12743,8837.661491550967
12744,8837.661491550967
12745,8837.661491550967
12746,8910.257541741339
12747,8903.484567145235
12748,8976.080617335607
12749,8976.080617335607
12750,9174.996634285884
12751,9072.109816376425
12752,9144.705866566797
12753,9144.705866566797
12754,9044.573968555955
12755,9044.573968555955
12756,9117.170018746327
12757,9117.170018746327
12758,9020.299328553028
12759,9020.299328553028
12760,9092.8953787434
12761,9020.299328553028
12762,9092.8953787434
12763,9102.591125122175
12764,9029.995074931803
12765,9102.591125122175
12766,9102.591125122175
12767,9073.9538270086
12768,9001.357776818228
12769,9073.9538270086
12770,9056.512500823233
12771,8983.916450632862
12772,9056.512500823233
12773,9073.6654276217
12774,9073.6654276217
12775,9001.069377431328
12776,9001.069377431328
12777,9001.069377431328
12778,9073.6654276217
12779,8971.52607844209
12780,9044.122128632462
12781,9044.122128632462
12782,9044.122128632462
12783,8971.52607844209
12784,9044.122128632462
12785,9044.122128632462
12786,8971.52607844209
12787,9044.122128632462
12788,9044.122128632462
12789,8971.52607844209
12790,9044.122128632462
12791,8971.52607844209
12792,8971.52607844209
12793,9044.122128632462
12794,9057.96995402301
12795,8985.373903832638
12796,9057.96995402301
12797,8985.373903832638
12798,9057.96995402301
12799,9057.96995402301
12800,9013.193754217293
12801,9013.193754217293
12802,8940.59770402692
12803,9013.193754217293
12804,9063.772923793933
12805,8991.176873603561
12806,9063.772923793933
12807,8991.176873603561
12808,9063.772923793933
12809,9063.772923793933
12810,9063.772923793933
12811,8991.176873603561
12812,8991.176873603561
12813,8991.176873603561
12814,9063.772923793933
12815,8991.176873603561
12816,9023.099681912247
12817,8950.503631721875
12818,9023.099681912247
12819,9023.099681912247
12820,9023.099681912247
12821,9023.099681912247
12822,8950.503631721875
12823,8950.503631721875
12824,9023.099681912247
12825,9023.479230064719
12826,8950.883179874347
12827,9023.479230064719
12828,8950.883179874347
12829,8950.883179874347
12830,8950.883179874347
12831,8998.26962708125
12832,8998.26962708125
12833,8998.26962708125
12834,9010.146477731663
12835,9048.122408147508
12836,8975.526357957136
12837,8975.526357957136
12838,8965.08510146637
12839,8965.08510146637
12840,8965.08510146637
12841,8965.08510146637
12842,8979.363657717173
12843,9051.959707907545
12844,9051.959707907545
12845,9051.959707907545
12846,8979.363657717173
12847,8890.20898269843
12848,8962.8050328888
12849,8890.20898269843
12850,8962.8050328888
12851,9164.089103189204
12852,9164.089103189204
12853,9091.493052998832
12854,9084.985062077027
12855,9084.985062077027
12856,9157.581112267399
12857,9176.321118438806
12858,9103.725068248434
12859,9103.725068248434
12860,9176.321118438806
12861,9205.394609761921
12862,9205.394609761921
12863,8951.218914611409
12864,8911.214106832293
12865,11781.175790418481
12866,11730.387857331461
12867,11416.562814911662
12868,11416.562814911662
12869,11416.562814911662
12870,11467.350747998682
12871,11396.951535416509
12872,11396.951535416509
12873,11447.739468503529
12874,11396.951535416509
12875,11396.951535416509
12876,11456.041729838094
12877,11405.253796751074
12878,11456.041729838094
12879,11793.666712365612
12880,11793.666712365612
12881,11793.666712365612
12882,11742.878779278592
12883,11742.878779278592
12884,11742.878779278592
12885,11742.878779278592
12886,11742.878779278592
12887,11596.725042447148
12888,11647.512975534168
12889,11596.725042447148
12890,11596.725042447148
12891,11344.581337461508
12892,11293.793404374488
12893,11293.793404374488
12894,11293.793404374488
12895,11404.961700538124
12896,11354.173767451104
12897,11354.173767451104
12898,11404.961700538124
12899,11326.909560508084
12900,11276.121627421064
12901,11276.121627421064
12902,11326.909560508084
12903,11326.909560508084
12904,11322.601920054389
12905,11322.601920054389
12906,11271.813986967369
12907,11417.370047238814
12908,11417.370047238814
12909,11321.488898857095
12910,11270.700965770075
12911,11270.700965770075
12912,11270.700965770075
12913,11295.67311270345
12914,11295.67311270345
12915,11244.88517961643
12916,11295.67311270345
12917,11405.906817221769
12918,11355.118884134748
12919,11405.906817221769
12920,11355.118884134748
12921,11355.118884134748
12922,11355.118884134748
12923,11405.906817221769
12924,11405.906817221769
12925,11405.906817221769
12926,11364.862906775816
12927,11364.862906775816
12928,11314.074973688796
12929,11314.074973688796
12930,11314.074973688796
12931,11314.074973688796
12932,11364.862906775816
12933,11314.074973688796
12934,11364.862906775816
12935,11314.074973688796
12936,11314.074973688796
12937,11314.074973688796
12938,11314.074973688796
12939,11364.862906775816
12940,11310.650043973155
12941,11265.166960738736
12942,11265.166960738736
12943,11310.650043973155
12944,11310.650043973155
12945,11310.650043973155
12946,11265.166960738736
12947,11265.166960738736
12948,11310.650043973155
12949,11310.650043973155
12950,11310.650043973155
12951,11320.901039223703
12952,11275.417955989284
12953,11275.417955989284
12954,11275.417955989284
12955,11462.57499062663
12956,11374.273346778968
12957,11374.273346778968
12958,11361.556022685321
12959,11449.857666532984
12960,11449.857666532984
12961,11449.857666532984
12962,11381.920408087142
12963,11331.547644125101
12964,11381.920408087142
12965,11381.920408087142
12966,11381.920408087142
12967,11381.920408087142
12968,11381.920408087142
12969,11381.920408087142
12970,11381.920408087142
12971,11331.547644125101
12972,11381.920408087142
12973,11381.920408087142
12974,11381.920408087142
12975,11331.547644125101
12976,11331.547644125101
12977,11381.920408087142
12978,11331.547644125101
12979,11331.547644125101
12980,11331.547644125101
12981,11381.920408087142
12982,11316.76265789854
12983,11266.389893936499
12984,11316.76265789854
12985,11316.76265789854
12986,11309.488206884127
12987,11259.115442922086
12988,11309.488206884127
12989,11309.488206884127
12990,11328.049753450907
12991,11277.676989488866
12992,11328.049753450907
12993,11277.676989488866
12994,11359.532077125403
12995,11359.532077125403
12996,11409.904841087444
12997,11409.904841087444
12998,11359.532077125403
12999,11359.532077125403
13000,11359.532077125403
13001,11320.771684331434
13002,11371.144448293475
13003,11371.144448293475
13004,11371.144448293475
13005,11320.771684331434
13006,11062.307913136177
13007,11011.935149174136
13008,11062.307913136177
13009,11062.307913136177
13010,11062.307913136177
13011,11062.307913136177
13012,11062.307913136177
13013,11062.307913136177
13014,11062.307913136177
13015,11029.367992482883
13016,11029.367992482883
13017,11079.740756444924
13018,11001.704252931699
13019,11001.704252931699
13020,11052.07701689374
13021,11052.07701689374
13022,11399.229093445725
13023,11399.229093445725
13024,11399.229093445725
13025,11393.190210536875
13026,11342.817446574834
13027,11342.817446574834
13028,11342.817446574834
13029,11393.190210536875
13030,11342.817446574834
13031,11342.817446574834
13032,11393.190210536875
13033,11342.817446574834
13034,11313.779229254085
13035,11313.779229254085
13036,11364.151993216126
13037,11364.151993216126
13038,11313.779229254085
13039,11313.779229254085
13040,11364.151993216126
13041,11325.646743951906
13042,11376.019507913947
13043,11376.019507913947
13044,11325.646743951906
13045,11376.019507913947
13046,11325.646743951906
13047,11325.646743951906
13048,11325.646743951906
13049,11376.019507913947
13050,11376.019507913947
13051,11325.646743951906
13052,11375.531963021172
13053,11325.159199059131
13054,11375.531963021172
13055,11325.159199059131
13056,11325.159199059131
13057,11543.250171300899
13058,11492.877407338858
13059,11492.877407338858
13060,11492.877407338858
13061,11543.250171300899
13062,11328.185362832906
13063,11328.185362832906
13064,11378.558126794947
13065,11378.558126794947
13066,11328.185362832906
13067,11378.558126794947
13068,11393.176839315374
13069,11342.804075353333
13070,11393.176839315374
13071,11342.804075353333
13072,11419.411717808307
13073,11369.038953846266
13074,11386.137139894689
13075,11386.137139894689
13076,11386.137139894689
13077,11335.764375932647
13078,11386.137139894689
13079,11386.137139894689
13080,11335.764375932647
13081,11386.137139894689
13082,11386.137139894689
13083,11386.137139894689
13084,11386.137139894689
13085,11386.137139894689
13086,11406.346398537033
13087,11355.973634574992
13088,11393.360165184506
13089,11393.360165184506
13090,11393.360165184506
13091,11393.360165184506
13092,11376.825031665698
13093,11326.452267703657
13094,11376.825031665698
13095,11326.452267703657
13096,11376.825031665698
13097,11326.452267703657
13098,11376.825031665698
13099,11376.825031665698
13100,11376.825031665698
13101,11344.970667454756
13102,11344.970667454756
13103,11344.970667454756
13104,11395.343431416797
13105,11431.18209707831
13106,11380.809333116269
13107,11380.809333116269
13108,11380.809333116269
13109,11350.40702814278
13110,11300.034264180738
13111,11300.034264180738
13112,11350.40702814278
13113,11300.034264180738
13114,11350.40702814278
13115,11300.034264180738
13116,11300.034264180738
13117,11300.034264180738
13118,11357.377174692338
13119,11307.004410730297
13120,11307.004410730297
13121,11307.004410730297
13122,11357.377174692338
13123,11357.377174692338
13124,11357.377174692338
13125,11357.377174692338
13126,11307.004410730297
13127,11307.004410730297
13128,11357.377174692338
13129,11307.004410730297
13130,11307.004410730297
13131,11253.426866008513
13132,11203.054102046472
13133,11253.426866008513
13134,11253.426866008513
13135,11253.426866008513
13136,11203.054102046472
13137,11203.054102046472
13138,11253.426866008513
13139,11317.124289798669
13140,11317.124289798669
13141,11367.49705376071
13142,11317.124289798669
13143,11367.49705376071
13144,11367.49705376071
13145,11370.997045755264
13146,11370.997045755264
13147,11320.624281793223
13148,11446.92530950168
13149,11446.92530950168
13150,11396.552545539638
13151,11446.92530950168
13152,11396.552545539638
13153,11497.257107501251
13154,11446.88434353921
13155,11446.88434353921
13156,11497.257107501251
13157,11446.88434353921
13158,11506.584447270016
13159,11506.584447270016
13160,11456.211683307974
13161,11456.211683307974
13162,11456.211683307974
13163,11456.211683307974
13164,11456.211683307974
13165,11456.211683307974
13166,11456.211683307974
13167,11506.584447270016
13168,11456.211683307974
13169,11473.341845787429
13170,11473.341845787429
13171,11523.71460974947
13172,11353.09033983874
13173,11403.463103800781
13174,11353.09033983874
13175,11335.70103741279
13176,11335.70103741279
13177,11335.70103741279
13178,11335.70103741279
13179,11285.328273450748
13180,11311.06868234336
13181,11311.06868234336
13182,11311.06868234336
13183,11311.06868234336
13184,11311.06868234336
13185,11266.639643142717
13186,11266.639643142717
13187,11266.639643142717
13188,11177.828193666663
13189,11127.455429704622
13190,11127.455429704622
13191,11270.124739364634
13192,11270.124739364634
13193,11270.124739364634
13194,11320.497503326675
13195,11320.497503326675
13196,11297.951109456097
13197,11297.951109456097
13198,11247.578345494056
13199,11247.578345494056
13200,11247.578345494056
13201,11232.269994733337
13202,11181.897230771296
13203,11230.118688021434
13204,11179.745924059393
13205,11230.118688021434
13206,11035.005246843093
13207,11035.005246843093
13208,11260.036520851501
13209,11260.036520851501
13210,11310.409284813542
13211,11310.409284813542
13212,11310.409284813542
13213,11260.036520851501
13214,11260.036520851501
13215,11142.664613521163
13216,11092.291849559122
13217,11142.664613521163
13218,11142.664613521163
13219,11265.157347102224
13220,11315.530111064265
13221,11265.157347102224
13222,11297.241833766193
13223,11246.869069804152
13224,11246.869069804152
13225,11246.869069804152
13226,11275.932608215551
13227,11326.305372177592
13228,11275.932608215551
13229,11275.932608215551
13230,11275.932608215551
13231,11326.305372177592
13232,11297.56820822526
13233,11199.791945014216
13234,11250.164708976257
13235,11199.791945014216
13236,11199.791945014216
13237,11301.460597026744
13238,11351.833360988785
13239,11351.833360988785
13240,11351.833360988785
13241,11307.206113651788
13242,11357.578877613829
13243,11357.578877613829
13244,11357.578877613829
13245,11357.578877613829
13246,11357.578877613829
13247,11357.578877613829
13248,11363.266256560963
13249,11363.266256560963
13250,11363.266256560963
13251,11312.893492598922
13252,11312.893492598922
13253,11312.893492598922
13254,11363.266256560963
13255,11312.893492598922
13256,11349.929980411145
13257,11349.929980411145
13258,11349.929980411145
13259,11299.557216449104
13260,11314.82768195056
13261,11365.200445912602
13262,11365.200445912602
13263,11314.82768195056
13264,11314.82768195056
13265,11365.200445912602
13266,11365.200445912602
13267,11314.82768195056
13268,11329.244967482402
13269,11329.244967482402
13270,11329.244967482402
13271,11338.175528491685
13272,11338.175528491685
13273,11338.175528491685
13274,11388.548292453726
13275,11405.25100891646
13276,11354.87824495442
13277,11354.87824495442
13278,11405.25100891646
13279,11354.87824495442
13280,11405.25100891646
13281,11405.25100891646
13282,11354.87824495442
13283,11405.25100891646
13284,11405.25100891646
13285,11377.062751854306
13286,11427.435515816347
13287,11427.435515816347
13288,11377.062751854306
13289,11427.435515816347
13290,11377.062751854306
13291,11427.435515816347
13292,11329.700010275912
13293,11279.327246313871
13294,11329.700010275912
13295,11279.327246313871
13296,11312.067517765046
13297,11312.067517765046
13298,11362.440281727087
13299,11305.57285371246
13300,11305.57285371246
13301,11305.57285371246
13302,11305.57285371246
13303,11305.57285371246
13304,11355.9456176745
13305,11305.57285371246
13306,11355.9456176745
13307,11305.57285371246
13308,11355.9456176745
13309,11355.9456176745
13310,11355.9456176745
13311,11305.57285371246
13312,11305.57285371246
13313,11305.57285371246
13314,11308.198393502445
13315,11358.571157464487
13316,11358.571157464487
13317,11358.571157464487
13318,11265.541011841802
13319,11265.541011841802
13320,11315.913775803843
13321,11265.541011841802
13322,11315.913775803843
13323,11286.277206202416
13324,11286.277206202416
13325,11235.904442240375
13326,11235.904442240375
13327,11286.277206202416
13328,11254.708539475487
13329,11204.335775513446
13330,11254.708539475487
13331,11254.708539475487
13332,11318.591254802195
13333,11318.591254802195
13334,11318.591254802195
13335,11321.760410757062
13336,11372.133174719103
13337,11372.133174719103
13338,11331.4075319576
13339,11281.03476799556
13340,11331.4075319576
13341,11331.4075319576
13342,11331.4075319576
13343,11281.03476799556
13344,11300.86288329466
13345,11300.86288329466
13346,11300.86288329466
13347,11300.86288329466
13348,11357.204724613932
13349,11357.204724613932
13350,11357.204724613932
13351,11306.83196065189
13352,11306.83196065189
13353,11357.204724613932
13354,11357.204724613932
13355,11357.204724613932
13356,11357.204724613932
13357,11306.83196065189
13358,11306.83196065189
13359,11243.437397539366
13360,11243.437397539366
13361,11243.437397539366
13362,11293.810161501407
13363,11293.810161501407
13364,11282.996163354199
13365,11232.623399392158
13366,11282.996163354199
13367,11383.253903961815
13368,11383.253903961815
13369,11383.253903961815
13370,11433.626667923856
13371,11383.253903961815
13372,11383.253903961815
13373,11400.618846290012
13374,11400.618846290012
13375,11400.618846290012
13376,11400.618846290012
13377,11400.618846290012
13378,11400.618846290012
13379,11400.618846290012
13380,11350.24608232797
13381,11400.618846290012
13382,11400.618846290012
13383,11400.618846290012
13384,11387.71593723432
13385,11337.343173272277
13386,11337.343173272277
13387,11387.71593723432
13388,11419.445852091803
13389,11369.073088129762
13390,11369.073088129762
13391,11419.445852091803
13392,11419.445852091803
13393,11359.150310334016
13394,11359.150310334016
13395,11409.523074296058
13396,11359.150310334016
13397,11359.150310334016
13398,11359.150310334016
13399,11409.523074296058
13400,11409.523074296058
13401,11359.150310334016
13402,11359.150310334016
13403,11359.150310334016
13404,11409.523074296058
13405,11409.523074296058
13406,11409.523074296058
13407,11409.523074296058
13408,11359.150310334016
13409,11359.150310334016
13410,11409.523074296058
13411,11344.030518017038
13412,11394.40328197908
13413,11394.40328197908
13414,11377.403529016052
13415,11327.03076505401
13416,11377.403529016052
13417,11377.403529016052
13418,11327.03076505401
13419,11377.403529016052
13420,11377.403529016052
13421,11327.03076505401
13422,11327.03076505401
13423,11377.403529016052
13424,11377.403529016052
13425,11327.03076505401
13426,11327.03076505401
13427,11392.809404668462
13428,11392.809404668462
13429,11342.43664070642
13430,11342.570617104604
13431,11342.570617104604
13432,11342.570617104604
13433,11415.197129541266
13434,11465.569893503307
13435,11415.197129541266
13436,11415.197129541266
13437,11465.569893503307
13438,11465.569893503307
13439,11465.569893503307
13440,11415.197129541266
13441,11486.99024084718
13442,11486.99024084718
13443,11410.683093171494
13444,11461.055857133535
13445,11461.055857133535
13446,11410.683093171494
13447,11410.683093171494
13448,11410.683093171494
13449,11378.28528290035
13450,11428.65804686239
13451,11428.65804686239
13452,11298.51711685197
13453,11348.889880814011
13454,11295.690990777393
13455,11346.063754739434
13456,11346.063754739434
13457,11346.063754739434
13458,11295.690990777393
13459,11295.690990777393
13460,11295.690990777393
13461,11295.690990777393
13462,11346.063754739434
13463,11295.690990777393
13464,11346.063754739434
13465,11295.690990777393
13466,11346.063754739434
13467,11295.690990777393
13468,11346.063754739434
13469,11346.063754739434
13470,11346.063754739434
13471,11295.690990777393
13472,11308.008208066467
13473,11351.109069398637
13474,11351.109069398637
13475,11300.736305436596
13476,11300.736305436596
13477,11300.736305436596
13478,11300.736305436596
13479,11300.736305436596
13480,11351.109069398637
13481,11300.736305436596
13482,11351.109069398637
13483,11300.736305436596
13484,11300.736305436596
13485,11351.109069398637
13486,11351.109069398637
13487,11351.109069398637
13488,11351.109069398637
13489,11351.109069398637
13490,11300.736305436596
13491,11327.942376000716
13492,11277.569612038675
13493,11327.942376000716
13494,11327.942376000716
13495,11277.569612038675
13496,11327.942376000716
13497,11277.569612038675
13498,11327.942376000716
13499,11245.98071329464
13500,11245.98071329464
13501,11245.98071329464
13502,11296.353477256682
13503,11245.98071329464
13504,11296.353477256682
13505,11258.324029175274
13506,11308.696793137315
13507,11308.696793137315
13508,11277.501321530042
13509,11327.874085492083
13510,11327.874085492083
13511,11331.75853938816
13512,11281.385775426119
13513,11281.385775426119
13514,11281.385775426119
13515,11211.585641205042
13516,11261.958405167083
13517,11261.958405167083
13518,11211.585641205042
13519,11237.162102546565
13520,11237.162102546565
13521,11237.162102546565
13522,11237.162102546565
13523,11186.789338584524
13524,11237.162102546565
13525,11237.162102546565
13526,11237.162102546565
13527,11186.789338584524
13528,11237.162102546565
13529,11186.789338584524
13530,11186.789338584524
13531,11237.162102546565
13532,11186.789338584524
13533,11237.162102546565
13534,11191.8542546733
13535,11242.227018635342
13536,11212.978455829885
13537,11162.605691867844
13538,11212.978455829885
13539,11307.719947047133
13540,11257.347183085092
13541,11272.547314194084
13542,11272.547314194084
13543,11222.174550232043
13544,11222.174550232043
13545,11222.174550232043
13546,11272.547314194084
13547,11222.174550232043
13548,11222.174550232043
13549,11316.657240046265
13550,11266.284476084224
13551,11316.657240046265
13552,11308.734122497774
13553,11359.106886459815
13554,11308.734122497774
13555,11359.106886459815
13556,11308.734122497774
13557,11359.106886459815
13558,11359.106886459815
13559,11308.734122497774
13560,11359.106886459815
13561,11346.97166680885
13562,11346.97166680885
13563,11296.598902846808
13564,11346.97166680885
13565,11296.598902846808
13566,11356.264392358535
13567,11356.264392358535
13568,11305.891628396494
13569,11191.993190085115
13570,11242.365954047156
13571,11191.993190085115
13572,11242.365954047156
13573,11263.149533058631
13574,11263.149533058631
13575,11313.522297020672
13576,11313.522297020672
13577,11263.149533058631
13578,11234.190673937554
13579,11284.563437899595
13580,11234.190673937554
13581,11234.190673937554
13582,11258.741428101199
13583,11258.741428101199
13584,11258.741428101199
13585,11258.741428101199
13586,11309.11419206324
13587,11258.741428101199
13588,11258.741428101199
13589,11240.236590294606
13590,11290.609354256647
13591,11290.609354256647
13592,11240.236590294606
13593,11290.609354256647
13594,11290.609354256647
13595,11240.236590294606
13596,11148.426093388083
13597,11098.053329426042
13598,11148.426093388083
13599,11148.426093388083
13600,11148.426093388083
13601,11148.426093388083
13602,11098.053329426042
13603,11272.879633177341
13604,11222.5068692153
13605,11222.5068692153
13606,11416.984177809338
13607,11451.52669495915
13608,11401.153930997109
13609,11401.153930997109
13610,11492.586804097251
13611,11492.586804097251
13612,11442.21404013521
13613,11442.21404013521
13614,11468.312164094325
13615,11468.312164094325
13616,11476.93408935545
13617,11527.306853317492
13618,11476.93408935545
13619,11603.696807199121
13620,11654.069571161162
13621,11603.696807199121
13622,11603.696807199121
13623,11651.610558805496
13624,11701.983322767537
13625,11651.610558805496
13626,11634.16923262013
13627,11684.541996582171
13628,11634.16923262013
13629,11651.322159418596
13630,11651.322159418596
13631,11701.694923380637
13632,11701.694923380637
13633,11701.694923380637
13634,11651.322159418596
13635,11555.754507972017
13636,11505.381744009976
13637,11505.381744009976
13638,11505.381744009976
13639,11555.754507972017
13640,11505.381744009976
13641,11505.381744009976
13642,11555.754507972017
13643,11505.381744009976
13644,11505.381744009976
13645,11555.754507972017
13646,11505.381744009976
13647,11555.754507972017
13648,11503.595455575662
13649,11453.22269161362
13650,11325.892129601674
13651,11376.264893563715
13652,11325.892129601674
13653,11376.264893563715
13654,11336.699744130403
13655,11336.699744130403
13656,11291.691490041667
13657,11291.691490041667
13658,11342.064254003708
13659,11291.691490041667
13660,11342.270659618307
13661,11392.643423580348
13662,11342.270659618307
13663,11392.643423580348
13664,11342.270659618307
13665,11342.270659618307
13666,11342.270659618307
13667,11392.643423580348
13668,11392.643423580348
13669,11392.643423580348
13670,11342.270659618307
13671,11392.643423580348
13672,11297.346302031574
13673,11347.719065993615
13674,11297.346302031574
13675,11287.262797133404
13676,11287.262797133404
13677,11287.262797133404
13678,11337.635561095445
13679,11337.635561095445
13680,11287.262797133404
13681,11287.642345285876
13682,11338.015109247917
13683,11287.642345285876
13684,11338.015109247917
13685,11338.015109247917
13686,11338.015109247917
13687,11254.274470640137
13688,11254.274470640137
13689,11254.274470640137
13690,11265.415119760983
13691,11362.782996658912
13692,11413.155760620954
13693,11413.155760620954
13694,11359.170923443991
13695,11359.170923443991
13696,11359.170923443991
13697,11359.170923443991
13698,11359.170923443991
13699,11308.79815948195
13700,11308.79815948195
13701,11316.778107649377
13702,11367.150871611419
13703,11277.996196592676
13704,11227.623432630633
13705,11311.179947989924
13706,11260.807184027884
13707,11395.321296610278
13708,11395.321296610278
13709,11445.69406057232
13710,11439.186069650514
13711,11439.186069650514
13712,11388.813305688473
13713,11438.275301279478
13714,11488.64806524152
13715,11488.64806524152
13716,11438.275301279478
13717,11658.95966790562
13718,11658.95966790562
13719,11393.317186771967
13720,11470.708467913071
13721,7196.66619714435
13722,7422.505723246398
13723,7848.543965439463
13724,7894.83576854908
13725,7631.567535226693
13726,6096.048646924487
13727,6054.530530217327
13728,6054.530530217327
13729,7048.724125929304
13730,6051.881975276453
13731,6008.958465556662
13732,6857.611971182292
13733,6463.878352407608
13734,6368.890775898835
13735,6464.360799631053
13736,5967.314660114767
13737,6681.821244195092
13738,6253.8539096087425
13739,6253.8539096087425
13740,6206.7307254874695
13741,5707.536256232255
13742,5648.245472691775
13743,6329.879466793398
13744,6721.240538898177
13745,6298.304703975471
13746,6390.758136598714
13747,6390.758136598714
13748,5378.995044154027
13749,5343.924874489437
13750,5107.57367387957
13751,5107.57367387957
13752,5107.57367387957
13753,5142.6438435441605
13754,5099.004377573614
13755,5099.004377573614
13756,5099.004377573614
13757,5099.004377573614
13758,5099.004377573614
13759,4782.899842980117
13760,4782.899842980117
13761,4782.899842980117
13762,5310.339706164502
13763,5310.339706164502
13764,5310.339706164502
13765,5310.339706164502
13766,5310.339706164502
13767,5641.060639552111
13768,5641.060639552111
13769,5641.060639552111
13770,5692.017909443677
13771,5692.017909443677
13772,5692.017909443677
13773,5692.017909443677
13774,5985.464467286132
13775,5985.464467286132
13776,5985.464467286132
13777,5985.464467286132
13778,5466.720474510456
13779,5466.720474510456
13780,5466.720474510456
13781,5466.720474510456
13782,5528.547490149016
13783,5528.547490149016
13784,5528.547490149016
13785,5528.547490149016
13786,5528.547490149016
13787,6052.905322319066
13788,6052.905322319066
13789,6052.905322319066
13790,5552.970724408912
13791,5518.974442466296
13792,5599.103792151651
13793,5599.103792151651
13794,5599.103792151651
13795,5599.103792151651
13796,5599.103792151651
13797,5599.103792151651
13798,5599.103792151651
13799,5633.100074094267
13800,5640.173216215897
13801,5606.1769342732805
13802,5606.1769342732805
13803,5606.1769342732805
13804,5606.1769342732805
13805,5608.799634004325
13806,5608.799634004325
13807,5642.795915946941
13808,5608.799634004325
13809,5807.572031829912
13810,5807.572031829912
13811,5807.572031829912
13812,5807.572031829912
13813,5807.572031829912
13814,5463.9718038211795
13815,5463.9718038211795
13816,5518.184017035712
13817,5518.184017035712
13818,5518.184017035712
13819,5518.184017035712
13820,5518.184017035712
13821,5287.869726356879
13822,5287.869726356879
13823,5696.2775186475
13824,5696.2775186475
13825,5696.2775186475
13826,5589.385569478925
13827,5623.381851421542
13828,5589.385569478925
13829,5589.385569478925
13830,5664.880855826367
13831,5698.877137768984
13832,5698.877137768984
13833,5664.880855826367
13834,5679.717025942753
13835,5679.717025942753
13836,5679.717025942753
13837,5679.717025942753
13838,5293.867948117809
13839,5259.871666175192
13840,5259.871666175192
13841,5376.768351293986
13842,5376.768351293986
13843,5410.764633236602
13844,5376.768351293986
13845,5238.376059102435
13846,5204.379777159818
13847,5204.379777159818
13848,5198.826179533343
13849,5164.829897590726
13850,5164.829897590726
13851,5164.829897590726
13852,5271.592590434117
13853,5237.5963084915
13854,5237.5963084915
13855,5237.5963084915
13856,5237.5963084915
13857,5433.496569977762
13858,5433.496569977762
13859,5433.496569977762
13860,5433.496569977762
13861,5433.496569977762
13862,5433.496569977762
13863,5433.496569977762
13864,5467.492851920379
13865,5636.319799469254
13866,5636.319799469254
13867,5636.319799469254
13868,5636.319799469254
13869,5466.490397403157
13870,5432.49411546054
13871,5466.490397403157
13872,5432.49411546054
13873,5444.587192618947
13874,5444.587192618947
13875,5444.587192618947
13876,5444.587192618947
13877,5444.587192618947
13878,5444.587192618947
13879,5444.587192618947
13880,5444.587192618947
13881,5444.587192618947
13882,5444.587192618947
13883,5444.587192618947
13884,5447.246968418989
13885,5447.246968418989
13886,5481.2432503616055
13887,5447.246968418989
13888,5447.246968418989
13889,5444.430278649459
13890,5444.430278649459
13891,5444.430278649459
13892,5444.430278649459
13893,5532.272459981816
13894,5532.272459981816
13895,5532.272459981816
13896,5532.272459981816
13897,5532.272459981816
13898,5441.774374178389
13899,5441.774374178389
13900,5441.774374178389
13901,5458.939662670006
13902,5458.939662670006
13903,5492.935944612623
13904,5458.939662670006
13905,5442.622534690371
13906,5442.622534690371
13907,5442.622534690371
13908,5481.429229416855
13909,5481.429229416855
13910,5481.429229416855
13911,5481.429229416855
13912,5481.429229416855
13913,5481.429229416855
13914,5481.429229416855
13915,5481.429229416855
13916,5481.429229416855
13917,5447.068958745009
13918,5447.068958745009
13919,5447.068958745009
13920,5481.065240687625
13921,5447.068958745009
13922,5447.068958745009
13923,5447.068958745009
13924,5448.560756633855
13925,5448.560756633855
13926,5482.557038576471
13927,5448.560756633855
13928,5482.557038576471
13929,5448.560756633855
13930,5448.560756633855
13931,5448.560756633855
13932,5482.557038576471
13933,5448.560756633855
13934,5448.560756633855
13935,5479.203729018144
13936,5445.207447075528
13937,5479.203729018144
13938,5445.207447075528
13939,5445.207447075528
13940,5523.755348086811
13941,5489.759066144195
13942,5489.759066144195
13943,5489.759066144195
13944,5489.759066144195
13945,5463.7418116877925
13946,5463.7418116877925
13947,5463.7418116877925
13948,5497.738093630409
13949,5474.102722741856
13950,5474.102722741856
13951,5684.432237681531
13952,5684.432237681531
13953,5718.428519624147
13954,5684.432237681531
13955,5414.7317545866845
13956,5380.735472644068
13957,5417.273038358638
13958,5383.276756416021
13959,5383.276756416021
13960,5383.276756416021
13961,5591.688738762577
13962,5591.688738762577
13963,5591.688738762577
13964,5591.688738762577
13965,5779.991364630103
13966,5813.987646572719
13967,5779.991364630103
13968,5779.991364630103
13969,5334.015534733273
13970,5300.0192527906565
13971,5334.015534733273
13972,5300.0192527906565
13973,5334.015534733273
13974,5300.0192527906565
13975,5354.8286999909515
13976,5354.8286999909515
13977,5388.824981933568
13978,5354.8286999909515
13979,5388.824981933568
13980,5313.310583283792
13981,5347.306865226408
13982,5347.306865226408
13983,5313.310583283792
13984,5313.310583283792
13985,5313.310583283792
13986,5313.310583283792
13987,5347.306865226408
13988,5347.306865226408
13989,5313.310583283792
13990,5313.310583283792
13991,5313.310583283792
13992,5313.310583283792
13993,5313.310583283792
13994,5313.310583283792
13995,5313.310583283792
13996,5313.310583283792
13997,5313.310583283792
13998,5313.310583283792
13999,5313.310583283792
14000,5313.310583283792
14001,5313.310583283792
14002,5313.310583283792
14003,5313.310583283792
14004,5313.310583283792
14005,5417.755510698578
14006,5417.755510698578
14007,5417.755510698578
14008,5383.759228755962
14009,5428.772463177481
14010,5428.772463177481
14011,5428.772463177481
14012,5428.772463177481
14013,5428.772463177481
14014,5428.772463177481
14015,5428.772463177481
14016,5428.772463177481
14017,5428.772463177481
14018,5554.591734004684
14019,5520.595452062068
14020,5520.595452062068
14021,5520.595452062068
14022,5520.595452062068
14023,5520.595452062068
14024,5520.595452062068
14025,5520.595452062068
14026,5520.595452062068
14027,5554.591734004684
14028,5509.191384757729
14029,5509.191384757729
14030,5509.191384757729
14031,5597.44611054046
14032,5631.442392483076
14033,5597.44611054046
14034,5631.442392483076
14035,5597.44611054046
14036,5347.82589853547
14037,5347.82589853547
14038,5430.2075801423525
14039,5464.203862084969
14040,5430.2075801423525
14041,5473.531201853734
14042,5439.534919911118
14043,5439.534919911118
14044,5439.534919911118
14045,5439.534919911118
14046,5439.534919911118
14047,5439.534919911118
14048,5439.534919911118
14049,5439.534919911118
14050,5473.531201853734
14051,5439.534919911118
14052,5413.4842038386105
14053,5413.4842038386105
14054,5413.4842038386105
14055,5427.9034075501395
14056,5427.9034075501395
14057,5427.9034075501395
14058,5677.439997902344
14059,5677.439997902344
14060,5677.439997902344
14061,5711.43627984496
14062,5677.439997902344
14063,5840.8643517142755
14064,5806.868069771659
14065,5806.868069771659
14066,5840.8643517142755
14067,5806.868069771659
14068,5568.592033143646
14069,5568.592033143646
14070,5568.592033143646
14071,6047.585437214078
14072,6047.585437214078
14073,6047.585437214078
14074,5640.296082442646
14075,5640.296082442646
14076,5640.296082442646
14077,5640.296082442646
14078,5640.296082442646
14079,5592.199039603421
14080,5592.199039603421
14081,5592.199039603421
14082,5592.199039603421
14083,5592.199039603421
14084,6133.655114944325
14085,6133.655114944325
14086,5897.16826553694
14087,5897.16826553694
14088,5897.16826553694
14089,6113.429750046246
14090,6113.429750046246
14091,5752.400203142573
14092,5752.400203142573
14093,5786.39648508519
14094,5752.400203142573
14095,5684.965543999832
14096,5650.969262057216
14097,5650.969262057216
14098,6378.004681905876
14099,6378.004681905876
14100,6378.004681905876
14101,6412.000963848493
14102,5702.549257973795
14103,5702.549257973795
14104,5702.549257973795
14105,6130.833227990342
14106,6096.836946047725
14107,6096.836946047725
14108,6096.836946047725
14109,5862.334384466594
14110,5862.334384466594
14111,5862.334384466594
14112,5862.334384466594
14113,5675.499952617866
14114,5675.499952617866
14115,6046.156798896295
14116,5986.85928658504
14117,5986.85928658504
14118,5986.85928658504
14119,5986.85928658504
14120,5844.965346061825
14121,5844.965346061825
14122,5844.965346061825
14123,5844.965346061825
14124,5528.330847245656
14125,5528.330847245656
14126,5570.4914425324505
14127,5536.495160589834
14128,5536.495160589834
14129,5536.495160589834
14130,5536.495160589834
14131,5556.796766684562
14132,5556.796766684562
14133,5522.800484741945
14134,5488.751282921949
14135,5488.751282921949
14136,5488.751282921949
14137,5522.747564864565
14138,5488.751282921949
14139,5685.917157600102
14140,5651.920875657485
14141,5651.920875657485
14142,5651.920875657485
14143,5585.611020092399
14144,5619.607302035015
14145,5585.611020092399
14146,5585.611020092399
14147,5585.611020092399
14148,5585.611020092399
14149,5585.611020092399
14150,5585.611020092399
14151,5566.733048504762
14152,5566.733048504762
14153,5566.733048504762
14154,5448.3364012222
14155,5448.3364012222
14156,5448.3364012222
14157,5448.3364012222
14158,5448.3364012222
14159,5448.3364012222
14160,5448.3364012222
14161,5448.3364012222
14162,5448.3364012222
14163,5481.799680592997
14164,5481.799680592997
14165,5481.799680592997
14166,5481.799680592997
14167,5515.795962535613
14168,5458.6719501519965
14169,5458.6719501519965
14170,5492.668232094613
14171,5458.6719501519965
14172,5492.668232094613
14173,5458.6719501519965
14174,5492.668232094613
14175,6072.064849619892
14176,6072.064849619892
14177,6072.064849619892
14178,6072.064849619892
14179,5470.310626525103
14180,5470.310626525103
14181,5504.306908467719
14182,5534.924100489583
14183,5534.924100489583
14184,5534.924100489583
14185,5534.924100489583
14186,5534.924100489583
14187,5568.920382432199
14188,5534.924100489583
14189,5718.769866490252
14190,5718.769866490252
14191,5718.769866490252
14192,5718.769866490252
14193,5718.769866490252
14194,5723.2345166939585
14195,5723.2345166939585
14196,5723.2345166939585
14197,5510.355512293639
14198,5510.355512293639
14199,5544.351794236255
14200,5544.351794236255
14201,5499.141313038731
14202,5499.141313038731
14203,5499.141313038731
14204,5499.141313038731
14205,5533.137594981347
14206,5514.477810758689
14207,5514.477810758689
14208,5514.477810758689
14209,5514.477810758689
14210,5536.651169972348
14211,5724.329146756947
14212,5724.329146756947
14213,5758.325428699563
14214,5758.325428699563
14215,5486.460439709387
14216,5486.460439709387
14217,5486.460439709387
14218,5389.3266028457365
14219,5389.3266028457365
14220,5389.3266028457365
14221,5428.080185783212
14222,5394.083903840596
14223,5428.080185783212
14224,5394.083903840596
14225,5394.083903840596
14226,5394.083903840596
14227,5387.293076916634
14228,5387.293076916634
14229,5387.293076916634
14230,5387.293076916634
14231,5456.182434617868
14232,5456.182434617868
14233,5422.186152675252
14234,5453.853281710367
14235,5453.853281710367
14236,5453.853281710367
14237,5530.3652171525955
14238,5530.3652171525955
14239,5530.3652171525955
14240,5530.3652171525955
14241,5530.3652171525955
14242,5530.3652171525955
14243,5530.3652171525955
14244,5530.3652171525955
14245,5530.3652171525955
14246,5530.3652171525955
14247,5519.551219005387
14248,5519.551219005387
14249,5519.551219005387
14250,5531.654964659967
14251,5531.654964659967
14252,5531.654964659967
14253,5565.651246602583
14254,5531.654964659967
14255,5531.654964659967
14256,5565.651246602583
14257,5531.654964659967
14258,5565.651246602583
14259,5565.651246602583
14260,5531.654964659967
14261,5565.651246602583
14262,5531.654964659967
14263,5531.654964659967
14264,5531.654964659967
14265,5531.654964659967
14266,5531.654964659967
14267,5438.0859072799185
14268,5438.0859072799185
14269,5438.0859072799185
14270,5472.082189222535
14271,5509.067562542863
14272,5509.067562542863
14273,5509.067562542863
14274,5509.067562542863
14275,5509.067562542863
14276,5480.099826135061
14277,5480.099826135061
14278,5514.096108077678
14279,5480.099826135061
14280,5480.099826135061
14281,5480.099826135061
14282,5514.096108077678
14283,5480.099826135061
14284,5480.099826135061
14285,5480.099826135061
14286,5480.099826135061
14287,5514.096108077678
14288,5514.096108077678
14289,5480.099826135061
14290,5480.099826135061
14291,5480.099826135061
14292,5480.099826135061
14293,5480.099826135061
14294,5472.969976410717
14295,5472.969976410717
14296,5472.969976410717
14297,5474.7703846640625
14298,5474.7703846640625
14299,5474.7703846640625
14300,5474.7703846640625
14301,5474.7703846640625
14302,5508.766666606679
14303,5474.7703846640625
14304,5474.7703846640625
14305,5474.7703846640625
14306,5508.766666606679
14307,5508.766666606679
14308,5474.7703846640625
14309,5474.7703846640625
14310,5508.766666606679
14311,5474.7703846640625
14312,5474.7703846640625
14313,5474.7703846640625
14314,5474.7703846640625
14315,5474.7703846640625
14316,5473.22875615346
14317,5473.22875615346
14318,5473.22875615346
14319,5520.268319899353
14320,5520.268319899353
14321,5554.264601841969
14322,5554.264601841969
14323,5520.268319899353
14324,5458.247816502323
14325,5492.2440984449395
14326,5458.247816502323
14327,5458.247816502323
14328,5458.247816502323
14329,5458.247816502323
14330,5458.247816502323
14331,5458.247816502323
14332,5442.53262110196
14333,5442.53262110196
14334,5442.53262110196
14335,5442.53262110196
14336,5442.53262110196
14337,5427.64720054279
14338,5427.64720054279
14339,5427.64720054279
14340,5427.64720054279
14341,5427.64720054279
14342,5427.64720054279
14343,5427.64720054279
14344,5427.64720054279
14345,5427.64720054279
14346,5427.64720054279
14347,5461.643482485407
14348,5427.64720054279
14349,5427.64720054279
14350,5427.64720054279
14351,5427.64720054279
14352,5427.64720054279
14353,5427.64720054279
14354,5427.64720054279
14355,5463.29628369965
14356,5463.29628369965
14357,5497.292565642267
14358,5463.29628369965
14359,5463.29628369965
14360,5463.29628369965
14361,5463.29628369965
14362,5463.29628369965
14363,5463.29628369965
14364,5463.29628369965
14365,5463.29628369965
14366,5463.29628369965
14367,5463.29628369965
14368,5497.292565642267
14369,5463.29628369965
14370,5463.29628369965
14371,5463.29628369965
14372,5497.292565642267
14373,5463.29628369965
14374,5448.688289723981
14375,5448.688289723981
14376,5448.688289723981
14377,5448.688289723981
14378,5448.688289723981
14379,5482.684571666598
14380,5448.688289723981
14381,5448.688289723981
14382,5454.55510984698
14383,5454.55510984698
14384,5454.55510984698
14385,5454.55510984698
14386,5454.55510984698
14387,5488.551391789596
14388,5411.531107375581
14389,5445.5273893181975
14390,5411.531107375581
14391,5392.927282782705
14392,5426.923564725322
14393,5379.752506209832
14394,5576.353237951157
14395,5576.353237951157
14396,5576.353237951157
14397,5576.353237951157
14398,5541.990950606589
14399,5541.990950606589
14400,5575.987232549205
14401,5541.990950606589
14402,5537.330026282617
14403,5571.326308225233
14404,5537.330026282617
14405,5537.330026282617
14406,5537.330026282617
14407,5571.326308225233
14408,5537.330026282617
14409,5500.92552198761
14410,5500.92552198761
14411,5500.92552198761
14412,5500.92552198761
14413,5500.92552198761
14414,5500.92552198761
14415,5500.92552198761
14416,5534.921803930227
14417,5441.63473844713
14418,5475.6310203897465
14419,5505.968035636988
14420,5471.971753694372
14421,5505.968035636988
14422,5466.1017197240735
14423,5466.1017197240735
14424,5466.1017197240735
14425,5466.1017197240735
14426,5466.1017197240735
14427,5466.1017197240735
14428,5466.1017197240735
14429,5466.1017197240735
14430,5466.1017197240735
14431,5466.1017197240735
14432,5504.485711577161
14433,5470.489429634545
14434,5470.489429634545
14435,5470.489429634545
14436,5470.489429634545
14437,5470.489429634545
14438,5470.489429634545
14439,5470.489429634545
14440,5470.489429634545
14441,5470.489429634545
14442,5470.489429634545
14443,5470.489429634545
14444,5487.626389257342
14445,5487.626389257342
14446,5487.626389257342
14447,5521.622671199959
14448,5487.626389257342
14449,5508.041542629525
14450,5474.0452606869085
14451,5474.0452606869085
14452,5531.9564477243985
14453,5531.9564477243985
14454,5531.9564477243985
14455,5531.9564477243985
14456,5407.743505222809
14457,5407.743505222809
14458,5407.743505222809
14459,5510.18965715104
14460,5510.18965715104
14461,5618.491303037773
14462,5618.491303037773
14463,5618.491303037773
14464,5618.491303037773
14465,5618.491303037773
14466,5618.491303037773
14467,5618.491303037773
14468,5618.491303037773
14469,5219.056243735844
14470,5219.056243735844
14471,5219.056243735844
14472,5509.399719585837
14473,5543.396001528454
14474,5543.396001528454
14475,5509.399719585837
14476,5509.399719585837
14477,5543.396001528454
14478,5509.399719585837
14479,5771.184411153051
14480,5737.188129210434
14481,5737.188129210434
14482,5737.188129210434
14483,5530.714726895072
14484,5530.714726895072
14485,5521.715828331605
14486,5521.715828331605
14487,5521.715828331605
14488,5323.5491903073735
14489,5392.826892063551
14490,5358.830610120935
14491,5358.830610120935
14492,5358.830610120935
14493,5392.826892063551
14494,5358.830610120935
14495,5358.830610120935
14496,5351.293861665902
14497,5385.2901436085185
14498,5351.293861665902
14499,5351.293861665902
14500,5351.293861665902
14501,5360.989608044679
14502,5360.989608044679
14503,5507.609001274061
14504,5507.609001274061
14505,5538.812958927269
14506,5538.812958927269
14507,5538.812958927269
14508,5524.116473704165
14509,5524.116473704165
14510,5524.116473704165
14511,5388.386775290753
14512,5388.386775290753
14513,5444.664969531736
14514,5410.668687589119
14515,5517.462722135384
14516,5517.462722135384
14517,5682.041364322499
14518,5682.041364322499
14519,5682.041364322499
14520,5682.041364322499
14521,5682.041364322499
14522,5682.041364322499
14523,5682.041364322499
14524,5495.052878322748
14525,5495.052878322748
14526,5495.052878322748
14527,5495.052878322748
14528,5488.126151907853
14529,5488.126151907853
14530,5769.02252303269
14531,5735.026241090073
14532,5512.168462894734
14533,5512.168462894734
14534,5512.168462894734
14535,5512.168462894734
14536,5399.808722089035
14537,5399.808722089035
14538,5692.999940859183
14539,5692.999940859183
14540,5692.999940859183
14541,5692.999940859183
14542,5627.383378469174
14543,5627.383378469174
14544,5627.383378469174
14545,5449.12462812279
14546,5449.12462812279
14547,5449.12462812279
14548,5449.12462812279
14549,5449.12462812279
14550,5483.120910065407
14551,5421.67694644708
14552,5421.67694644708
14553,5455.673228389696
14554,5447.508547201591
14555,5447.508547201591
14556,5447.508547201591
14557,5447.508547201591
14558,5447.508547201591
14559,5447.508547201591
14560,5447.508547201591
14561,5447.508547201591
14562,5447.508547201591
14563,5447.508547201591
14564,5447.508547201591
14565,5447.508547201591
14566,5447.508547201591
14567,5475.584799893661
14568,5509.581081836277
14569,5150.39856678386
14570,5150.39856678386
14571,5150.39856678386
14572,5482.048312924035
14573,5296.261182253401
14574,5296.261182253401
14575,5330.257464196017
14576,5324.5569038696185
14577,5358.553185812235
14578,5358.553185812235
14579,5358.553185812235
14580,5358.553185812235
14581,5324.5569038696185
14582,5324.5569038696185
14583,5299.858070299185
14584,5299.858070299185
14585,5255.722834265134
14586,5255.722834265134
14587,5255.722834265134
14588,5255.722834265134
14589,5303.634219655598
14590,5303.634219655598
14591,5303.634219655598
14592,5405.965454299405
14593,5371.9691723567885
14594,5371.9691723567885
14595,5268.471640159658
14596,5268.471640159658
14597,5268.471640159658
14598,5268.471640159658
14599,5336.927889373755
14600,5336.927889373755
14601,6139.241431944161
14602,6173.630023467726
14603,6360.840811045782
14604,6316.37307608627
14605,6435.916845261064
14606,6435.916845261064
14607,6391.449110301552
14608,6435.916845261064
14609,6423.330201837262
14610,6423.330201837262
14611,6423.330201837262
14612,6378.86246687775
14613,6423.330201837262
14614,6476.599879355037
14615,6432.132144395525
14616,6476.599879355037
14617,6503.549126392465
14618,6503.549126392465
14619,6503.549126392465
14620,6461.666392205255
14621,6461.666392205255
14622,6413.373945856421
14623,6413.373945856421
14624,6413.373945856421
14625,6438.50839746955
14626,6438.50839746955
14627,6396.62566328234
14628,6396.62566328234
14629,6330.847193906764
14630,6288.964459719554
14631,6288.964459719554
14632,6288.964459719554
14633,6406.17620804015
14634,6364.29347385294
14635,6364.29347385294
14636,6406.17620804015
14637,6356.162376279151
14638,6314.279642091941
14639,6314.279642091941
14640,6356.162376279151
14641,6356.162376279151
14642,6405.689056851345
14643,6405.689056851345
14644,6405.689056851345
14645,6443.526940634755
14646,6443.526940634755
14647,6423.466236365521
14648,6381.5835021783105
14649,6423.466236365521
14650,6381.5835021783105
14651,6450.070490636313
14652,6450.070490636313
14653,6450.070490636313
14654,6450.070490636313
14655,6436.405889133039
14656,6394.5231549458285
14657,6436.405889133039
14658,6436.405889133039
14659,6394.5231549458285
14660,6439.028588864083
14661,6439.028588864083
14662,6439.028588864083
14663,6439.028588864083
14664,6439.028588864083
14665,6439.028588864083
14666,6397.145854676873
14667,6397.145854676873
14668,6397.145854676873
14669,6357.549660071366
14670,6399.432394258576
14671,6379.51786989744
14672,6421.40060408465
14673,6379.51786989744
14674,6379.51786989744
14675,6379.51786989744
14676,6313.381436045603
14677,6355.264170232813
14678,6458.455221967293
14679,6458.455221967293
14680,6416.572487780083
14681,6458.455221967293
14682,6458.455221967293
14683,6458.455221967293
14684,6458.455221967293
14685,6458.455221967293
14686,6458.455221967293
14687,6458.455221967293
14688,6458.455221967293
14689,6464.623078529325
14690,6422.740344342114
14691,6464.623078529325
14692,6464.623078529325
14693,6420.0404289783955
14694,6420.0404289783955
14695,6378.157694791185
14696,6358.037853219236
14697,6399.920587406446
14698,6399.920587406446
14699,6399.920587406446
14700,6420.915227068835
14701,6379.032492881624
14702,6420.915227068835
14703,6420.915227068835
14704,6420.915227068835
14705,6420.915227068835
14706,6420.915227068835
14707,6420.915227068835
14708,6420.915227068835
14709,6379.032492881624
14710,6420.915227068835
14711,6420.915227068835
14712,6420.915227068835
14713,6379.032492881624
14714,6379.032492881624
14715,6420.915227068835
14716,6420.915227068835
14717,6379.032492881624
14718,6379.032492881624
14719,6420.915227068835
14720,6420.915227068835
14721,6379.032492881624
14722,6420.915227068835
14723,6420.915227068835
14724,6413.640776054422
14725,6371.758041867211
14726,6413.640776054422
14727,6413.640776054422
14728,6425.733853212828
14729,6383.851119025618
14730,6425.733853212828
14731,6383.851119025618
14732,6383.851119025618
14733,6383.851119025618
14734,6425.733853212828
14735,6425.733853212828
14736,6383.851119025618
14737,6383.851119025618
14738,6383.851119025618
14739,6380.970511384833
14740,6422.853245572043
14741,6422.853245572043
14742,6422.853245572043
14743,6380.970511384833
14744,6391.420359163967
14745,6391.420359163967
14746,6391.420359163967
14747,6391.420359163967
14748,6391.420359163967
14749,6391.420359163967
14750,6391.420359163967
14751,6391.420359163967
14752,6391.420359163967
14753,6349.537624976757
14754,6349.537624976757
14755,6391.420359163967
14756,6349.537624976757
14757,6349.537624976757
14758,6391.420359163967
14759,6391.420359163967
14760,6373.90371491345
14761,6415.78644910066
14762,6415.78644910066
14763,6434.976085728746
14764,6434.976085728746
14765,6393.093351541535
14766,6393.093351541535
14767,6434.976085728746
14768,6393.093351541535
14769,6393.093351541535
14770,6434.976085728746
14771,6393.093351541535
14772,6373.562185583289
14773,6415.444919770499
14774,6415.444919770499
14775,6415.444919770499
14776,6373.562185583289
14777,6373.562185583289
14778,6415.444919770499
14779,6416.936717659345
14780,6416.936717659345
14781,6416.936717659345
14782,6375.053983472135
14783,6416.936717659345
14784,6375.053983472135
14785,6375.053983472135
14786,6375.053983472135
14787,6416.936717659345
14788,6416.936717659345
14789,6375.053983472135
14790,6413.583408101018
14791,6371.700673913808
14792,6413.583408101018
14793,6413.583408101018
14794,6413.583408101018
14795,6409.5414245073625
14796,6367.658690320152
14797,6367.658690320152
14798,6367.658690320152
14799,6409.5414245073625
14800,6375.486387816411
14801,6375.486387816411
14802,6417.369122003621
14803,6417.369122003621
14804,6385.847298870474
14805,6427.7300330576845
14806,6427.7300330576845
14807,6427.7300330576845
14808,6427.7300330576845
14809,6385.847298870474
14810,6411.5920730320495
14811,6369.709338844839
14812,6414.133356804003
14813,6414.133356804003
14814,6414.133356804003
14815,6414.133356804003
14816,6414.133356804003
14817,6414.133356804003
14818,6414.133356804003
14819,6414.133356804003
14820,6414.133356804003
14821,6414.133356804003
14822,6414.133356804003
14823,6414.133356804003
14824,6414.133356804003
14825,6372.2506226167925
14826,6414.133356804003
14827,6414.133356804003
14828,6414.133356804003
14829,6414.133356804003
14830,6414.133356804003
14831,6414.133356804003
14832,6414.133356804003
14833,6414.133356804003
14834,6414.133356804003
14835,6372.2506226167925
14836,6414.133356804003
14837,6414.133356804003
14838,6414.133356804003
14839,6372.2506226167925
14840,6372.2506226167925
14841,6414.133356804003
14842,6414.133356804003
14843,6414.133356804003
14844,6372.2506226167925
14845,6414.133356804003
14846,6372.2506226167925
14847,6414.133356804003
14848,6414.133356804003
14849,6414.133356804003
14850,6414.133356804003
14851,6372.2506226167925
14852,6414.133356804003
14853,6372.2506226167925
14854,6372.2506226167925
14855,6372.2506226167925
14856,6420.422147952942
14857,6378.539413765732
14858,6378.539413765732
14859,6378.539413765732
14860,6420.422147952942
14861,6420.422147952942
14862,6420.422147952942
14863,6420.422147952942
14864,6420.422147952942
14865,6378.539413765732
14866,6420.422147952942
14867,6378.539413765732
14868,6378.539413765732
14869,6420.422147952942
14870,6378.539413765732
14871,6420.422147952942
14872,6420.422147952942
14873,6436.91355238972
14874,6395.03081820251
14875,6436.91355238972
14876,6436.91355238972
14877,6395.03081820251
14878,6436.91355238972
14879,6436.91355238972
14880,6395.03081820251
14881,6436.91355238972
14882,6436.91355238972
14883,6436.91355238972
14884,6436.91355238972
14885,6436.91355238972
14886,6436.91355238972
14887,6436.91355238972
14888,6395.03081820251
14889,6436.91355238972
14890,6395.03081820251
14891,6440.173334702618
14892,6440.173334702618
14893,6398.290600515408
14894,6440.173334702618
14895,6398.290600515408
14896,6449.500674471384
14897,6449.500674471384
14898,6407.6179402841735
14899,6407.6179402841735
14900,6407.6179402841735
14901,6407.6179402841735
14902,6407.6179402841735
14903,6407.6179402841735
14904,6407.6179402841735
14905,6449.500674471384
14906,6407.6179402841735
14907,6468.010989690057
14908,6449.500674471384
14909,6449.500674471384
14910,6367.7055569352015
14911,6424.065798255278
14912,6367.7055569352015
14913,6413.8937226847775
14914,6413.8937226847775
14915,6413.8937226847775
14916,6413.8937226847775
14917,6357.5334813647005
14918,6413.8937226847775
14919,6413.8937226847775
14920,6413.8937226847775
14921,6413.8937226847775
14922,6413.8937226847775
14923,6363.477206126098
14924,6363.477206126098
14925,6363.477206126098
14926,6419.837447446175
14927,6419.837447446175
14928,6419.837447446175
14929,6363.477206126098
14930,6363.477206126098
14931,6363.477206126098
14932,6419.837447446175
14933,6419.837447446175
14934,6419.474733644013
14935,6419.474733644013
14936,6363.114492323936
14937,6363.114492323936
14938,6419.474733644013
14939,6386.554231016098
14940,6330.193989696021
14941,6386.554231016098
14942,6330.193989696021
14943,6386.554231016098
14944,6330.193989696021
14945,6330.193989696021
14946,6386.554231016098
14947,6330.193989696021
14948,6386.554231016098
14949,6386.554231016098
14950,6386.554231016098
14951,6386.554231016098
14952,6386.554231016098
14953,6386.554231016098
14954,6330.193989696021
14955,6386.554231016098
14956,6386.554231016098
14957,6368.094306311075
14958,6368.094306311075
14959,6311.734064990998
14960,6368.094306311075
14961,6311.734064990998
14962,6311.734064990998
14963,6368.094306311075
14964,6311.734064990998
14965,6368.094306311075
14966,6311.734064990998
14967,6311.734064990998
14968,6311.734064990998
14969,6368.094306311075
14970,6394.91989016422
14971,6369.618659795581
14972,6369.618659795581
14973,6313.258418475504
14974,6369.618659795581
14975,6408.990966058922
14976,6408.990966058922
14977,6408.990966058922
14978,6408.990966058922
14979,6361.124871598028
14980,6417.485112918105
14981,6417.485112918105
14982,6417.485112918105
14983,6417.485112918105
14984,6417.485112918105
14985,6417.485112918105
14986,6455.4894729696425
14987,6455.4894729696425
14988,6455.4894729696425
14989,6399.129231649566
14990,6399.129231649566
14991,6399.129231649566
14992,6455.4894729696425
14993,6399.129231649566
14994,6470.514080490331
14995,6470.514080490331
14996,6470.514080490331
14997,6414.153839170254
14998,6401.063421001206
14999,6457.423662321283
15000,6457.423662321283
15001,6457.423662321283
15002,6457.423662321283
15003,6457.423662321283
15004,6457.423662321283
15005,6457.423662321283
15006,6410.227439155296
15007,6410.227439155296
15008,6457.423662321283
15009,6457.423662321283
15010,6410.227439155296
15011,6410.227439155296
15012,6457.423662321283
15013,6457.423662321283
15014,6410.227439155296
15015,6410.227439155296
15016,6457.423662321283
15017,6457.423662321283
15018,6457.423662321283
15019,6457.423662321283
15020,6410.227439155296
15021,6457.423662321283
15022,6457.423662321283
15023,6410.227439155296
15024,6457.423662321283
15025,6457.423662321283
15026,6410.227439155296
15027,6457.423662321283
15028,6457.423662321283
15029,6457.423662321283
15030,6448.0847774368085
15031,6400.888554270822
15032,6448.0847774368085
15033,6400.888554270822
15034,6400.888554270822
15035,6400.888554270822
15036,6448.0847774368085
15037,6386.413816943005
15038,6386.413816943005
15039,6386.413816943005
15040,6386.413816943005
15041,6386.413816943005
15042,6433.610040108992
15043,6386.413816943005
15044,6433.610040108992
15045,6386.413816943005
15046,6433.610040108992
15047,6433.610040108992
15048,6433.610040108992
15049,6433.610040108992
15050,6433.610040108992
15051,6386.413816943005
15052,6409.922143736103
15053,6409.922143736103
15054,6409.922143736103
15055,6409.922143736103
15056,6379.866867659911
15057,6332.670644493925
15058,6379.866867659911
15059,6379.866867659911
15060,6379.866867659911
15061,6379.866867659911
15062,6379.866867659911
15063,6332.670644493925
15064,6379.866867659911
15065,6379.866867659911
15066,6381.568522459314
15067,6381.568522459314
15068,6381.568522459314
15069,6381.568522459314
15070,6387.676963700287
15071,6387.676963700287
15072,6387.676963700287
15073,6357.6829105332245
15074,6404.879133699211
15075,6404.879133699211
15076,6409.63643469407
15077,6362.440211528084
15078,6409.63643469407
15079,6409.63643469407
15080,6409.63643469407
15081,6362.440211528084
15082,6424.751366488583
15083,6377.555143322596
15084,6377.555143322596
15085,6377.555143322596
15086,6428.0865826881145
15087,6428.0865826881145
15088,6428.0865826881145
15089,6428.0865826881145
15090,6380.890359522128
15091,6428.0865826881145
15092,6428.0865826881145
15093,6428.0865826881145
15094,6428.0865826881145
15095,6380.890359522128
15096,6380.890359522128
15097,6380.890359522128
15098,6380.890359522128
15099,6428.0865826881145
15100,6428.0865826881145
15101,6428.0865826881145
15102,6417.272584540906
15103,6417.272584540906
15104,6417.272584540906
15105,6382.1801070295
15106,6382.1801070295
15107,6382.1801070295
15108,6429.376330195486
15109,6382.1801070295
15110,6382.1801070295
15111,6429.376330195486
15112,6429.376330195486
15113,6429.376330195486
15114,6429.376330195486
15115,6429.376330195486
15116,6429.376330195486
15117,6429.376330195486
15118,6429.376330195486
15119,6429.376330195486
15120,6429.376330195486
15121,6429.376330195486
15122,6416.473421139794
15123,6369.277197973807
15124,6369.277197973807
15125,6416.473421139794
15126,6442.767598484751
15127,6395.571375318765
15128,6442.767598484751
15129,6442.767598484751
15130,6442.767598484751
15131,6385.648597523018
15132,6385.648597523018
15133,6432.844820689004
15134,6385.648597523018
15135,6385.648597523018
15136,6385.648597523018
15137,6432.844820689004
15138,6432.844820689004
15139,6385.648597523018
15140,6385.648597523018
15141,6385.648597523018
15142,6432.844820689004
15143,6432.844820689004
15144,6432.844820689004
15145,6432.844820689004
15146,6385.648597523018
15147,6385.648597523018
15148,6432.844820689004
15149,6378.518747798674
15150,6425.71497096466
15151,6425.71497096466
15152,6427.515379218005
15153,6380.319156052019
15154,6427.515379218005
15155,6427.515379218005
15156,6380.319156052019
15157,6427.515379218005
15158,6427.515379218005
15159,6427.515379218005
15160,6427.515379218005
15161,6427.515379218005
15162,6427.515379218005
15163,6380.319156052019
15164,6427.515379218005
15165,6427.515379218005
15166,6427.515379218005
15167,6380.319156052019
15168,6380.319156052019
15169,6427.515379218005
15170,6380.319156052019
15171,6378.777527541417
15172,6425.973750707403
15173,6378.777527541417
15174,6396.499019411623
15175,6443.695242577609
15176,6443.695242577609
15177,6443.695242577609
15178,6396.499019411623
15179,6410.992811056266
15180,6410.992811056266
15181,6363.79658789028
15182,6410.992811056266
15183,6410.992811056266
15184,6363.79658789028
15185,6363.79658789028
15186,6363.79658789028
15187,6348.081392489917
15188,6395.277615655903
15189,6395.277615655903
15190,6348.081392489917
15191,6395.277615655903
15192,6392.4514895813245
15193,6392.4514895813245
15194,6392.4514895813245
15195,6392.4514895813245
15196,6392.4514895813245
15197,6392.4514895813245
15198,6345.255266415338
15199,6345.255266415338
15200,6392.4514895813245
15201,6345.255266415338
15202,6392.4514895813245
15203,6392.4514895813245
15204,6392.4514895813245
15205,6345.255266415338
15206,6392.4514895813245
15207,6392.4514895813245
15208,6392.4514895813245
15209,6345.255266415338
15210,6368.845055087607
15211,6416.041278253593
15212,6416.041278253593
15213,6368.845055087607
15214,6368.845055087607
15215,6368.845055087607
15216,6368.845055087607
15217,6368.845055087607
15218,6416.041278253593
15219,6368.845055087607
15220,6416.041278253593
15221,6416.041278253593
15222,6416.041278253593
15223,6416.041278253593
15224,6416.041278253593
15225,6416.041278253593
15226,6416.041278253593
15227,6416.041278253593
15228,6368.845055087607
15229,6401.433284277924
15230,6401.433284277924
15231,6401.433284277924
15232,6401.433284277924
15233,6354.237061111938
15234,6401.433284277924
15235,6401.433284277924
15236,6401.433284277924
15237,6401.433284277924
15238,6401.433284277924
15239,6401.433284277924
15240,6401.433284277924
15241,6354.237061111938
15242,6401.433284277924
15243,6354.237061111938
15244,6401.433284277924
15245,6401.433284277924
15246,6354.237061111938
15247,6401.433284277924
15248,6354.262225762434
15249,6441.730107978271
15250,6394.533884812285
15251,6394.533884812285
15252,6394.533884812285
15253,6360.171597467716
15254,6407.367820633703
15255,6407.367820633703
15256,6360.171597467716
15257,6402.706896309731
15258,6402.706896309731
15259,6402.706896309731
15260,6402.706896309731
15261,6355.5106731437445
15262,6402.706896309731
15263,6402.706896309731
15264,6402.706896309731
15265,6355.5106731437445
15266,6402.706896309731
15267,6402.706896309731
15268,6402.706896309731
15269,6402.706896309731
15270,6355.5106731437445
15271,6402.706896309731
15272,6382.630316275736
15273,6382.630316275736
15274,6412.9673315229775
15275,6365.771108356991
15276,6412.9673315229775
15277,6412.9673315229775
15278,6412.9673315229775
15279,6412.9673315229775
15280,6412.9673315229775
15281,6365.771108356991
15282,6365.771108356991
15283,6365.771108356991
15284,6412.9673315229775
15285,6365.771108356991
15286,6365.771108356991
15287,6417.355041433449
15288,6417.355041433449
15289,6417.355041433449
15290,6370.158818267462
15291,6417.355041433449
15292,6370.158818267462
15293,6417.355041433449
15294,6417.355041433449
15295,6417.355041433449
15296,6417.355041433449
15297,6417.355041433449
15298,6417.355041433449
15299,6431.177176589315
15300,6431.177176589315
15301,6383.980953423329
15302,6431.177176589315
15303,6383.980953423329
15304,6431.177176589315
15305,6431.177176589315
15306,6431.177176589315
15307,6431.177176589315
15308,6431.177176589315
15309,6431.177176589315
15310,6431.177176589315
15311,6383.980953423329
15312,6383.980953423329
15313,6431.177176589315
15314,6431.177176589315
15315,6383.980953423329
15316,6355.02209430225
15317,6402.218317468236
15318,6355.02209430225
15319,6355.02209430225
15320,6364.782136415362
15321,6411.978359581349
15322,6364.782136415362
15323,6411.978359581349
15324,6411.978359581349
15325,6364.782136415362
15326,6411.978359581349
15327,6364.782136415362
15328,6411.978359581349
15329,6411.978359581349
15330,6364.782136415362
15331,6411.978359581349
15332,6411.978359581349
15333,6364.782136415362
15334,6393.223102885563
15335,6393.223102885563
15336,6393.223102885563
15337,6393.223102885563
15338,6393.223102885563
15339,6393.223102885563
15340,6346.026879719577
15341,6414.332447654801
15342,6367.136224488815
15343,6367.136224488815
15344,6370.438546373552
15345,6417.634769539538
15346,6370.438546373552
15347,6370.438546373552
15348,6417.634769539538
15349,6417.634769539538
15350,6370.438546373552
15351,6370.438546373552
15352,6410.0980210845055
15353,6410.0980210845055
15354,6362.901797918519
15355,6410.0980210845055
15356,6362.901797918519
15357,6372.597544297296
15358,6419.793767463282
15359,6362.244845341267
15360,6362.244845341267
15361,6362.244845341267
15362,6409.4410685072535
15363,6362.244845341267
15364,6417.232343418063
15365,6417.232343418063
15366,6370.036120252076
15367,6361.665706489474
15368,6361.665706489474
15369,6408.861929655461
15370,6408.861929655461
15371,6408.861929655461
15372,6361.665706489474
15373,6408.861929655461
15374,6361.665706489474
15375,6408.861929655461
15376,6361.665706489474
15377,6408.861929655461
15378,6408.861929655461
15379,6361.665706489474
15380,6408.861929655461
15381,6361.665706489474
15382,6361.665706489474
15383,6408.861929655461
15384,6361.665706489474
15385,6408.861929655461
15386,6390.678003924387
15387,6343.4817807584
15388,6424.698637945885
15389,6424.698637945885
15390,6377.502414779899
15391,6424.698637945885
15392,6377.502414779899
15393,6377.502414779899
15394,6351.8340518334435
15395,6351.8340518334435
15396,6399.03027499943
15397,6351.8340518334435
15398,6379.957852607814
15399,6427.1540757738
15400,6379.957852607814
15401,6427.1540757738
15402,6427.1540757738
15403,6379.957852607814
15404,6427.1540757738
15405,6427.1540757738
15406,6427.1540757738
15407,6419.332971475866
15408,6372.136748309879
15409,6419.332971475866
15410,6414.415675858363
15411,6414.415675858363
15412,6414.415675858363
15413,6367.219452692377
15414,6367.219452692377
15415,6367.219452692377
15416,6414.415675858363
15417,6414.415675858363
15418,6367.219452692377
15419,6367.219452692377
15420,6414.415675858363
15421,6367.219452692377
15422,6414.415675858363
15423,6414.415675858363
15424,6414.415675858363
15425,6349.816257297835
15426,6302.620034131849
15427,6302.620034131849
15428,6366.783099176318
15429,6354.499280902232
15430,6401.695504068219
15431,6401.695504068219
15432,6358.440894350851
15433,6358.440894350851
15434,6358.440894350851
15435,6358.440894350851
15436,6358.440894350851
15437,6311.244671184864
15438,6311.244671184864
15439,6364.368481237747
15440,6364.368481237747
15441,6319.260593349997
15442,6272.064370184011
15443,6343.387755986154
15444,6343.387755986154
15445,6289.022786697918
15446,6336.219009863904
15447,6336.219009863904
15448,6336.219009863904
15449,6336.219009863904
15450,6289.022786697918
15451,6336.219009863904
15452,6336.219009863904
15453,6336.219009863904
15454,6289.022786697918
15455,6211.824208146328
15456,6259.020431312314
15457,6481.060367615983
15458,6563.873386774416
15459,5728.6460555587
15460,5712.404755257151
15461,5803.722089773982
15462,5803.722089773982
15463,5787.480789472433
15464,5803.722089773982
15465,5791.13544635018
15466,5791.13544635018
15467,5791.13544635018
15468,5774.894146048631
15469,5791.13544635018
15470,5844.405123867955
15471,5828.163823566406
15472,5844.405123867955
15473,5879.890255272493
15474,5879.890255272493
15475,5879.890255272493
15476,5866.233955743246
15477,5866.233955743246
15478,5817.941509394413
15479,5817.941509394413
15480,5817.941509394413
15481,5814.849526349578
15482,5814.849526349578
15483,5801.193226820331
15484,5801.193226820331
15485,5741.120211038681
15486,5727.463911509434
15487,5727.463911509434
15488,5727.463911509434
15489,5782.517336920178
15490,5768.861037390931
15491,5768.861037390931
15492,5782.517336920178
15493,5732.503505159179
15494,5718.847205629932
15495,5718.847205629932
15496,5732.503505159179
15497,5732.503505159179
15498,5782.030185731373
15499,5782.030185731373
15500,5782.030185731373
15501,5819.868069514783
15502,5819.868069514783
15503,5799.807365245549
15504,5786.151065716302
15505,5799.807365245549
15506,5786.151065716302
15507,5826.411619516341
15508,5826.411619516341
15509,5826.411619516341
15510,5826.411619516341
15511,5812.747018013067
15512,5799.09071848382
15513,5812.747018013067
15514,5812.747018013067
15515,5799.09071848382
15516,5812.747018013067
15517,5812.747018013067
15518,5812.747018013067
15519,5812.747018013067
15520,5812.747018013067
15521,5812.747018013067
15522,5799.09071848382
15523,5799.09071848382
15524,5799.09071848382
15525,5790.582971582769
15526,5804.239271112016
15527,5790.582971582769
15528,5804.239271112016
15529,5790.582971582769
15530,5790.582971582769
15531,5790.582971582769
15532,5724.446537730932
15533,5738.102837260179
15534,5831.758501211271
15535,5831.758501211271
15536,5818.102201682024
15537,5831.758501211271
15538,5831.758501211271
15539,5831.758501211271
15540,5831.758501211271
15541,5831.758501211271
15542,5831.758501211271
15543,5831.758501211271
15544,5831.758501211271
15545,5837.926357773303
15546,5824.270058244056
15547,5837.926357773303
15548,5837.926357773303
15549,5802.297400377286
15550,5802.297400377286
15551,5788.641100848039
15552,5768.52125927609
15553,5782.177558805337
15554,5782.177558805337
15555,5782.177558805337
15556,5803.172198467725
15557,5789.515898938478
15558,5803.172198467725
15559,5803.172198467725
15560,5803.172198467725
15561,5803.172198467725
15562,5803.172198467725
15563,5803.172198467725
15564,5803.172198467725
15565,5789.515898938478
15566,5803.172198467725
15567,5803.172198467725
15568,5803.172198467725
15569,5789.515898938478
15570,5789.515898938478
15571,5803.172198467725
15572,5803.172198467725
15573,5789.515898938478
15574,5789.515898938478
15575,5803.172198467725
15576,5803.172198467725
15577,5789.515898938478
15578,5803.172198467725
15579,5803.172198467725
15580,5795.897747453312
15581,5782.241447924065
15582,5795.897747453312
15583,5795.897747453312
15584,5800.1447490676255
15585,5786.4884495383785
15586,5800.1447490676255
15587,5786.4884495383785
15588,5786.4884495383785
15589,5786.4884495383785
15590,5800.1447490676255
15591,5800.1447490676255
15592,5786.4884495383785
15593,5786.4884495383785
15594,5786.4884495383785
15595,5783.607841897594
15596,5797.264141426841
15597,5797.264141426841
15598,5797.264141426841
15599,5783.607841897594
15600,5766.600587879843
15601,5766.600587879843
15602,5766.600587879843
15603,5766.600587879843
15604,5766.600587879843
15605,5766.600587879843
15606,5766.600587879843
15607,5766.600587879843
15608,5766.600587879843
15609,5752.944288350596
15610,5752.944288350596
15611,5766.600587879843
15612,5752.944288350596
15613,5752.944288350596
15614,5766.600587879843
15615,5766.600587879843
15616,5777.3103782872895
15617,5790.9666778165365
15618,5790.9666778165365
15619,5789.524914508355
15620,5789.524914508355
15621,5775.868614979108
15622,5775.868614979108
15623,5789.524914508355
15624,5775.868614979108
15625,5775.868614979108
15626,5789.524914508355
15627,5775.868614979108
15628,5776.968848957128
15629,5790.625148486375
15630,5790.625148486375
15631,5790.625148486375
15632,5776.968848957128
15633,5776.968848957128
15634,5790.625148486375
15635,5792.116946375221
15636,5792.116946375221
15637,5792.116946375221
15638,5778.460646845974
15639,5792.116946375221
15640,5778.460646845974
15641,5778.460646845974
15642,5778.460646845974
15643,5792.116946375221
15644,5792.116946375221
15645,5778.460646845974
15646,5788.763636816894
15647,5775.107337287647
15648,5788.763636816894
15649,5788.763636816894
15650,5788.763636816894
15651,5802.412213430078
15652,5788.755913900831
15653,5788.755913900831
15654,5788.755913900831
15655,5802.412213430078
15656,5784.6528604385185
15657,5784.6528604385185
15658,5798.3091599677655
15659,5798.3091599677655
15660,5792.664663453337
15661,5806.320962982584
15662,5806.320962982584
15663,5806.320962982584
15664,5806.320962982584
15665,5792.664663453337
15666,5806.320962982584
15667,5792.664663453337
15668,5795.09063449145
15669,5795.09063449145
15670,5795.09063449145
15671,5795.09063449145
15672,5795.09063449145
15673,5795.09063449145
15674,5795.09063449145
15675,5795.09063449145
15676,5795.09063449145
15677,5795.09063449145
15678,5795.09063449145
15679,5795.09063449145
15680,5795.09063449145
15681,5781.434334962203
15682,5795.09063449145
15683,5795.09063449145
15684,5795.09063449145
15685,5795.09063449145
15686,5795.09063449145
15687,5795.09063449145
15688,5795.09063449145
15689,5795.09063449145
15690,5795.09063449145
15691,5781.434334962203
15692,5795.09063449145
15693,5795.09063449145
15694,5795.09063449145
15695,5781.434334962203
15696,5781.434334962203
15697,5795.09063449145
15698,5795.09063449145
15699,5795.09063449145
15700,5781.434334962203
15701,5795.09063449145
15702,5781.434334962203
15703,5795.09063449145
15704,5795.09063449145
15705,5795.09063449145
15706,5795.09063449145
15707,5781.434334962203
15708,5795.09063449145
15709,5781.434334962203
15710,5781.434334962203
15711,5781.434334962203
15712,5801.37942564039
15713,5787.723126111143
15714,5787.723126111143
15715,5787.723126111143
15716,5801.37942564039
15717,5801.37942564039
15718,5801.37942564039
15719,5801.37942564039
15720,5801.37942564039
15721,5787.723126111143
15722,5801.37942564039
15723,5787.723126111143
15724,5787.723126111143
15725,5801.37942564039
15726,5787.723126111143
15727,5801.37942564039
15728,5801.37942564039
15729,5801.37942564039
15730,5787.723126111143
15731,5801.37942564039
15732,5801.37942564039
15733,5787.723126111143
15734,5801.37942564039
15735,5801.37942564039
15736,5787.723126111143
15737,5801.37942564039
15738,5801.37942564039
15739,5801.37942564039
15740,5801.37942564039
15741,5801.37942564039
15742,5801.37942564039
15743,5801.37942564039
15744,5787.723126111143
15745,5801.37942564039
15746,5787.723126111143
15747,5804.639207953288
15748,5804.639207953288
15749,5790.982908424041
15750,5804.639207953288
15751,5790.982908424041
15752,5813.966547722053
15753,5813.966547722053
15754,5800.310248192806
15755,5800.310248192806
15756,5800.310248192806
15757,5800.310248192806
15758,5800.310248192806
15759,5800.310248192806
15760,5800.310248192806
15761,5813.966547722053
15762,5800.310248192806
15763,5860.7032975986895
15764,5813.966547722053
15765,5813.966547722053
15766,5783.156528875298
15767,5811.290335537412
15768,5783.156528875298
15769,5801.118259966911
15770,5801.118259966911
15771,5801.118259966911
15772,5801.118259966911
15773,5772.984453304797
15774,5801.118259966911
15775,5801.118259966911
15776,5801.118259966911
15777,5801.118259966911
15778,5801.118259966911
15779,5778.928178066195
15780,5778.928178066195
15781,5778.928178066195
15782,5807.061984728309
15783,5807.061984728309
15784,5807.061984728309
15785,5778.928178066195
15786,5778.928178066195
15787,5778.928178066195
15788,5807.061984728309
15789,5807.061984728309
15790,5806.699270926147
15791,5806.699270926147
15792,5778.565464264033
15793,5778.565464264033
15794,5806.699270926147
15795,5753.72168075145
15796,5725.587874089336
15797,5753.72168075145
15798,5725.587874089336
15799,5753.72168075145
15800,5725.587874089336
15801,5725.587874089336
15802,5783.337085371169
15803,5755.203278709056
15804,5783.337085371169
15805,5783.337085371169
15806,5783.337085371169
15807,5783.337085371169
15808,5783.337085371169
15809,5783.337085371169
15810,5755.203278709056
15811,5783.337085371169
15812,5783.337085371169
15813,5783.337085371169
15814,5783.337085371169
15815,5755.203278709056
15816,5783.337085371169
15817,5755.203278709056
15818,5755.203278709056
15819,5783.337085371169
15820,5755.203278709056
15821,5783.337085371169
15822,5755.203278709056
15823,5755.203278709056
15824,5755.203278709056
15825,5783.337085371169
15826,5754.599921418837
15827,5729.298691050198
15828,5729.298691050198
15829,5701.164884388084
15830,5729.298691050198
15831,5801.8111103165065
15832,5801.8111103165065
15833,5801.8111103165065
15834,5801.8111103165065
15835,5779.422820279437
15836,5807.55662694155
15837,5807.55662694155
15838,5807.55662694155
15839,5807.55662694155
15840,5807.55662694155
15841,5807.55662694155
15842,5813.244005888686
15843,5813.244005888686
15844,5813.244005888686
15845,5785.110199226572
15846,5785.110199226572
15847,5785.110199226572
15848,5813.244005888686
15849,5785.110199226572
15850,5828.268613409375
15851,5828.268613409375
15852,5828.268613409375
15853,5800.134806747261
15854,5787.044388578212
15855,5815.178195240326
15856,5815.178195240326
15857,5815.178195240326
15858,5815.178195240326
15859,5815.178195240326
15860,5815.178195240326
15861,5815.178195240326
15862,5796.208406732303
15863,5796.208406732303
15864,5815.178195240326
15865,5815.178195240326
15866,5796.208406732303
15867,5796.208406732303
15868,5815.178195240326
15869,5815.178195240326
15870,5796.208406732303
15871,5796.208406732303
15872,5815.178195240326
15873,5815.178195240326
15874,5815.178195240326
15875,5815.178195240326
15876,5796.208406732303
15877,5815.178195240326
15878,5815.178195240326
15879,5796.208406732303
15880,5815.178195240326
15881,5815.178195240326
15882,5796.208406732303
15883,5815.178195240326
15884,5815.178195240326
15885,5815.178195240326
15886,5808.587940589991
15887,5789.618152081968
15888,5808.587940589991
15889,5789.618152081968
15890,5789.618152081968
15891,5789.618152081968
15892,5808.587940589991
15893,5783.123488029382
15894,5783.123488029382
15895,5783.123488029382
15896,5783.123488029382
15897,5783.123488029382
15898,5802.0932765374055
15899,5783.123488029382
15900,5802.0932765374055
15901,5783.123488029382
15902,5802.0932765374055
15903,5802.0932765374055
15904,5802.0932765374055
15905,5802.0932765374055
15906,5802.0932765374055
15907,5783.123488029382
15908,5813.316442269007
15909,5813.316442269007
15910,5813.316442269007
15911,5813.316442269007
15912,5783.261166192815
15913,5764.291377684792
15914,5783.261166192815
15915,5783.261166192815
15916,5783.261166192815
15917,5855.395533237106
15918,5855.395533237106
15919,5836.425744729083
15920,5855.395533237106
15921,5855.395533237106
15922,5743.09487352427
15923,5743.09487352427
15924,5743.09487352427
15925,5743.09487352427
15926,5767.253189754716
15927,5767.253189754716
15928,5767.253189754716
15929,5759.877936717797
15930,5778.84772522582
15931,5778.84772522582
15932,5783.605026220679
15933,5764.635237712656
15934,5783.605026220679
15935,5783.605026220679
15936,5783.605026220679
15937,5764.635237712656
15938,5798.719958015192
15939,5779.750169507169
15940,5779.750169507169
15941,5779.750169507169
15942,5802.055174214724
15943,5802.055174214724
15944,5802.055174214724
15945,5802.055174214724
15946,5783.0853857067
15947,5802.055174214724
15948,5802.055174214724
15949,5802.055174214724
15950,5802.055174214724
15951,5783.0853857067
15952,5783.0853857067
15953,5783.0853857067
15954,5783.0853857067
15955,5802.055174214724
15956,5802.055174214724
15957,5802.055174214724
15958,5791.241176067515
15959,5791.241176067515
15960,5791.241176067515
15961,5784.375133214072
15962,5784.375133214072
15963,5784.375133214072
15964,5803.344921722095
15965,5784.375133214072
15966,5784.375133214072
15967,5803.344921722095
15968,5803.344921722095
15969,5803.344921722095
15970,5803.344921722095
15971,5803.344921722095
15972,5803.344921722095
15973,5803.344921722095
15974,5803.344921722095
15975,5803.344921722095
15976,5803.344921722095
15977,5803.344921722095
15978,5790.442012666403
15979,5771.4722241583795
15980,5771.4722241583795
15981,5790.442012666403
15982,5816.73619001136
15983,5797.766401503337
15984,5816.73619001136
15985,5816.73619001136
15986,5816.73619001136
15987,5787.84362370759
15988,5787.84362370759
15989,5806.813412215613
15990,5787.84362370759
15991,5787.84362370759
15992,5787.84362370759
15993,5806.813412215613
15994,5806.813412215613
15995,5787.84362370759
15996,5787.84362370759
15997,5787.84362370759
15998,5806.813412215613
15999,5806.813412215613
16000,5806.813412215613
16001,5806.813412215613
16002,5787.84362370759
16003,5787.84362370759
16004,5806.813412215613
16005,5787.84362370759
16006,5806.813412215613
16007,5806.813412215613
16008,5808.613820468959
16009,5789.6440319609355
16010,5808.613820468959
16011,5808.613820468959
16012,5789.6440319609355
16013,5808.613820468959
16014,5808.613820468959
16015,5808.613820468959
16016,5808.613820468959
16017,5808.613820468959
16018,5808.613820468959
16019,5789.6440319609355
16020,5808.613820468959
16021,5808.613820468959
16022,5808.613820468959
16023,5789.6440319609355
16024,5789.6440319609355
16025,5808.613820468959
16026,5789.6440319609355
16027,5788.102403450333
16028,5807.072191958357
16029,5788.102403450333
16030,5788.102403450333
16031,5807.072191958357
16032,5807.072191958357
16033,5807.072191958357
16034,5788.102403450333
16035,5807.072191958357
16036,5807.072191958357
16037,5788.102403450333
16038,5807.072191958357
16039,5807.072191958357
16040,5788.102403450333
16041,5788.102403450333
16042,5788.102403450333
16043,5783.659779433163
16044,5802.629567941186
16045,5802.629567941186
16046,5783.659779433163
16047,5802.629567941186
16048,5799.8034418666075
16049,5799.8034418666075
16050,5799.8034418666075
16051,5799.8034418666075
16052,5799.8034418666075
16053,5799.8034418666075
16054,5780.833653358584
16055,5780.833653358584
16056,5799.8034418666075
16057,5780.833653358584
16058,5799.8034418666075
16059,5799.8034418666075
16060,5799.8034418666075
16061,5780.833653358584
16062,5799.8034418666075
16063,5799.8034418666075
16064,5799.8034418666075
16065,5780.833653358584
16066,5793.150870647661
16067,5816.358088900094
16068,5816.358088900094
16069,5797.388300392071
16070,5797.388300392071
16071,5797.388300392071
16072,5797.388300392071
16073,5797.388300392071
16074,5816.358088900094
16075,5797.388300392071
16076,5816.358088900094
16077,5816.358088900094
16078,5816.358088900094
16079,5816.358088900094
16080,5816.358088900094
16081,5816.358088900094
16082,5816.358088900094
16083,5816.358088900094
16084,5797.388300392071
16085,5801.750094924425
16086,5801.750094924425
16087,5801.750094924425
16088,5801.750094924425
16089,5782.780306416402
16090,5801.750094924425
16091,5801.750094924425
16092,5801.750094924425
16093,5801.750094924425
16094,5801.750094924425
16095,5801.750094924425
16096,5801.750094924425
16097,5782.780306416402
16098,5801.750094924425
16099,5782.780306416402
16100,5801.750094924425
16101,5801.750094924425
16102,5782.780306416402
16103,5801.750094924425
16104,5801.750094924425
16105,5801.750094924425
16106,5782.780306416402
16107,5782.780306416402
16108,5782.780306416402
16109,5771.650126880345
16110,5790.619915388368
16111,5790.619915388368
16112,5771.650126880345
16113,5785.958991064396
16114,5785.958991064396
16115,5785.958991064396
16116,5785.958991064396
16117,5766.989202556373
16118,5785.958991064396
16119,5785.958991064396
16120,5785.958991064396
16121,5766.989202556373
16122,5785.958991064396
16123,5785.958991064396
16124,5785.958991064396
16125,5785.958991064396
16126,5766.989202556373
16127,5785.958991064396
16128,5785.958991064396
16129,5785.958991064396
16130,5785.958991064396
16131,5766.989202556373
16132,5785.958991064396
16133,5800.128844666542
16134,5800.128844666542
16135,5784.23836646232
16136,5784.23836646232
16137,5765.268577954297
16138,5765.268577954297
16139,5765.268577954297
16140,5784.23836646232
16141,5765.268577954297
16142,5765.268577954297
16143,5788.626076372791
16144,5788.626076372791
16145,5788.626076372791
16146,5787.072897967568
16147,5806.042686475591
16148,5787.072897967568
16149,5806.042686475591
16150,5806.042686475591
16151,5806.042686475591
16152,5806.042686475591
16153,5806.042686475591
16154,5806.042686475591
16155,5819.864821631458
16156,5819.864821631458
16157,5800.895033123435
16158,5819.864821631458
16159,5800.895033123435
16160,5819.864821631458
16161,5819.864821631458
16162,5819.864821631458
16163,5819.864821631458
16164,5819.864821631458
16165,5819.864821631458
16166,5819.864821631458
16167,5781.607275926258
16168,5781.607275926258
16169,5800.577064434281
16170,5800.577064434281
16171,5781.607275926258
16172,5752.648416805178
16173,5771.6182053132015
16174,5752.648416805178
16175,5752.648416805178
16176,5777.199170968825
16177,5796.168959476848
16178,5777.199170968825
16179,5796.168959476848
16180,5796.168959476848
16181,5777.199170968825
16182,5796.168959476848
16183,5769.425206526221
16184,5788.394995034244
16185,5788.394995034244
16186,5769.425206526221
16187,5788.394995034244
16188,5788.394995034244
16189,5769.425206526221
16190,5769.639738338458
16191,5769.639738338458
16192,5769.639738338458
16193,5769.639738338458
16194,5769.639738338458
16195,5769.639738338458
16196,5750.669949830435
16197,5790.749083107697
16198,5771.779294599673
16199,5771.779294599673
16200,5795.058360348848
16201,5798.197902044641
16202,5779.2281135366175
16203,5779.2281135366175
16204,5798.197902044641
16205,5798.197902044641
16206,5779.2281135366175
16207,5779.2281135366175
16208,5790.661153589608
16209,5790.661153589608
16210,5771.691365081585
16211,5790.661153589608
16212,5771.691365081585
16213,5781.387111460362
16214,5800.356899968385
16215,5781.387111460362
16216,5781.387111460362
16217,5781.387111460362
16218,5800.356899968385
16219,5781.387111460362
16220,5782.915573783019
16221,5782.915573783019
16222,5763.945785274996
16223,5780.807972608569
16224,5780.807972608569
16225,5799.777761116592
16226,5799.777761116592
16227,5799.777761116592
16228,5780.807972608569
16229,5799.777761116592
16230,5780.807972608569
16231,5799.777761116592
16232,5780.807972608569
16233,5799.777761116592
16234,5799.777761116592
16235,5780.807972608569
16236,5799.777761116592
16237,5780.807972608569
16238,5780.807972608569
16239,5799.777761116592
16240,5780.807972608569
16241,5799.777761116592
16242,5799.777761116592
16243,5780.807972608569
16244,5799.777761116592
16245,5799.777761116592
16246,5780.807972608569
16247,5799.777761116592
16248,5780.807972608569
16249,5780.807972608569
16250,5784.340661144677
16251,5784.340661144677
16252,5803.3104496527
16253,5784.340661144677
16254,5784.340661144677
16255,5803.3104496527
16256,5784.340661144677
16257,5803.3104496527
16258,5803.3104496527
16259,5784.340661144677
16260,5803.3104496527
16261,5803.3104496527
16262,5803.3104496527
16263,5803.3104496527
16264,5784.340661144677
16265,5803.3104496527
16266,5798.393154035198
16267,5798.393154035198
16268,5798.393154035198
16269,5779.423365527175
16270,5779.423365527175
16271,5779.423365527175
16272,5798.393154035198
16273,5798.393154035198
16274,5779.423365527175
16275,5779.423365527175
16276,5798.393154035198
16277,5779.423365527175
16278,5798.393154035198
16279,5798.393154035198
16280,5798.393154035198
16281,5733.79373547467
16282,5714.823946966647
16283,5714.823946966647
16284,5793.717906717168
16285,5798.173584896379
16286,5817.143373404402
16287,5817.143373404402
16288,5759.5528394516705
16289,5759.5528394516705
16290,5759.5528394516705
16291,5759.5528394516705
16292,5759.5528394516705
16293,5740.583050943647
16294,5740.583050943647
16295,5765.480426338567
16296,5765.480426338567
16297,5720.372538450817
16298,5701.402749942794
16299,5744.499701086974
16300,5744.499701086974
16301,5740.317887222958
16302,5759.287675730981
16303,5759.287675730981
16304,5759.287675730981
16305,5759.287675730981
16306,5740.317887222958
16307,5759.287675730981
16308,5759.287675730981
16309,5759.287675730981
16310,5740.317887222958
16311,5670.621366566234
16312,5689.591155074258
16313,5716.077623070261
16314,5770.664207570731
16315,6125.952782515677
16316,6208.287240452582
16317,6166.034360123352
16318,6166.034360123352
16319,6248.368818060257
16320,6166.034360123352
16321,6153.44771669955
16322,6153.44771669955
16323,6153.44771669955
16324,6235.782174636455
16325,6153.44771669955
16326,6206.717394217325
16327,6289.05185215423
16328,6206.717394217325
16329,6224.699282652804
16330,6224.699282652804
16331,6224.699282652804
16332,6307.033740589709
16333,6307.033740589709
16334,6258.7412942408755
16335,6258.7412942408755
16336,6258.7412942408755
16337,6159.658553729889
16338,6159.658553729889
16339,6241.993011666794
16340,6241.993011666794
16341,6085.929238418992
16342,6168.263696355897
16343,6168.263696355897
16344,6168.263696355897
16345,6127.326364300489
16346,6209.660822237394
16347,6209.660822237394
16348,6127.326364300489
16349,6077.31253253949
16350,6077.31253253949
16351,6077.31253253949
16352,6077.31253253949
16353,6077.31253253949
16354,6126.839213111684
16355,6126.839213111684
16356,6126.839213111684
16357,6164.677096895094
16358,6164.677096895094
16359,6144.61639262586
16360,6226.950850562765
16361,6144.61639262586
16362,6226.950850562765
16363,6171.2206468966515
16364,6171.2206468966515
16365,6171.2206468966515
16366,6171.2206468966515
16367,6157.556045393378
16368,6239.890503330283
16369,6157.556045393378
16370,6157.556045393378
16371,6239.890503330283
16372,6157.556045393378
16373,6157.556045393378
16374,6157.556045393378
16375,6157.556045393378
16376,6157.556045393378
16377,6157.556045393378
16378,6239.890503330283
16379,6239.890503330283
16380,6239.890503330283
16381,6239.890503330283
16382,6157.556045393378
16383,6239.890503330283
16384,6157.556045393378
16385,6239.890503330283
16386,6239.890503330283
16387,6239.890503330283
16388,6173.754069478446
16389,6091.419611541541
16390,6185.075275492633
16391,6185.075275492633
16392,6267.409733429538
16393,6185.075275492633
16394,6185.075275492633
16395,6185.075275492633
16396,6185.075275492633
16397,6185.075275492633
16398,6185.075275492633
16399,6185.075275492633
16400,6185.075275492633
16401,6195.326270743177
16402,6277.660728680082
16403,6195.326270743177
16404,6195.326270743177
16405,6159.69731334716
16406,6159.69731334716
16407,6242.031771284065
16408,6242.031771284065
16409,6159.69731334716
16410,6159.69731334716
16411,6159.69731334716
16412,6156.488972749087
16413,6238.823430685992
16414,6156.488972749087
16415,6156.488972749087
16416,6156.488972749087
16417,6156.488972749087
16418,6156.488972749087
16419,6156.488972749087
16420,6156.488972749087
16421,6238.823430685992
16422,6156.488972749087
16423,6156.488972749087
16424,6156.488972749087
16425,6238.823430685992
16426,6238.823430685992
16427,6156.488972749087
16428,6156.488972749087
16429,6238.823430685992
16430,6238.823430685992
16431,6156.488972749087
16432,6156.488972749087
16433,6238.823430685992
16434,6156.488972749087
16435,6156.488972749087
16436,6149.214521734674
16437,6231.548979671579
16438,6149.214521734674
16439,6149.214521734674
16440,6166.847064648667
16441,6249.181522585572
16442,6166.847064648667
16443,6249.181522585572
16444,6249.181522585572
16445,6249.181522585572
16446,6166.847064648667
16447,6166.847064648667
16448,6166.847064648667
16449,6249.181522585572
16450,6249.181522585572
16451,6163.966457007882
16452,6163.966457007882
16453,6163.966457007882
16454,6163.966457007882
16455,6246.300914944787
16456,6119.917362161205
16457,6119.917362161205
16458,6119.917362161205
16459,6119.917362161205
16460,6119.917362161205
16461,6119.917362161205
16462,6119.917362161205
16463,6119.917362161205
16464,6119.917362161205
16465,6202.25182009811
16466,6119.917362161205
16467,6119.917362161205
16468,6202.25182009811
16469,6202.25182009811
16470,6119.917362161205
16471,6119.917362161205
16472,6226.617910034804
16473,6144.283452097899
16474,6144.283452097899
16475,6142.841688789717
16476,6142.841688789717
16477,6225.176146726622
16478,6225.176146726622
16479,6142.841688789717
16480,6225.176146726622
16481,6142.841688789717
16482,6142.841688789717
16483,6225.176146726622
16484,6226.276380704642
16485,6143.941922767737
16486,6143.941922767737
16487,6143.941922767737
16488,6226.276380704642
16489,6226.276380704642
16490,6143.941922767737
16491,6161.199168332577
16492,6161.199168332577
16493,6161.199168332577
16494,6243.533626269482
16495,6161.199168332577
16496,6243.533626269482
16497,6243.533626269482
16498,6243.533626269482
16499,6161.199168332577
16500,6161.199168332577
16501,6243.533626269482
16502,6142.080411098256
16503,6142.080411098256
16504,6142.080411098256
16505,6142.080411098256
16506,6142.080411098256
16507,6155.72898771144
16508,6238.063445648345
16509,6238.063445648345
16510,6238.063445648345
16511,6155.72898771144
16512,6232.278100194782
16513,6232.278100194782
16514,6149.943642257877
16515,6149.943642257877
16516,6149.943642257877
16517,6149.943642257877
16518,6149.943642257877
16519,6149.943642257877
16520,6149.943642257877
16521,6232.278100194782
16522,6157.5806666214185
16523,6239.915124558323
16524,6148.407408772812
16525,6148.407408772812
16526,6148.407408772812
16527,6148.407408772812
16528,6148.407408772812
16529,6148.407408772812
16530,6148.407408772812
16531,6148.407408772812
16532,6148.407408772812
16533,6148.407408772812
16534,6148.407408772812
16535,6148.407408772812
16536,6148.407408772812
16537,6230.741866709717
16538,6148.407408772812
16539,6148.407408772812
16540,6148.407408772812
16541,6148.407408772812
16542,6148.407408772812
16543,6148.407408772812
16544,6148.407408772812
16545,6148.407408772812
16546,6148.407408772812
16547,6230.741866709717
16548,6148.407408772812
16549,6148.407408772812
16550,6148.407408772812
16551,6230.741866709717
16552,6230.741866709717
16553,6148.407408772812
16554,6148.407408772812
16555,6148.407408772812
16556,6230.741866709717
16557,6148.407408772812
16558,6230.741866709717
16559,6148.407408772812
16560,6148.407408772812
16561,6148.407408772812
16562,6148.407408772812
16563,6230.741866709717
16564,6148.407408772812
16565,6230.741866709717
16566,6230.741866709717
16567,6230.741866709717
16568,6154.696199921752
16569,6154.696199921752
16570,6237.030657858657
16571,6237.030657858657
16572,6154.696199921752
16573,6154.696199921752
16574,6154.696199921752
16575,6154.696199921752
16576,6154.696199921752
16577,6237.030657858657
16578,6154.696199921752
16579,6237.030657858657
16580,6154.696199921752
16581,6154.696199921752
16582,6237.030657858657
16583,6154.696199921752
16584,6154.696199921752
16585,6154.696199921752
16586,6237.030657858657
16587,6154.696199921752
16588,6154.696199921752
16589,6237.030657858657
16590,6154.696199921752
16591,6154.696199921752
16592,6237.030657858657
16593,6154.696199921752
16594,6154.696199921752
16595,6154.696199921752
16596,6154.696199921752
16597,6154.696199921752
16598,6154.696199921752
16599,6154.696199921752
16600,6237.030657858657
16601,6154.696199921752
16602,6237.030657858657
16603,6169.718052592413
16604,6169.718052592413
16605,6252.052510529318
16606,6169.718052592413
16607,6252.052510529318
16608,6179.0453923611785
16609,6179.0453923611785
16610,6261.3798502980835
16611,6261.3798502980835
16612,6261.3798502980835
16613,6179.0453923611785
16614,6261.3798502980835
16615,6261.3798502980835
16616,6261.3798502980835
16617,6179.0453923611785
16618,6261.3798502980835
16619,6261.3798502980835
16620,6179.0453923611785
16621,6179.0453923611785
16622,6258.703638113442
16623,6176.369180176537
16624,6258.703638113442
16625,6166.197104606036
16626,6166.197104606036
16627,6166.197104606036
16628,6166.197104606036
16629,6248.531562542941
16630,6141.564749536609
16631,6141.564749536609
16632,6141.564749536609
16633,6141.564749536609
16634,6141.564749536609
16635,6147.508474298007
16636,6229.842932234912
16637,6229.842932234912
16638,6147.508474298007
16639,6147.508474298007
16640,6147.508474298007
16641,6229.842932234912
16642,6229.842932234912
16643,6229.842932234912
16644,6147.508474298007
16645,6147.508474298007
16646,6147.145760495845
16647,6147.145760495845
16648,6229.48021843275
16649,6147.145760495845
16650,6147.145760495845
16651,6094.168170321148
16652,6176.502628258053
16653,6094.168170321148
16654,6176.502628258053
16655,6094.168170321148
16656,6176.502628258053
16657,6176.502628258053
16658,6130.967837386905
16659,6213.30229532381
16660,6130.967837386905
16661,6130.967837386905
16662,6130.967837386905
16663,6130.967837386905
16664,6130.967837386905
16665,6130.967837386905
16666,6213.30229532381
16667,6130.967837386905
16668,6130.967837386905
16669,6130.967837386905
16670,6130.967837386905
16671,6213.30229532381
16672,6130.967837386905
16673,6213.30229532381
16674,6213.30229532381
16675,6130.967837386905
16676,6213.30229532381
16677,6130.967837386905
16678,6130.967837386905
16679,6213.30229532381
16680,6213.30229532381
16681,6130.967837386905
16682,6102.230673434572
16683,6054.82717418557
16684,6054.82717418557
16685,6137.161632122475
16686,6054.82717418557
16687,6156.495826198096
16688,6156.495826198096
16689,6156.495826198096
16690,6156.495826198096
16691,6244.575800760045
16692,6162.24134282314
16693,6162.24134282314
16694,6162.24134282314
16695,6162.24134282314
16696,6162.24134282314
16697,6162.24134282314
16698,6167.928721770276
16699,6167.928721770276
16700,6167.928721770276
16701,6250.263179707181
16702,6250.263179707181
16703,6250.263179707181
16704,6167.928721770276
16705,6250.263179707181
16706,6182.953329290965
16707,6182.953329290965
16708,6182.953329290965
16709,6265.28778722787
16710,6252.197369058821
16711,6169.862911121916
16712,6169.862911121916
16713,6169.862911121916
16714,6169.862911121916
16715,6169.862911121916
16716,6169.862911121916
16717,6169.862911121916
16718,6252.197369058821
16719,6252.197369058821
16720,6169.862911121916
16721,6178.793472131198
16722,6178.793472131198
16723,6261.127930068103
16724,6178.793472131198
16725,6178.793472131198
16726,6261.127930068103
16727,6261.127930068103
16728,6178.793472131198
16729,6178.793472131198
16730,6178.793472131198
16731,6178.793472131198
16732,6261.127930068103
16733,6178.793472131198
16734,6178.793472131198
16735,6271.757720037921
16736,6189.423262101016
16737,6189.423262101016
16738,6189.423262101016
16739,6189.423262101016
16740,6189.423262101016
16741,6189.423262101016
16742,6163.450496370933
16743,6163.450496370933
16744,6163.450496370933
16745,6245.784954307838
16746,6163.450496370933
16747,6245.784954307838
16748,6163.450496370933
16749,6239.290290255252
16750,6239.290290255252
16751,6239.290290255252
16752,6156.955832318347
16753,6239.290290255252
16754,6156.955832318347
16755,6239.290290255252
16756,6156.955832318347
16757,6239.290290255252
16758,6156.955832318347
16759,6156.955832318347
16760,6156.955832318347
16761,6156.955832318347
16762,6156.955832318347
16763,6239.290290255252
16764,6159.581372108333
16765,6159.581372108333
16766,6159.581372108333
16767,6159.581372108333
16768,6116.923990447689
16769,6199.258448384594
16770,6116.923990447689
16771,6116.923990447689
16772,6116.923990447689
16773,6116.923990447689
16774,6116.923990447689
16775,6199.258448384594
16776,6116.923990447689
16777,6116.923990447689
16778,6085.35532372076
16779,6085.35532372076
16780,6085.35532372076
16781,6085.35532372076
16782,6109.513639951206
16783,6109.513639951206
16784,6109.513639951206
16785,6203.442633359215
16786,6121.10817542231
16787,6121.10817542231
16788,6125.865476417169
16789,6208.199934354074
16790,6125.865476417169
16791,6125.865476417169
16792,6125.865476417169
16793,6208.199934354074
16794,6140.980408211682
16795,6223.314866148587
16796,6223.314866148587
16797,6223.314866148587
16798,6144.315624411213
16799,6144.315624411213
16800,6144.315624411213
16801,6144.315624411213
16802,6144.315624411213
16803,6144.315624411213
16804,6144.315624411213
16805,6144.315624411213
16806,6144.315624411213
16807,6226.650082348118
16808,6226.650082348118
16809,6226.650082348118
16810,6226.650082348118
16811,6144.315624411213
16812,6144.315624411213
16813,6144.315624411213
16814,6133.501626264005
16815,6133.501626264005
16816,6133.501626264005
16817,6250.404082361649
16818,6250.404082361649
16819,6250.404082361649
16820,6168.069624424744
16821,6250.404082361649
16822,6250.404082361649
16823,6168.069624424744
16824,6168.069624424744
16825,6168.069624424744
16826,6168.069624424744
16827,6168.069624424744
16828,6168.069624424744
16829,6168.069624424744
16830,6168.069624424744
16831,6168.069624424744
16832,6168.069624424744
16833,6168.069624424744
16834,6155.166715369051
16835,6237.501173305956
16836,6237.501173305956
16837,6155.166715369051
16838,6181.460892714009
16839,6263.795350650914
16840,6181.460892714009
16841,6181.460892714009
16842,6181.460892714009
16843,6253.872572855167
16844,6253.872572855167
16845,6171.538114918262
16846,6253.872572855167
16847,6253.872572855167
16848,6253.872572855167
16849,6171.538114918262
16850,6171.538114918262
16851,6253.872572855167
16852,6171.538114918262
16853,6253.872572855167
16854,6171.538114918262
16855,6171.538114918262
16856,6171.538114918262
16857,6171.538114918262
16858,6253.872572855167
16859,6253.872572855167
16860,6171.538114918262
16861,6253.872572855167
16862,6171.538114918262
16863,6171.538114918262
16864,6173.338523171607
16865,6255.672981108512
16866,6173.338523171607
16867,6173.338523171607
16868,6255.672981108512
16869,6173.338523171607
16870,6173.338523171607
16871,6173.338523171607
16872,6173.338523171607
16873,6173.338523171607
16874,6173.338523171607
16875,6255.672981108512
16876,6173.338523171607
16877,6173.338523171607
16878,6173.338523171607
16879,6255.672981108512
16880,6255.672981108512
16881,6173.338523171607
16882,6255.672981108512
16883,6254.13135259791
16884,6171.796894661005
16885,6254.13135259791
16886,6254.13135259791
16887,6171.796894661005
16888,6171.796894661005
16889,6171.796894661005
16890,6254.13135259791
16891,6193.217242004881
16892,6193.217242004881
16893,6249.617316228139
16894,6167.282858291234
16895,6167.282858291234
16896,6249.617316228139
16897,6249.617316228139
16898,6249.617316228139
16899,6245.174692210969
16900,6162.840234274064
16901,6162.840234274064
16902,6245.174692210969
16903,6162.840234274064
16904,6160.014108199485
16905,6160.014108199485
16906,6160.014108199485
16907,6160.014108199485
16908,6160.014108199485
16909,6160.014108199485
16910,6242.34856613639
16911,6242.34856613639
16912,6160.014108199485
16913,6160.014108199485
16914,6160.014108199485
16915,6160.014108199485
16916,6160.014108199485
16917,6242.34856613639
16918,6160.014108199485
16919,6160.014108199485
16920,6160.014108199485
16921,6242.34856613639
16922,6254.6657834254665
16923,6176.568755232972
16924,6176.568755232972
16925,6258.903213169877
16926,6258.903213169877
16927,6258.903213169877
16928,6258.903213169877
16929,6258.903213169877
16930,6176.568755232972
16931,6258.903213169877
16932,6176.568755232972
16933,6176.568755232972
16934,6176.568755232972
16935,6176.568755232972
16936,6176.568755232972
16937,6176.568755232972
16938,6176.568755232972
16939,6176.568755232972
16940,6258.903213169877
16941,6161.960761257303
16942,6161.960761257303
16943,6161.960761257303
16944,6161.960761257303
16945,6244.295219194208
16946,6161.960761257303
16947,6161.960761257303
16948,6161.960761257303
16949,6161.960761257303
16950,6161.960761257303
16951,6161.960761257303
16952,6161.960761257303
16953,6244.295219194208
16954,6161.960761257303
16955,6244.295219194208
16956,6161.960761257303
16957,6161.960761257303
16958,6244.295219194208
16959,6161.960761257303
16960,6161.960761257303
16961,6161.960761257303
16962,6244.295219194208
16963,6244.295219194208
16964,6244.295219194208
16965,6233.165039658151
16966,6150.830581721246
16967,6150.830581721246
16968,6233.165039658151
16969,6146.169657397274
16970,6146.169657397274
16971,6146.169657397274
16972,6146.169657397274
16973,6146.169657397274
16974,6146.169657397274
16975,6146.169657397274
16976,6146.169657397274
16977,6146.169657397274
16978,6146.169657397274
16979,6146.169657397274
16980,6146.169657397274
16981,6146.169657397274
16982,6228.504115334179
16983,6146.169657397274
16984,6146.169657397274
16985,6146.169657397274
16986,6146.169657397274
16987,6228.504115334179
16988,6146.169657397274
16989,6160.33951099942
16990,6160.33951099942
16991,6144.449032795198
16992,6144.449032795198
16993,6226.783490732103
16994,6226.783490732103
16995,6226.783490732103
16996,6144.449032795198
16997,6226.783490732103
16998,6226.783490732103
16999,6148.836742705669
17000,6148.836742705669
17001,6148.836742705669
17002,6248.587810745374
17003,6166.253352808469
17004,6248.587810745374
17005,6166.253352808469
17006,6166.253352808469
17007,6166.253352808469
17008,6166.253352808469
17009,6166.253352808469
17010,6166.253352808469
17011,6180.0754879643355
17012,6180.0754879643355
17013,6262.4099459012405
17014,6180.0754879643355
17015,6262.4099459012405
17016,6180.0754879643355
17017,6180.0754879643355
17018,6180.0754879643355
17019,6180.0754879643355
17020,6180.0754879643355
17021,6180.0754879643355
17022,6180.0754879643355
17023,6243.122188704064
17024,6243.122188704064
17025,6160.787730767159
17026,6160.787730767159
17027,6243.122188704064
17028,6214.163329582984
17029,6131.828871646079
17030,6214.163329582984
17031,6214.163329582984
17032,6238.71408374663
17033,6156.379625809725
17034,6238.71408374663
17035,6156.379625809725
17036,6156.379625809725
17037,6238.71408374663
17038,6156.379625809725
17039,6230.940119304027
17040,6148.605661367122
17041,6148.605661367122
17042,6230.940119304027
17043,6148.605661367122
17044,6148.605661367122
17045,6230.940119304027
17046,6129.850404671336
17047,6129.850404671336
17048,6129.850404671336
17049,6129.850404671336
17050,6129.850404671336
17051,6129.850404671336
17052,6212.184862608241
17053,6150.959749440574
17054,6233.294207377479
17055,6233.294207377479
17056,6256.5732731266535
17057,6158.408568377518
17058,6240.743026314423
17059,6240.743026314423
17060,6158.408568377518
17061,6158.408568377518
17062,6240.743026314423
17063,6240.743026314423
17064,6150.871819922486
17065,6150.871819922486
17066,6233.206277859391
17067,6150.871819922486
17068,6233.206277859391
17069,6242.9020242381675
17070,6160.567566301263
17071,6242.9020242381675
17072,6242.9020242381675
17073,6242.9020242381675
17074,6160.567566301263
17075,6242.9020242381675
17076,6143.1262401158965
17077,6143.1262401158965
17078,6225.4606980528015
17079,6242.613624851267
17080,6242.613624851267
17081,6160.279166914362
17082,6160.279166914362
17083,6160.279166914362
17084,6242.613624851267
17085,6160.279166914362
17086,6242.613624851267
17087,6160.279166914362
17088,6160.279166914362
17089,6160.279166914362
17090,6160.279166914362
17091,6242.613624851267
17092,6160.279166914362
17093,6242.613624851267
17094,6242.613624851267
17095,6160.279166914362
17096,6242.613624851267
17097,6160.279166914362
17098,6160.279166914362
17099,6242.613624851267
17100,6160.279166914362
17101,6160.279166914362
17102,6242.613624851267
17103,6160.279166914362
17104,6242.613624851267
17105,6242.613624851267
17106,6246.146313387375
17107,6246.146313387375
17108,6163.81185545047
17109,6246.146313387375
17110,6246.146313387375
17111,6163.81185545047
17112,6246.146313387375
17113,6163.81185545047
17114,6163.81185545047
17115,6246.146313387375
17116,6163.81185545047
17117,6163.81185545047
17118,6163.81185545047
17119,6163.81185545047
17120,6246.146313387375
17121,6163.81185545047
17122,6158.894559832967
17123,6158.894559832967
17124,6158.894559832967
17125,6241.229017769872
17126,6158.894559832967
17127,6241.229017769872
17128,6158.894559832967
17129,6158.894559832967
17130,6158.894559832967
17131,6252.884214739653
17132,6170.549756802748
17133,6252.884214739653
17134,6170.549756802748
17135,6170.549756802748
17136,6170.549756802748
17137,6105.95033824222
17138,6188.284796179125
17139,6188.284796179125
17140,6257.408446689676
17141,6261.864124868886
17142,6179.529666931981
17143,6179.529666931981
17144,6121.93913297925
17145,6121.93913297925
17146,6121.93913297925
17147,6121.93913297925
17148,6121.93913297925
17149,6204.273590916155
17150,6204.273590916155
17151,6127.866719866146
17152,6127.866719866146
17153,6082.758831978396
17154,6165.093289915301
17155,6122.056464328885
17156,6122.056464328885
17157,6204.381936025072
17158,6122.047478088167
17159,6122.047478088167
17160,6114.034147589025
17161,6114.034147589025
17162,6196.36860552593
17163,6125.136827062853
17164,6125.136827062853
17165,6125.136827062853
17166,6207.471284999758
17167,6103.239928086088
17168,6020.905470149183
17169,6101.978522645657
17170,6101.978522645657
17171,6928.075589755258
17172,6837.238664036501
17173,7010.293235101459
17174,7010.293235101459
17175,6919.456309382702
17176,7010.293235101459
17177,6997.706591677657
17178,6997.706591677657
17179,6997.706591677657
17180,6906.8696659589
17181,6997.706591677657
17182,7035.131591068474
17183,6944.294665349717
17184,7035.131591068474
17185,7068.958157630911
17186,7068.958157630911
17187,7068.958157630911
17188,6978.121231912154
17189,6978.121231912154
17190,6929.828785563321
17191,6929.828785563321
17192,6929.828785563321
17193,7003.917428707996
17194,7003.917428707996
17195,6913.080502989239
17196,6913.080502989239
17197,6930.188113397099
17198,6839.351187678342
17199,6839.351187678342
17200,6839.351187678342
17201,6955.312143039541
17202,6864.475217320784
17203,6864.475217320784
17204,6955.312143039541
17205,6889.922968412947
17206,6889.922968412947
17207,6889.922968412947
17208,6889.922968412947
17209,6889.922968412947
17210,6939.449648985141
17211,6939.449648985141
17212,6939.449648985141
17213,7008.935971873201
17214,7008.935971873201
17215,6988.875267603967
17216,6898.03834188521
17217,6988.875267603967
17218,6898.03834188521
17219,7015.479521874759
17220,7015.479521874759
17221,7015.479521874759
17222,7015.479521874759
17223,7001.814920371485
17224,6910.977994652728
17225,7001.814920371485
17226,7001.814920371485
17227,6910.977994652728
17228,7001.814920371485
17229,7001.814920371485
17230,7001.814920371485
17231,7001.814920371485
17232,7001.814920371485
17233,7001.814920371485
17234,6910.977994652728
17235,6910.977994652728
17236,6910.977994652728
17237,6910.977994652728
17238,7001.814920371485
17239,6910.977994652728
17240,7001.814920371485
17241,6910.977994652728
17242,6910.977994652728
17243,6910.977994652728
17244,6844.841560800891
17245,6935.678486519648
17246,7029.3341504707405
17247,7029.3341504707405
17248,6938.497224751984
17249,7029.3341504707405
17250,7029.3341504707405
17251,7029.3341504707405
17252,7029.3341504707405
17253,7029.3341504707405
17254,7029.3341504707405
17255,7029.3341504707405
17256,7029.3341504707405
17257,7039.585145721284
17258,6948.748220002527
17259,7039.585145721284
17260,7039.585145721284
17261,7003.956188325267
17262,7003.956188325267
17263,6913.11926260651
17264,6913.11926260651
17265,7003.956188325267
17266,7003.956188325267
17267,7003.956188325267
17268,7000.747847727194
17269,6909.910922008437
17270,7000.747847727194
17271,7000.747847727194
17272,7000.747847727194
17273,7000.747847727194
17274,7000.747847727194
17275,7000.747847727194
17276,7000.747847727194
17277,6909.910922008437
17278,7000.747847727194
17279,7000.747847727194
17280,7000.747847727194
17281,6909.910922008437
17282,6909.910922008437
17283,7000.747847727194
17284,7000.747847727194
17285,6909.910922008437
17286,6909.910922008437
17287,7000.747847727194
17288,7000.747847727194
17289,6909.910922008437
17290,7000.747847727194
17291,7000.747847727194
17292,6993.473396712781
17293,6902.636470994024
17294,6993.473396712781
17295,6993.473396712781
17296,7011.105939626774
17297,6920.269013908017
17298,7011.105939626774
17299,6920.269013908017
17300,6895.479795123266
17301,6895.479795123266
17302,6986.316720842023
17303,6986.316720842023
17304,6986.316720842023
17305,6895.479795123266
17306,6895.479795123266
17307,6983.436113201238
17308,6983.436113201238
17309,6983.436113201238
17310,6983.436113201238
17311,6892.599187482481
17312,6917.862116740414
17313,6917.862116740414
17314,6917.862116740414
17315,6917.862116740414
17316,6917.862116740414
17317,6917.862116740414
17318,6917.862116740414
17319,6917.862116740414
17320,6917.862116740414
17321,6827.0251910216575
17322,6917.862116740414
17323,6917.862116740414
17324,6821.866353771254
17325,6821.866353771254
17326,6912.703279490011
17327,6912.703279490011
17328,6896.4621810785375
17329,6987.299106797294
17330,6987.299106797294
17331,7001.686979536232
17332,7001.686979536232
17333,6910.850053817475
17334,6910.850053817475
17335,7001.686979536232
17336,6910.850053817475
17337,7001.686979536232
17338,7001.686979536232
17339,6910.850053817475
17340,6881.811836496726
17341,6972.648762215483
17342,6972.648762215483
17343,6972.648762215483
17344,6881.811836496726
17345,6881.811836496726
17346,6972.648762215483
17347,7004.214823031973
17348,7004.214823031973
17349,7004.214823031973
17350,6913.377897313216
17351,7004.214823031973
17352,6913.377897313216
17353,6913.377897313216
17354,6913.377897313216
17355,7004.214823031973
17356,7004.214823031973
17357,6913.377897313216
17358,6988.30691121949
17359,6988.30691121949
17360,6988.30691121949
17361,6988.30691121949
17362,6988.30691121949
17363,7001.9554878326735
17364,6911.118562113917
17365,6911.118562113917
17366,6911.118562113917
17367,7001.9554878326735
17368,6905.333216660354
17369,6905.333216660354
17370,6996.170142379111
17371,6996.170142379111
17372,6996.170142379111
17373,6996.170142379111
17374,6996.170142379111
17375,6996.170142379111
17376,6996.170142379111
17377,6905.333216660354
17378,7003.807166742652
17379,6912.970241023895
17380,6994.633908894046
17381,6994.633908894046
17382,6994.633908894046
17383,6994.633908894046
17384,6994.633908894046
17385,6994.633908894046
17386,6994.633908894046
17387,6994.633908894046
17388,6994.633908894046
17389,6994.633908894046
17390,6994.633908894046
17391,6994.633908894046
17392,6994.633908894046
17393,6903.796983175289
17394,6994.633908894046
17395,6994.633908894046
17396,6994.633908894046
17397,6994.633908894046
17398,6994.633908894046
17399,6994.633908894046
17400,6994.633908894046
17401,6994.633908894046
17402,6994.633908894046
17403,6903.796983175289
17404,6994.633908894046
17405,6994.633908894046
17406,6994.633908894046
17407,6903.796983175289
17408,6903.796983175289
17409,6994.633908894046
17410,6994.633908894046
17411,6994.633908894046
17412,6903.796983175289
17413,6994.633908894046
17414,6903.796983175289
17415,6994.633908894046
17416,6994.633908894046
17417,6994.633908894046
17418,6994.633908894046
17419,6903.796983175289
17420,6994.633908894046
17421,6903.796983175289
17422,6903.796983175289
17423,6903.796983175289
17424,7000.9227000429855
17425,7000.9227000429855
17426,6910.085774324229
17427,6910.085774324229
17428,7000.9227000429855
17429,7000.9227000429855
17430,7000.9227000429855
17431,7000.9227000429855
17432,7000.9227000429855
17433,6910.085774324229
17434,7000.9227000429855
17435,6910.085774324229
17436,7000.9227000429855
17437,7000.9227000429855
17438,6910.085774324229
17439,7000.9227000429855
17440,7000.9227000429855
17441,7000.9227000429855
17442,6910.085774324229
17443,7000.9227000429855
17444,7000.9227000429855
17445,6910.085774324229
17446,7000.9227000429855
17447,7000.9227000429855
17448,6910.085774324229
17449,7000.9227000429855
17450,7000.9227000429855
17451,7000.9227000429855
17452,7000.9227000429855
17453,7000.9227000429855
17454,7000.9227000429855
17455,7000.9227000429855
17456,6910.085774324229
17457,7000.9227000429855
17458,6910.085774324229
17459,7015.944552713647
17460,7015.944552713647
17461,6925.10762699489
17462,7015.944552713647
17463,6925.10762699489
17464,7025.271892482412
17465,7025.271892482412
17466,6934.434966763655
17467,6934.434966763655
17468,6934.434966763655
17469,7025.271892482412
17470,6934.434966763655
17471,6934.434966763655
17472,6934.434966763655
17473,7025.271892482412
17474,6934.434966763655
17475,6934.434966763655
17476,7025.271892482412
17477,7025.271892482412
17478,6931.758754579014
17479,7022.595680297771
17480,6931.758754579014
17481,7012.42360472727
17482,7012.42360472727
17483,7012.42360472727
17484,7012.42360472727
17485,6921.586679008513
17486,6987.791249657843
17487,6987.791249657843
17488,6987.791249657843
17489,6987.791249657843
17490,6987.791249657843
17491,6993.734974419241
17492,6902.898048700484
17493,6902.898048700484
17494,6993.734974419241
17495,6993.734974419241
17496,6993.734974419241
17497,6902.898048700484
17498,6902.898048700484
17499,6902.898048700484
17500,6993.734974419241
17501,6993.734974419241
17502,6993.372260617079
17503,6993.372260617079
17504,6902.535334898322
17505,6993.372260617079
17506,6993.372260617079
17507,6940.3946704423815
17508,6849.557744723625
17509,6940.3946704423815
17510,6849.557744723625
17511,6940.3946704423815
17512,6849.557744723625
17513,6849.557744723625
17514,6977.194337508138
17515,6886.357411789381
17516,6977.194337508138
17517,6977.194337508138
17518,6977.194337508138
17519,6977.194337508138
17520,6977.194337508138
17521,6977.194337508138
17522,6886.357411789381
17523,6977.194337508138
17524,6977.194337508138
17525,6977.194337508138
17526,6977.194337508138
17527,6886.357411789381
17528,6977.194337508138
17529,6886.357411789381
17530,6886.357411789381
17531,6977.194337508138
17532,6886.357411789381
17533,6977.194337508138
17534,6977.194337508138
17535,6886.357411789381
17536,6886.357411789381
17537,6977.194337508138
17538,6948.457173555806
17539,6901.053674306803
17540,6901.053674306803
17541,6810.216748588046
17542,6901.053674306803
17543,7002.72232631933
17544,7002.72232631933
17545,7002.72232631933
17546,7002.72232631933
17547,6917.630917225617
17548,7008.467842944374
17549,7008.467842944374
17550,7008.467842944374
17551,7008.467842944374
17552,7008.467842944374
17553,7008.467842944374
17554,7014.155221891509
17555,7014.155221891509
17556,7014.155221891509
17557,6923.3182961727525
17558,6923.3182961727525
17559,6923.3182961727525
17560,7014.155221891509
17561,6923.3182961727525
17562,7029.179829412198
17563,7029.179829412198
17564,7029.179829412198
17565,6938.342903693441
17566,6925.252485524393
17567,7016.08941124315
17568,7016.08941124315
17569,7016.08941124315
17570,7016.08941124315
17571,7016.08941124315
17572,7016.08941124315
17573,7016.08941124315
17574,6925.252485524393
17575,6925.252485524393
17576,7016.08941124315
17577,7025.019972252431
17578,7025.019972252431
17579,6934.183046533674
17580,7025.019972252431
17581,7025.019972252431
17582,6934.183046533674
17583,6934.183046533674
17584,7025.019972252431
17585,7025.019972252431
17586,7025.019972252431
17587,7025.019972252431
17588,6934.183046533674
17589,7025.019972252431
17590,7025.019972252431
17591,6944.812836503493
17592,7035.64976222225
17593,7035.64976222225
17594,7035.64976222225
17595,7035.64976222225
17596,7035.64976222225
17597,7035.64976222225
17598,7009.676996492167
17599,7009.676996492167
17600,7009.676996492167
17601,6918.84007077341
17602,7009.676996492167
17603,6918.84007077341
17604,7009.676996492167
17605,6912.345406720824
17606,6912.345406720824
17607,6912.345406720824
17608,7003.182332439581
17609,6912.345406720824
17610,7003.182332439581
17611,6912.345406720824
17612,7003.182332439581
17613,6912.345406720824
17614,7003.182332439581
17615,7003.182332439581
17616,7003.182332439581
17617,7003.182332439581
17618,7003.182332439581
17619,6912.345406720824
17620,7005.807872229567
17621,7005.807872229567
17622,7005.807872229567
17623,7005.807872229567
17624,6963.150490568923
17625,6872.313564850166
17626,6963.150490568923
17627,6963.150490568923
17628,6963.150490568923
17629,6963.150490568923
17630,6963.150490568923
17631,6872.313564850166
17632,6963.150490568923
17633,6963.150490568923
17634,6931.581823841993
17635,6931.581823841993
17636,6931.581823841993
17637,6931.581823841993
17638,6955.740140072439
17639,6955.740140072439
17640,6955.740140072439
17641,6876.497749824786
17642,6967.334675543543
17643,6967.334675543543
17644,6972.091976538402
17645,6881.2550508196455
17646,6972.091976538402
17647,6972.091976538402
17648,6972.091976538402
17649,6881.2550508196455
17650,6987.206908332915
17651,6896.369982614158
17652,6896.369982614158
17653,6896.369982614158
17654,6990.542124532447
17655,6990.542124532447
17656,6990.542124532447
17657,6990.542124532447
17658,6990.542124532447
17659,6990.542124532447
17660,6990.542124532447
17661,6990.542124532447
17662,6990.542124532447
17663,6899.70519881369
17664,6899.70519881369
17665,6899.70519881369
17666,6899.70519881369
17667,6990.542124532447
17668,6990.542124532447
17669,6990.542124532447
17670,6979.728126385238
17671,6979.728126385238
17672,6979.728126385238
17673,6923.4591988272205
17674,6923.4591988272205
17675,6923.4591988272205
17676,7014.296124545977
17677,6923.4591988272205
17678,6923.4591988272205
17679,7014.296124545977
17680,7014.296124545977
17681,7014.296124545977
17682,7014.296124545977
17683,7014.296124545977
17684,7014.296124545977
17685,7014.296124545977
17686,7014.296124545977
17687,7014.296124545977
17688,7014.296124545977
17689,7014.296124545977
17690,7001.393215490285
17691,6910.556289771528
17692,6910.556289771528
17693,7001.393215490285
17694,7033.123130347771
17695,6942.286204629014
17696,7033.123130347771
17697,7033.123130347771
17698,7033.123130347771
17699,6932.363426833267
17700,6932.363426833267
17701,7023.200352552024
17702,6932.363426833267
17703,6932.363426833267
17704,6932.363426833267
17705,7023.200352552024
17706,7023.200352552024
17707,6932.363426833267
17708,7023.200352552024
17709,6932.363426833267
17710,7023.200352552024
17711,7023.200352552024
17712,7023.200352552024
17713,7023.200352552024
17714,6932.363426833267
17715,6932.363426833267
17716,7023.200352552024
17717,6932.363426833267
17718,7023.200352552024
17719,7023.200352552024
17720,7019.565023292841
17721,6928.728097574084
17722,7019.565023292841
17723,7019.565023292841
17724,6928.728097574084
17725,7019.565023292841
17726,7019.565023292841
17727,7019.565023292841
17728,7019.565023292841
17729,7019.565023292841
17730,7019.565023292841
17731,6928.728097574084
17732,7019.565023292841
17733,7019.565023292841
17734,7019.565023292841
17735,6928.728097574084
17736,6928.728097574084
17737,7019.565023292841
17738,6928.728097574084
17739,6927.186469063482
17740,7018.023394782239
17741,6927.186469063482
17742,6927.186469063482
17743,7018.023394782239
17744,7018.023394782239
17745,7018.023394782239
17746,6927.186469063482
17747,7039.443742126115
17748,7039.443742126115
17749,6922.672432693711
17750,7013.509358412468
17751,7013.509358412468
17752,6922.672432693711
17753,6922.672432693711
17754,6922.672432693711
17755,6918.22980867654
17756,7009.066734395297
17757,7009.066734395297
17758,6918.22980867654
17759,7009.066734395297
17760,7006.240608320719
17761,7006.240608320719
17762,7006.240608320719
17763,7006.240608320719
17764,7006.240608320719
17765,7006.240608320719
17766,6915.403682601962
17767,6915.403682601962
17768,7006.240608320719
17769,7006.240608320719
17770,7006.240608320719
17771,7006.240608320719
17772,7006.240608320719
17773,6915.403682601962
17774,7006.240608320719
17775,7006.240608320719
17776,7006.240608320719
17777,6915.403682601962
17778,6927.720899891038
17779,7022.795255354205
17780,7022.795255354205
17781,6931.9583296354485
17782,6931.9583296354485
17783,6931.9583296354485
17784,6931.9583296354485
17785,6931.9583296354485
17786,7022.795255354205
17787,6931.9583296354485
17788,7022.795255354205
17789,7022.795255354205
17790,7022.795255354205
17791,7022.795255354205
17792,7022.795255354205
17793,7022.795255354205
17794,7022.795255354205
17795,7022.795255354205
17796,6931.9583296354485
17797,7008.187261378536
17798,7008.187261378536
17799,7008.187261378536
17800,7008.187261378536
17801,6917.350335659779
17802,7008.187261378536
17803,7008.187261378536
17804,7008.187261378536
17805,7008.187261378536
17806,7008.187261378536
17807,7008.187261378536
17808,7008.187261378536
17809,6917.350335659779
17810,7008.187261378536
17811,6917.350335659779
17812,7008.187261378536
17813,7008.187261378536
17814,6917.350335659779
17815,7008.187261378536
17816,7008.187261378536
17817,7008.187261378536
17818,6917.350335659779
17819,6917.350335659779
17820,6917.350335659779
17821,6906.2201561237225
17822,6997.057081842479
17823,6997.057081842479
17824,6906.2201561237225
17825,6992.396157518508
17826,6992.396157518508
17827,6992.396157518508
17828,6992.396157518508
17829,6992.396157518508
17830,6992.396157518508
17831,6992.396157518508
17832,6992.396157518508
17833,6992.396157518508
17834,6992.396157518508
17835,6992.396157518508
17836,6992.396157518508
17837,6992.396157518508
17838,6901.559231799751
17839,6992.396157518508
17840,6992.396157518508
17841,6992.396157518508
17842,6992.396157518508
17843,6901.559231799751
17844,6992.396157518508
17845,7006.5660111206535
17846,7006.5660111206535
17847,6990.675532916432
17848,6990.675532916432
17849,6899.838607197675
17850,6899.838607197675
17851,6899.838607197675
17852,6990.675532916432
17853,6899.838607197675
17854,6899.838607197675
17855,6995.063242826903
17856,6995.063242826903
17857,6995.063242826903
17858,6921.642927210945
17859,7012.479852929702
17860,6921.642927210945
17861,7012.479852929702
17862,7012.479852929702
17863,7012.479852929702
17864,7012.479852929702
17865,7012.479852929702
17866,7012.479852929702
17867,7026.301988085569
17868,7026.301988085569
17869,6935.465062366812
17870,7026.301988085569
17871,6935.465062366812
17872,7026.301988085569
17873,7026.301988085569
17874,7026.301988085569
17875,7026.301988085569
17876,7026.301988085569
17877,7026.301988085569
17878,7026.301988085569
17879,6916.1773051696355
17880,6916.1773051696355
17881,7007.014230888392
17882,7007.014230888392
17883,6916.1773051696355
17884,6887.218446048556
17885,6978.055371767313
17886,6887.218446048556
17887,6887.218446048556
17888,6911.769200212202
17889,7002.606125930959
17890,6911.769200212202
17891,7002.606125930959
17892,7002.606125930959
17893,6911.769200212202
17894,7002.606125930959
17895,6893.264362405609
17896,6984.101288124366
17897,6984.101288124366
17898,6893.264362405609
17899,6984.101288124366
17900,6984.101288124366
17901,6893.264362405609
17902,6965.34603142858
17903,6965.34603142858
17904,6965.34603142858
17905,6965.34603142858
17906,6965.34603142858
17907,6965.34603142858
17908,6874.509105709823
17909,6986.455376197819
17910,6895.618450479062
17911,6895.618450479062
17912,6929.628389592225
17913,7004.635068498752
17914,6913.798142779995
17915,6913.798142779995
17916,7004.635068498752
17917,7004.635068498752
17918,6913.798142779995
17919,6913.798142779995
17920,6997.0983200437195
17921,6997.0983200437195
17922,6906.261394324963
17923,6997.0983200437195
17924,6906.261394324963
17925,6915.957140703739
17926,7006.794066422496
17927,6915.957140703739
17928,6915.957140703739
17929,6915.957140703739
17930,7006.794066422496
17931,6915.957140703739
17932,6989.35274023713
17933,6989.35274023713
17934,6898.515814518373
17935,6915.668741316838
17936,6915.668741316838
17937,7006.505667035595
17938,7006.505667035595
17939,7006.505667035595
17940,6915.668741316838
17941,7006.505667035595
17942,6915.668741316838
17943,7006.505667035595
17944,7006.505667035595
17945,7006.505667035595
17946,7006.505667035595
17947,6915.668741316838
17948,7006.505667035595
17949,6915.668741316838
17950,6915.668741316838
17951,7006.505667035595
17952,6915.668741316838
17953,7006.505667035595
17954,7006.505667035595
17955,6915.668741316838
17956,7006.505667035595
17957,7006.505667035595
17958,6915.668741316838
17959,7006.505667035595
17960,6915.668741316838
17961,6915.668741316838
17962,6919.201429852947
17963,6919.201429852947
17964,7010.0383555717035
17965,6919.201429852947
17966,6919.201429852947
17967,7010.0383555717035
17968,6919.201429852947
17969,7010.0383555717035
17970,7010.0383555717035
17971,6919.201429852947
17972,7010.0383555717035
17973,7010.0383555717035
17974,7010.0383555717035
17975,7010.0383555717035
17976,6919.201429852947
17977,7010.0383555717035
17978,7005.121059954201
17979,7005.121059954201
17980,7005.121059954201
17981,6914.284134235444
17982,7005.121059954201
17983,6914.284134235444
17984,7005.121059954201
17985,7005.121059954201
17986,7005.121059954201
17987,6914.663682387918
17988,7005.500608106675
17989,6914.663682387918
17990,7005.500608106675
17991,7005.500608106675
17992,7005.500608106675
17993,6940.901189546147
17994,6850.06426382739
17995,6850.06426382739
17996,6925.950443084893
17997,6930.406121264104
17998,7021.2430469828605
17999,7021.2430469828605
18000,6963.652513030129
18001,6963.652513030129
18002,6963.652513030129
18003,6963.652513030129
18004,6963.652513030129
18005,6872.815587311372
18006,6872.815587311372
18007,6969.580099917025
18008,6969.580099917025
18009,6924.472212029275
18010,6833.6352863105185
18011,6963.769844379764
18012,6963.769844379764
18013,6872.923932420289
18014,6963.760858139046
18015,6963.760858139046
18016,6957.25286721724
18017,6957.25286721724
18018,6866.415941498483
18019,6968.3555466910675
18020,6968.3555466910675
18021,6968.3555466910675
18022,6877.518620972311
18023,6773.287264058641
18024,6864.124189777398
18025,6945.197242273872
18026,6945.197242273872
18027,7175.20252822923
18028,7234.3218315242075
18029,7279.896148911473
18030,7279.896148911473
18031,7339.01545220645
18032,7279.896148911473
18033,7263.084942322272
18034,7263.084942322272
18035,7263.084942322272
18036,7322.204245617249
18037,7263.084942322272
18038,7262.135786060562
18039,7321.25508935554
18040,7262.135786060562
18041,7449.045503410592
18042,7449.045503410592
18043,7449.045503410592
18044,7508.164806705569
18045,7508.164806705569
18046,7459.872360356736
18047,7459.872360356736
18048,7459.872360356736
18049,7342.937986737948
18050,7342.937986737948
18051,7402.057290032926
18052,7402.057290032926
18053,7269.208671427052
18054,7328.3279747220295
18055,7328.3279747220295
18056,7328.3279747220295
18057,7283.73168212216
18058,7342.850985417138
18059,7342.850985417138
18060,7283.73168212216
18061,7218.342507495566
18062,7218.342507495566
18063,7218.342507495566
18064,7218.342507495566
18065,7218.342507495566
18066,7267.86918806776
18067,7267.86918806776
18068,7267.86918806776
18069,7324.803579827337
18070,7324.803579827337
18071,7299.716414996493
18072,7358.835718291471
18073,7299.716414996493
18074,7358.835718291471
18075,7326.320669267285
18076,7326.320669267285
18077,7326.320669267285
18078,7326.320669267285
18079,7317.659600982298
18080,7376.778904277276
18081,7317.659600982298
18082,7317.659600982298
18083,7376.778904277276
18084,7317.659600982298
18085,7317.659600982298
18086,7317.659600982298
18087,7317.659600982298
18088,7318.4598803367435
18089,7318.4598803367435
18090,7377.579183631721
18091,7377.579183631721
18092,7377.579183631721
18093,7377.579183631721
18094,7318.4598803367435
18095,7377.579183631721
18096,7318.4598803367435
18097,7377.579183631721
18098,7377.579183631721
18099,7377.579183631721
18100,7311.442749779884
18101,7252.3234464849065
18102,7345.979110435999
18103,7345.979110435999
18104,7405.098413730977
18105,7345.979110435999
18106,7345.979110435999
18107,7345.979110435999
18108,7345.979110435999
18109,7345.979110435999
18110,7345.979110435999
18111,7345.979110435999
18112,7345.979110435999
18113,7356.230105686543
18114,7415.34940898152
18115,7356.230105686543
18116,7356.230105686543
18117,7320.601148290526
18118,7320.601148290526
18119,7379.720451585504
18120,7379.720451585504
18121,7320.601148290526
18122,7320.601148290526
18123,7320.601148290526
18124,7317.392807692453
18125,7376.512110987431
18126,7317.392807692453
18127,7317.392807692453
18128,7317.392807692453
18129,7317.392807692453
18130,7317.392807692453
18131,7317.392807692453
18132,7317.392807692453
18133,7376.512110987431
18134,7317.392807692453
18135,7317.392807692453
18136,7317.392807692453
18137,7376.512110987431
18138,7376.512110987431
18139,7317.392807692453
18140,7317.392807692453
18141,7376.512110987431
18142,7376.512110987431
18143,7317.392807692453
18144,7307.742306990387
18145,7366.861610285365
18146,7307.742306990387
18147,7307.742306990387
18148,7300.467855975974
18149,7359.587159270952
18150,7300.467855975974
18151,7300.467855975974
18152,7318.1003988899665
18153,7377.219702184944
18154,7318.1003988899665
18155,7377.219702184944
18156,7363.759113217396
18157,7363.759113217396
18158,7304.639809922418
18159,7304.639809922418
18160,7304.639809922418
18161,7363.759113217396
18162,7363.759113217396
18163,7301.759202281633
18164,7301.759202281633
18165,7301.759202281633
18166,7301.759202281633
18167,7360.878505576611
18168,7179.077333857538
18169,7179.077333857538
18170,7179.077333857538
18171,7179.077333857538
18172,7179.077333857538
18173,7179.077333857538
18174,7179.077333857538
18175,7179.077333857538
18176,7179.077333857538
18177,7289.30096178442
18178,7230.181658489442
18179,7230.181658489442
18180,7154.039840474868
18181,7154.039840474868
18182,7094.92053717989
18183,7094.92053717989
18184,7363.683209554676
18185,7304.563906259698
18186,7304.563906259698
18187,7312.97160102811
18188,7312.97160102811
18189,7372.090904323088
18190,7372.090904323088
18191,7312.97160102811
18192,7372.090904323088
18193,7312.97160102811
18194,7312.97160102811
18195,7372.090904323088
18196,7343.052687002339
18197,7283.933383707361
18198,7283.933383707361
18199,7283.933383707361
18200,7343.052687002339
18201,7343.052687002339
18202,7283.933383707361
18203,7295.80089840518
18204,7295.80089840518
18205,7295.80089840518
18206,7354.920201700158
18207,7295.80089840518
18208,7354.920201700158
18209,7354.920201700158
18210,7354.920201700158
18211,7295.80089840518
18212,7295.80089840518
18213,7354.920201700158
18214,7299.591532711368
18215,7299.591532711368
18216,7299.591532711368
18217,7299.591532711368
18218,7299.591532711368
18219,7357.536985785641
18220,7416.656289080619
18221,7416.656289080619
18222,7416.656289080619
18223,7357.536985785641
18224,7366.574067165967
18225,7366.574067165967
18226,7307.454763870989
18227,7307.454763870989
18228,7307.454763870989
18229,7307.454763870989
18230,7307.454763870989
18231,7307.454763870989
18232,7307.454763870989
18233,7366.574067165967
18234,7315.09178823453
18235,7374.211091529508
18236,7305.918530385924
18237,7305.918530385924
18238,7305.918530385924
18239,7305.918530385924
18240,7305.918530385924
18241,7305.918530385924
18242,7305.918530385924
18243,7305.918530385924
18244,7305.918530385924
18245,7305.918530385924
18246,7305.918530385924
18247,7305.918530385924
18248,7318.548963767355
18249,7377.668267062333
18250,7305.5627304148275
18251,7305.5627304148275
18252,7305.5627304148275
18253,7305.5627304148275
18254,7305.5627304148275
18255,7305.5627304148275
18256,7305.5627304148275
18257,7305.5627304148275
18258,7305.5627304148275
18259,7364.682033709805
18260,7305.5627304148275
18261,7305.5627304148275
18262,7305.5627304148275
18263,7364.682033709805
18264,7364.682033709805
18265,7305.5627304148275
18266,7305.5627304148275
18267,7304.030394849827
18268,7363.1496981448045
18269,7304.030394849827
18270,7363.1496981448045
18271,7305.131117317013
18272,7305.131117317013
18273,7305.131117317013
18274,7305.131117317013
18275,7364.250420611991
18276,7305.131117317013
18277,7364.250420611991
18278,7364.250420611991
18279,7364.250420611991
18280,7311.419908465953
18281,7311.419908465953
18282,7370.539211760931
18283,7370.539211760931
18284,7311.419908465953
18285,7311.419908465953
18286,7311.419908465953
18287,7311.419908465953
18288,7311.419908465953
18289,7370.539211760931
18290,7311.419908465953
18291,7370.539211760931
18292,7311.419908465953
18293,7311.419908465953
18294,7370.539211760931
18295,7311.419908465953
18296,7311.419908465953
18297,7311.419908465953
18298,7370.539211760931
18299,7311.419908465953
18300,7311.419908465953
18301,7372.63575910466
18302,7313.516455809682
18303,7313.516455809682
18304,7372.63575910466
18305,7313.516455809682
18306,7313.516455809682
18307,7313.516455809682
18308,7313.516455809682
18309,7313.516455809682
18310,7313.516455809682
18311,7313.516455809682
18312,7372.63575910466
18313,7313.516455809682
18314,7372.63575910466
18315,7328.538308480343
18316,7328.538308480343
18317,7387.657611775321
18318,7328.538308480343
18319,7387.657611775321
18320,7337.865648249109
18321,7337.865648249109
18322,7396.9849515440865
18323,7396.9849515440865
18324,7396.9849515440865
18325,7337.865648249109
18326,7396.9849515440865
18327,7396.9849515440865
18328,7396.9849515440865
18329,7337.865648249109
18330,7396.9849515440865
18331,7396.9849515440865
18332,7337.865648249109
18333,7337.865648249109
18334,7394.308739359445
18335,7335.189436064467
18336,7394.308739359445
18337,7325.017360493966
18338,7325.017360493966
18339,7325.017360493966
18340,7325.017360493966
18341,7384.136663788944
18342,7300.3850054245395
18343,7300.3850054245395
18344,7300.3850054245395
18345,7300.3850054245395
18346,7300.3850054245395
18347,7306.328730185937
18348,7365.448033480915
18349,7365.448033480915
18350,7306.328730185937
18351,7306.328730185937
18352,7306.328730185937
18353,7365.448033480915
18354,7365.448033480915
18355,7365.448033480915
18356,7306.328730185937
18357,7306.328730185937
18358,7305.966016383775
18359,7305.966016383775
18360,7365.085319678753
18361,7305.966016383775
18362,7305.966016383775
18363,7252.988426209078
18364,7312.107729504056
18365,7250.837119497173
18366,7309.956422792151
18367,7250.837119497173
18368,7309.956422792151
18369,7309.956422792151
18370,7287.63678656293
18371,7346.756089857908
18372,7287.63678656293
18373,7287.63678656293
18374,7287.63678656293
18375,7287.63678656293
18376,7287.63678656293
18377,7287.63678656293
18378,7346.756089857908
18379,7287.63678656293
18380,7287.63678656293
18381,7287.63678656293
18382,7287.63678656293
18383,7346.756089857908
18384,7287.63678656293
18385,7346.756089857908
18386,7346.756089857908
18387,7287.63678656293
18388,7346.756089857908
18389,7287.63678656293
18390,7287.63678656293
18391,7346.756089857908
18392,7346.756089857908
18393,7287.63678656293
18394,7258.899622610597
18395,7211.496123361595
18396,7211.496123361595
18397,7270.615426656573
18398,7211.496123361595
18399,7313.164775374122
18400,7313.164775374122
18401,7313.164775374122
18402,7313.164775374122
18403,7378.029595294143
18404,7318.910291999166
18405,7318.910291999166
18406,7318.910291999166
18407,7318.910291999166
18408,7318.910291999166
18409,7318.910291999166
18410,7324.597670946301
18411,7324.597670946301
18412,7324.597670946301
18413,7383.716974241279
18414,7383.716974241279
18415,7383.716974241279
18416,7324.597670946301
18417,7383.716974241279
18418,7339.62227846699
18419,7339.62227846699
18420,7339.62227846699
18421,7398.741581761968
18422,7385.651163592919
18423,7326.531860297941
18424,7326.531860297941
18425,7326.531860297941
18426,7326.531860297941
18427,7326.531860297941
18428,7326.531860297941
18429,7326.531860297941
18430,7385.651163592919
18431,7385.651163592919
18432,7326.531860297941
18433,7335.462421307223
18434,7335.462421307223
18435,7394.581724602201
18436,7335.462421307223
18437,7335.462421307223
18438,7394.581724602201
18439,7394.581724602201
18440,7335.462421307223
18441,7335.462421307223
18442,7335.462421307223
18443,7335.462421307223
18444,7394.581724602201
18445,7335.462421307223
18446,7335.462421307223
18447,7405.211514572019
18448,7346.092211277041
18449,7346.092211277041
18450,7346.092211277041
18451,7346.092211277041
18452,7346.092211277041
18453,7346.092211277041
18454,7320.119445546959
18455,7320.119445546959
18456,7320.119445546959
18457,7379.238748841936
18458,7320.119445546959
18459,7379.238748841936
18460,7320.119445546959
18461,7372.74408478935
18462,7372.74408478935
18463,7372.74408478935
18464,7313.624781494373
18465,7372.74408478935
18466,7313.624781494373
18467,7372.74408478935
18468,7313.624781494373
18469,7372.74408478935
18470,7313.624781494373
18471,7313.624781494373
18472,7313.624781494373
18473,7313.624781494373
18474,7313.624781494373
18475,7372.74408478935
18476,7316.2503212843585
18477,7316.2503212843585
18478,7316.2503212843585
18479,7316.2503212843585
18480,7273.592939623714
18481,7332.712242918692
18482,7273.592939623714
18483,7273.592939623714
18484,7273.592939623714
18485,7273.592939623714
18486,7273.592939623714
18487,7332.712242918692
18488,7273.592939623714
18489,7273.592939623714
18490,7242.024272896785
18491,7242.024272896785
18492,7242.024272896785
18493,7242.024272896785
18494,7266.182589127231
18495,7266.182589127231
18496,7266.182589127231
18497,7336.896427893313
18498,7277.777124598335
18499,7277.777124598335
18500,7282.534425593194
18501,7341.653728888172
18502,7282.534425593194
18503,7282.534425593194
18504,7282.534425593194
18505,7341.653728888172
18506,7297.649357387707
18507,7356.768660682685
18508,7356.768660682685
18509,7356.768660682685
18510,7300.984573587239
18511,7300.984573587239
18512,7300.984573587239
18513,7300.984573587239
18514,7300.984573587239
18515,7300.984573587239
18516,7300.984573587239
18517,7300.984573587239
18518,7300.984573587239
18519,7360.103876882216
18520,7360.103876882216
18521,7296.709313769689
18522,7296.709313769689
18523,7237.590010474712
18524,7237.590010474712
18525,7237.590010474712
18526,7226.776012327503
18527,7226.776012327503
18528,7226.776012327503
18529,7424.616256681849
18530,7424.616256681849
18531,7424.616256681849
18532,7365.496953386872
18533,7424.616256681849
18534,7424.616256681849
18535,7327.236378917117
18536,7327.236378917117
18537,7327.236378917117
18538,7327.236378917117
18539,7327.236378917117
18540,7327.236378917117
18541,7327.236378917117
18542,7327.236378917117
18543,7327.236378917117
18544,7327.236378917117
18545,7327.236378917117
18546,7314.333469861424
18547,7373.452773156402
18548,7373.452773156402
18549,7314.333469861424
18550,7346.06338471891
18551,7405.182688013888
18552,7346.06338471891
18553,7346.06338471891
18554,7346.06338471891
18555,7395.259910218141
18556,7395.259910218141
18557,7336.140606923163
18558,7395.259910218141
18559,7395.259910218141
18560,7395.259910218141
18561,7336.140606923163
18562,7336.140606923163
18563,7395.259910218141
18564,7336.140606923163
18565,7395.259910218141
18566,7336.140606923163
18567,7336.140606923163
18568,7336.140606923163
18569,7336.140606923163
18570,7395.259910218141
18571,7395.259910218141
18572,7336.140606923163
18573,7395.259910218141
18574,7336.140606923163
18575,7336.140606923163
18576,7332.50527766398
18577,7391.624580958958
18578,7332.50527766398
18579,7332.50527766398
18580,7391.624580958958
18581,7332.50527766398
18582,7332.50527766398
18583,7332.50527766398
18584,7332.50527766398
18585,7332.50527766398
18586,7332.50527766398
18587,7391.624580958958
18588,7332.50527766398
18589,7332.50527766398
18590,7332.50527766398
18591,7391.624580958958
18592,7391.758557357141
18593,7332.639254062164
18594,7391.758557357141
18595,7399.381489534261
18596,7340.262186239283
18597,7399.381489534261
18598,7399.381489534261
18599,7340.262186239283
18600,7340.262186239283
18601,7340.262186239283
18602,7399.381489534261
18603,7375.153733203485
18604,7375.153733203485
18605,7408.338652784816
18606,7349.219349489838
18607,7349.219349489838
18608,7408.338652784816
18609,7408.338652784816
18610,7408.338652784816
18611,7397.87942293593
18612,7338.760119640952
18613,7338.760119640952
18614,7397.87942293593
18615,7338.760119640952
18616,7335.933993566374
18617,7335.933993566374
18618,7335.933993566374
18619,7335.933993566374
18620,7335.933993566374
18621,7335.933993566374
18622,7395.053296861352
18623,7395.053296861352
18624,7335.933993566374
18625,7335.933993566374
18626,7335.933993566374
18627,7335.933993566374
18628,7335.933993566374
18629,7395.053296861352
18630,7335.933993566374
18631,7335.933993566374
18632,7335.933993566374
18633,7395.053296861352
18634,7407.370514150428
18635,7352.48864059986
18636,7352.48864059986
18637,7411.607943894838
18638,7411.607943894838
18639,7411.607943894838
18640,7411.607943894838
18641,7411.607943894838
18642,7352.48864059986
18643,7411.607943894838
18644,7352.48864059986
18645,7352.48864059986
18646,7352.48864059986
18647,7352.48864059986
18648,7352.48864059986
18649,7352.48864059986
18650,7352.48864059986
18651,7352.48864059986
18652,7411.607943894838
18653,7337.880646624191
18654,7337.880646624191
18655,7337.880646624191
18656,7337.880646624191
18657,7396.999949919169
18658,7337.880646624191
18659,7337.880646624191
18660,7337.880646624191
18661,7304.29070856528
18662,7304.29070856528
18663,7304.29070856528
18664,7304.29070856528
18665,7363.410011860257
18666,7304.29070856528
18667,7363.410011860257
18668,7304.29070856528
18669,7304.29070856528
18670,7432.016953057575
18671,7372.897649762597
18672,7372.897649762597
18673,7311.653345613015
18674,7370.772648907992
18675,7370.772648907992
18676,7370.772648907992
18677,7359.6424693719355
18678,7300.523166076958
18679,7300.523166076958
18680,7359.6424693719355
18681,7281.942882755305
18682,7281.942882755305
18683,7281.942882755305
18684,7281.942882755305
18685,7281.942882755305
18686,7281.942882755305
18687,7281.942882755305
18688,7281.942882755305
18689,7281.942882755305
18690,7281.942882755305
18691,7281.942882755305
18692,7281.942882755305
18693,7281.942882755305
18694,7341.062186050282
18695,7281.942882755305
18696,7287.007798844082
18697,7287.007798844082
18698,7287.007798844082
18699,7346.127102139059
18700,7287.007798844082
18701,7301.1776524462275
18702,7301.1776524462275
18703,7285.287174242006
18704,7285.287174242006
18705,7344.406477536983
18706,7344.406477536983
18707,7344.406477536983
18708,7285.287174242006
18709,7344.406477536983
18710,7344.406477536983
18711,7303.594243150158
18712,7303.594243150158
18713,7303.594243150158
18714,7380.130156547935
18715,7321.0108532529575
18716,7380.130156547935
18717,7321.0108532529575
18718,7321.0108532529575
18719,7321.0108532529575
18720,7321.0108532529575
18721,7321.0108532529575
18722,7321.0108532529575
18723,7334.832988408824
18724,7334.832988408824
18725,7393.952291703802
18726,7334.832988408824
18727,7393.952291703802
18728,7334.832988408824
18729,7334.832988408824
18730,7334.832988408824
18731,7328.491313434206
18732,7328.491313434206
18733,7328.491313434206
18734,7328.491313434206
18735,7372.370552541061
18736,7372.370552541061
18737,7313.251249246084
18738,7313.251249246084
18739,7372.370552541061
18740,7343.411693419982
18741,7284.292390125004
18742,7343.411693419982
18743,7343.411693419982
18744,7367.962447583628
18745,7308.84314428865
18746,7367.962447583628
18747,7308.84314428865
18748,7308.84314428865
18749,7367.962447583628
18750,7308.84314428865
18751,7349.457609777035
18752,7290.338306482057
18753,7290.338306482057
18754,7349.457609777035
18755,7290.338306482057
18756,7290.338306482057
18757,7349.457609777035
18758,7271.583049786272
18759,7271.583049786272
18760,7271.583049786272
18761,7271.583049786272
18762,7271.583049786272
18763,7271.583049786272
18764,7330.702353081249
18765,7290.498183767287
18766,7349.617487062264
18767,7349.617487062264
18768,7381.465092283753
18769,7306.515542176545
18770,7365.634845471523
18771,7365.634845471523
18772,7306.515542176545
18773,7306.515542176545
18774,7365.634845471523
18775,7365.634845471523
18776,7298.978793721512
18777,7298.978793721512
18778,7358.09809701649
18779,7298.978793721512
18780,7358.09809701649
18781,7373.087317392327
18782,7313.96801409735
18783,7373.087317392327
18784,7373.087317392327
18785,7369.275447817374
18786,7310.156144522396
18787,7369.275447817374
18788,7292.71481833703
18789,7292.71481833703
18790,7351.834121632008
18791,7368.987048430473
18792,7368.987048430473
18793,7309.867745135495
18794,7309.867745135495
18795,7309.867745135495
18796,7368.987048430473
18797,7309.867745135495
18798,7368.987048430473
18799,7309.867745135495
18800,7309.867745135495
18801,7309.867745135495
18802,7309.867745135495
18803,7368.987048430473
18804,7309.867745135495
18805,7368.987048430473
18806,7368.987048430473
18807,7309.867745135495
18808,7368.987048430473
18809,7309.867745135495
18810,7309.867745135495
18811,7368.987048430473
18812,7295.4038496539015
18813,7295.4038496539015
18814,7354.523152948879
18815,7295.4038496539015
18816,7365.330767477608
18817,7365.330767477608
18818,7364.170727288039
18819,7364.170727288039
18820,7305.051423993062
18821,7364.170727288039
18822,7364.170727288039
18823,7305.051423993062
18824,7364.170727288039
18825,7305.051423993062
18826,7305.051423993062
18827,7364.170727288039
18828,7305.051423993062
18829,7305.051423993062
18830,7305.051423993062
18831,7305.051423993062
18832,7364.170727288039
18833,7305.051423993062
18834,7295.8830126705125
18835,7295.8830126705125
18836,7295.8830126705125
18837,7351.718228531123
18838,7292.598925236145
18839,7351.718228531123
18840,7292.598925236145
18841,7292.598925236145
18842,7292.598925236145
18843,7352.097776683597
18844,7292.978473388619
18845,7352.097776683597
18846,7292.978473388619
18847,7292.978473388619
18848,7292.978473388619
18849,7213.266890561771
18850,7272.386193856749
18851,7272.386193856749
18852,7283.526842977594
18853,7303.094685423125
18854,7243.975382128147
18855,7243.975382128147
18856,7251.130378312073
18857,7251.130378312073
18858,7251.130378312073
18859,7251.130378312073
18860,7251.130378312073
18861,7310.249681607051
18862,7310.249681607051
18863,7265.037913366397
18864,7265.037913366397
18865,7219.930025478648
18866,7279.049328773625
18867,7292.411409226387
18868,7292.411409226387
18869,7372.485204525542
18870,7313.365901230564
18871,7313.365901230564
18872,7306.857910308759
18873,7306.857910308759
18874,7365.977213603736
18875,7327.9247861000595
18876,7327.9247861000595
18877,7327.9247861000595
18878,7387.044089395037
18879,7400.829399079233
18880,7341.710095784255
18881,7422.783148280729
18882,7422.783148280729
18883,5910.814765467318
18884,6136.654291569364
18885,6606.018338380765
18886,6608.984336872047
18887,6389.041908167995
18888,4810.197215247455
18889,4768.679098540295
18890,4765.881739550055
18891,5760.075335262031
18892,4772.999446154415
18893,4730.075936434625
18894,5578.729442060255
18895,5184.995823285571
18896,5090.008246776797
18897,5228.80407512735
18898,4688.43213099273
18899,5433.5438307323775
18900,4962.250691527693
18901,4962.250691527693
18902,4915.127507406421
18903,4415.933038151206
18904,4356.642254610726
18905,5038.276248712349
18906,5429.637320817127
18907,5006.701485894421
18908,5099.1549185176655
18909,5099.1549185176655
18910,4504.494712036852
18911,4388.458328669688
18912,4165.978714184863
18913,4165.978714184863
18914,4165.978714184863
18915,4282.015097552027
18916,4153.184854713507
18917,4153.184854713507
18918,4153.184854713507
18919,4153.184854713507
18920,4153.184854713507
18921,3837.0803201200056
18922,3837.0803201200056
18923,3837.0803201200056
18924,4390.218942627145
18925,4390.218942627145
18926,4390.218942627145
18927,4390.218942627145
18928,4390.218942627145
18929,4720.939876014754
18930,4720.939876014754
18931,4720.939876014754
18932,4773.743217165499
18933,4773.743217165499
18934,4773.743217165499
18935,4773.743217165499
18936,5049.921747771594
18937,5049.921747771594
18938,5049.921747771594
18939,5049.921747771594
18940,4531.177754995918
18941,4531.177754995918
18942,4531.177754995918
18943,4531.177754995918
18944,4593.004770634478
18945,4593.004770634478
18946,4593.004770634478
18947,4593.004770634478
18948,4593.004770634478
18949,5117.362602804527
18950,5117.362602804527
18951,5117.362602804527
18952,4698.394218596948
18953,4583.431722951757
18954,4663.561072637112
18955,4663.561072637112
18956,4663.561072637112
18957,4663.561072637112
18958,4663.561072637112
18959,4663.561072637112
18960,4663.561072637112
18961,4778.523568282303
18962,4785.596710403933
18963,4670.634214758742
18964,4670.634214758742
18965,4670.634214758742
18966,4670.634214758742
18967,4673.256914489786
18968,4673.256914489786
18969,4788.219410134977
18970,4673.256914489786
18971,4872.029312315373
18972,4872.029312315373
18973,4872.029312315373
18974,4872.029312315373
18975,4872.029312315373
18976,4528.429084306641
18977,4528.429084306641
18978,4582.641297521173
18979,4582.641297521173
18980,4582.641297521173
18981,4582.641297521173
18982,4582.641297521173
18983,4352.327006842341
18984,4352.327006842341
18985,4760.734799132962
18986,4760.734799132962
18987,4760.734799132962
18988,4653.842849964387
18989,4768.805345609578
18990,4653.842849964387
18991,4653.842849964387
18992,4729.338136311829
18993,4844.3006319570195
18994,4844.3006319570195
18995,4729.338136311829
18996,4744.174306428215
18997,4744.174306428215
18998,4744.174306428215
18999,4744.174306428215
19000,4439.291442305845
19001,4324.328946660654
19002,4324.328946660654
19003,4441.225631779447
19004,4441.225631779447
19005,4556.188127424638
19006,4441.225631779447
19007,4383.799553290471
19008,4268.83705764528
19009,4268.83705764528
19010,4344.249673721379
19011,4229.287178076188
19012,4229.287178076188
19013,4229.287178076188
19014,4417.016084622152
19015,4302.053588976962
19016,4302.053588976962
19017,4302.053588976962
19018,4302.053588976962
19019,4497.953850463224
19020,4497.953850463224
19021,4497.953850463224
19022,4497.953850463224
19023,4497.953850463224
19024,4497.953850463224
19025,4497.953850463224
19026,4612.9163461084145
19027,4700.777079954715
19028,4700.777079954715
19029,4700.777079954715
19030,4700.777079954715
19031,4611.913891591193
19032,4496.951395946002
19033,4611.913891591193
19034,4496.951395946002
19035,4509.044473104408
19036,4509.044473104408
19037,4509.044473104408
19038,4509.044473104408
19039,4509.044473104408
19040,4509.044473104408
19041,4509.044473104408
19042,4509.044473104408
19043,4509.044473104408
19044,4509.044473104408
19045,4509.044473104408
19046,4511.704248904451
19047,4511.704248904451
19048,4626.666744549641
19049,4511.704248904451
19050,4511.704248904451
19051,4508.887559134921
19052,4508.887559134921
19053,4508.887559134921
19054,4508.887559134921
19055,4596.729740467277
19056,4596.729740467277
19057,4596.729740467277
19058,4596.729740467277
19059,4596.729740467277
19060,4506.23165466385
19061,4506.23165466385
19062,4506.23165466385
19063,4523.396943155468
19064,4523.396943155468
19065,4638.359438800659
19066,4523.396943155468
19067,4507.079815175833
19068,4507.079815175833
19069,4507.079815175833
19070,4545.886509902317
19071,4545.886509902317
19072,4545.886509902317
19073,4545.886509902317
19074,4545.886509902317
19075,4545.886509902317
19076,4545.886509902317
19077,4545.886509902317
19078,4545.886509902317
19079,4511.52623923047
19080,4511.52623923047
19081,4511.52623923047
19082,4626.488734875661
19083,4511.52623923047
19084,4511.52623923047
19085,4511.52623923047
19086,4513.018037119316
19087,4513.018037119316
19088,4627.980532764507
19089,4513.018037119316
19090,4627.980532764507
19091,4513.018037119316
19092,4513.018037119316
19093,4513.018037119316
19094,4627.980532764507
19095,4513.018037119316
19096,4513.018037119316
19097,4624.62722320618
19098,4509.664727560989
19099,4624.62722320618
19100,4509.664727560989
19101,4509.664727560989
19102,4669.178842274847
19103,4554.216346629656
19104,4554.216346629656
19105,4554.216346629656
19106,4554.216346629656
19107,4528.199092173254
19108,4528.199092173254
19109,4528.199092173254
19110,4643.161587818445
19111,4538.560003227318
19112,4538.560003227318
19113,4748.889518166992
19114,4748.889518166992
19115,4863.852013812183
19116,4748.889518166992
19117,4560.15524877472
19118,4445.19275312953
19119,4562.696532546674
19120,4447.734036901483
19121,4447.734036901483
19122,4447.734036901483
19123,4656.146019248038
19124,4656.146019248038
19125,4656.146019248038
19126,4656.146019248038
19127,4844.448645115564
19128,4959.411140760755
19129,4844.448645115564
19130,4844.448645115564
19131,4479.439028921309
19132,4364.476533276118
19133,4479.439028921309
19134,4364.476533276118
19135,4479.439028921309
19136,4364.476533276118
19137,4419.285980476413
19138,4419.285980476413
19139,4534.248476121604
19140,4419.285980476413
19141,4534.248476121604
19142,4377.767863769253
19143,4492.730359414444
19144,4492.730359414444
19145,4377.767863769253
19146,4377.767863769253
19147,4377.767863769253
19148,4377.767863769253
19149,4492.730359414444
19150,4492.730359414444
19151,4377.767863769253
19152,4377.767863769253
19153,4377.767863769253
19154,4377.767863769253
19155,4377.767863769253
19156,4377.767863769253
19157,4377.767863769253
19158,4377.767863769253
19159,4377.767863769253
19160,4377.767863769253
19161,4377.767863769253
19162,4377.767863769253
19163,4374.970504779013
19164,4374.970504779013
19165,4374.970504779013
19166,4374.970504779013
19167,4560.381645896374
19168,4560.381645896374
19169,4560.381645896374
19170,4445.419150251183
19171,4490.432384672702
19172,4490.432384672702
19173,4490.432384672702
19174,4490.432384672702
19175,4490.432384672702
19176,4490.432384672702
19177,4490.432384672702
19178,4490.432384672702
19179,4490.432384672702
19180,4697.21786920248
19181,4582.255373557289
19182,4582.255373557289
19183,4582.255373557289
19184,4582.255373557289
19185,4582.255373557289
19186,4582.255373557289
19187,4582.255373557289
19188,4582.255373557289
19189,4697.21786920248
19190,4567.351314258396
19191,4567.351314258396
19192,4567.351314258396
19193,4655.606040041127
19194,4770.568535686318
19195,4655.606040041127
19196,4770.568535686318
19197,4655.606040041127
19198,4405.985828036137
19199,4405.985828036137
19200,4488.36750964302
19201,4603.3300052882105
19202,4488.36750964302
19203,4612.657345056976
19204,4497.694849411785
19205,4497.694849411785
19206,4497.694849411785
19207,4497.694849411785
19208,4497.694849411785
19209,4497.694849411785
19210,4497.694849411785
19211,4497.694849411785
19212,4612.657345056976
19213,4497.694849411785
19214,4471.644133339278
19215,4471.644133339278
19216,4471.644133339278
19217,4488.256971880784
19218,4488.256971880784
19219,4488.256971880784
19220,4748.8661809428
19221,4748.8661809428
19222,4748.8661809428
19223,4863.828676587991
19224,4748.8661809428
19225,4993.2567484573065
19226,4878.294252812116
19227,4878.294252812116
19228,4993.2567484573065
19229,4878.294252812116
19230,4640.018216184103
19231,4640.018216184103
19232,4640.018216184103
19233,5119.011620254535
19234,5119.011620254535
19235,5119.011620254535
19236,4711.722265483103
19237,4711.722265483103
19238,4711.722265483103
19239,4711.722265483103
19240,4711.722265483103
19241,4663.625222643877
19242,4663.625222643877
19243,4663.625222643877
19244,4663.625222643877
19245,4663.625222643877
19246,5205.0812979847815
19247,5205.0812979847815
19248,4968.594448577397
19249,4968.594448577397
19250,4968.594448577397
19251,5184.855933086703
19252,5184.855933086703
19253,4823.82638618303
19254,4823.82638618303
19255,4938.788881828221
19256,4823.82638618303
19257,4837.357940742863
19258,4722.395445097673
19259,4722.395445097673
19260,5449.430864946333
19261,5449.430864946333
19262,5449.430864946333
19263,5564.393360591524
19264,4773.975441014251
19265,4773.975441014251
19266,4773.975441014251
19267,5283.225624733373
19268,5168.263129088182
19269,5168.263129088182
19270,5168.263129088182
19271,4933.760567507051
19272,4933.760567507051
19273,4933.760567507051
19274,4933.760567507051
19275,4746.926135658323
19276,4746.926135658323
19277,5198.549195639326
19278,5058.285469625496
19279,5058.285469625496
19280,5058.285469625496
19281,5058.285469625496
19282,4916.391529102281
19283,4916.391529102281
19284,4916.391529102281
19285,4916.391529102281
19286,4599.757030286112
19287,4599.757030286112
19288,4722.8838392754815
19289,4607.921343630291
19290,4607.921343630291
19291,4607.921343630291
19292,4607.921343630291
19293,4709.189163427593
19294,4709.189163427593
19295,4594.226667782402
19296,4560.177465962405
19297,4560.177465962405
19298,4560.177465962405
19299,4675.139961607596
19300,4560.177465962405
19301,4838.309554343133
19302,4723.347058697942
19303,4723.347058697942
19304,4723.347058697942
19305,4657.037203132855
19306,4771.999698778046
19307,4657.037203132855
19308,4657.037203132855
19309,4657.037203132855
19310,4657.037203132855
19311,4657.037203132855
19312,4657.037203132855
19313,4638.159231545219
19314,4638.159231545219
19315,4638.159231545219
19316,4519.762584262657
19317,4519.762584262657
19318,4519.762584262657
19319,4519.762584262657
19320,4519.762584262657
19321,4519.762584262657
19322,4519.762584262657
19323,4519.762584262657
19324,4519.762584262657
19325,4553.225863633454
19326,4553.225863633454
19327,4553.225863633454
19328,4553.225863633454
19329,4668.188359278644
19330,4530.098133192453
19331,4530.098133192453
19332,4645.060628837644
19333,4530.098133192453
19334,4645.060628837644
19335,4530.098133192453
19336,4645.060628837644
19337,5143.4910326603485
19338,5143.4910326603485
19339,5143.4910326603485
19340,5143.4910326603485
19341,4541.736809565559
19342,4541.736809565559
19343,4656.69930521075
19344,4606.35028353004
19345,4606.35028353004
19346,4606.35028353004
19347,4606.35028353004
19348,4606.35028353004
19349,4721.31277917523
19350,4606.35028353004
19351,4790.1960495307085
19352,4790.1960495307085
19353,4790.1960495307085
19354,4790.1960495307085
19355,4790.1960495307085
19356,4794.660699734415
19357,4794.660699734415
19358,4794.660699734415
19359,4581.781695334095
19360,4581.781695334095
19361,4696.744190979286
19362,4696.744190979286
19363,4570.567496079188
19364,4570.567496079188
19365,4570.567496079188
19366,4570.567496079188
19367,4685.529991724378
19368,4585.903993799146
19369,4585.903993799146
19370,4585.903993799146
19371,4585.903993799146
19372,4608.077353012804
19373,4795.755329797404
19374,4795.755329797404
19375,4910.717825442594
19376,4910.717825442594
19377,4545.165933790832
19378,4545.165933790832
19379,4545.165933790832
19380,4448.032096927182
19381,4448.032096927182
19382,4448.032096927182
19383,4567.7518935672315
19384,4452.789397922041
19385,4567.7518935672315
19386,4452.789397922041
19387,4452.789397922041
19388,4452.789397922041
19389,4445.998570998079
19390,4445.998570998079
19391,4445.998570998079
19392,4445.998570998079
19393,4595.854142401888
19394,4595.854142401888
19395,4480.891646756697
19396,4512.558775791812
19397,4512.558775791812
19398,4512.558775791812
19399,4589.070711234041
19400,4589.070711234041
19401,4589.070711234041
19402,4589.070711234041
19403,4589.070711234041
19404,4589.070711234041
19405,4589.070711234041
19406,4589.070711234041
19407,4589.070711234041
19408,4589.070711234041
19409,4578.256713086832
19410,4578.256713086832
19411,4578.256713086832
19412,4590.360458741412
19413,4590.360458741412
19414,4590.360458741412
19415,4705.322954386603
19416,4590.360458741412
19417,4590.360458741412
19418,4705.322954386603
19419,4590.360458741412
19420,4705.322954386603
19421,4705.322954386603
19422,4590.360458741412
19423,4705.322954386603
19424,4590.360458741412
19425,4590.360458741412
19426,4590.360458741412
19427,4590.360458741412
19428,4590.360458741412
19429,4496.791401361364
19430,4496.791401361364
19431,4496.791401361364
19432,4611.753897006554
19433,4567.773056624309
19434,4567.773056624309
19435,4567.773056624309
19436,4567.773056624309
19437,4567.773056624309
19438,4538.8053202165065
19439,4538.8053202165065
19440,4653.767815861697
19441,4538.8053202165065
19442,4538.8053202165065
19443,4538.8053202165065
19444,4653.767815861697
19445,4538.8053202165065
19446,4538.8053202165065
19447,4538.8053202165065
19448,4538.8053202165065
19449,4653.767815861697
19450,4653.767815861697
19451,4538.8053202165065
19452,4538.8053202165065
19453,4538.8053202165065
19454,4538.8053202165065
19455,4538.8053202165065
19456,4531.675470492162
19457,4531.675470492162
19458,4531.675470492162
19459,4533.4758787455075
19460,4533.4758787455075
19461,4533.4758787455075
19462,4533.4758787455075
19463,4533.4758787455075
19464,4648.438374390698
19465,4533.4758787455075
19466,4533.4758787455075
19467,4533.4758787455075
19468,4648.438374390698
19469,4648.438374390698
19470,4533.4758787455075
19471,4533.4758787455075
19472,4648.438374390698
19473,4533.4758787455075
19474,4533.4758787455075
19475,4533.4758787455075
19476,4533.4758787455075
19477,4533.4758787455075
19478,4531.934250234905
19479,4531.934250234905
19480,4531.934250234905
19481,4578.973813980798
19482,4578.973813980798
19483,4693.9363096259885
19484,4693.9363096259885
19485,4578.973813980798
19486,4516.953310583768
19487,4631.915806228959
19488,4516.953310583768
19489,4516.953310583768
19490,4516.953310583768
19491,4516.953310583768
19492,4516.953310583768
19493,4516.953310583768
19494,4501.238115183405
19495,4501.238115183405
19496,4501.238115183405
19497,4501.238115183405
19498,4501.238115183405
19499,4486.3526946242355
19500,4486.3526946242355
19501,4486.3526946242355
19502,4486.3526946242355
19503,4486.3526946242355
19504,4486.3526946242355
19505,4486.3526946242355
19506,4486.3526946242355
19507,4486.3526946242355
19508,4486.3526946242355
19509,4601.315190269426
19510,4486.3526946242355
19511,4486.3526946242355
19512,4486.3526946242355
19513,4486.3526946242355
19514,4486.3526946242355
19515,4486.3526946242355
19516,4486.3526946242355
19517,4522.001777781095
19518,4522.001777781095
19519,4636.964273426286
19520,4522.001777781095
19521,4522.001777781095
19522,4522.001777781095
19523,4522.001777781095
19524,4522.001777781095
19525,4522.001777781095
19526,4522.001777781095
19527,4522.001777781095
19528,4522.001777781095
19529,4522.001777781095
19530,4636.964273426286
19531,4522.001777781095
19532,4522.001777781095
19533,4522.001777781095
19534,4636.964273426286
19535,4522.001777781095
19536,4507.393783805426
19537,4507.393783805426
19538,4507.393783805426
19539,4507.393783805426
19540,4507.393783805426
19541,4622.356279450617
19542,4507.393783805426
19543,4507.393783805426
19544,4513.260603928425
19545,4513.260603928425
19546,4513.260603928425
19547,4513.260603928425
19548,4513.260603928425
19549,4628.223099573615
19550,4470.236601457026
19551,4585.199097102217
19552,4470.236601457026
19553,4451.63277686415
19554,4566.595272509341
19555,4519.4242139938515
19556,4635.058732032602
19557,4635.058732032602
19558,4635.058732032602
19559,4635.058732032602
19560,4600.696444688034
19561,4600.696444688034
19562,4715.658940333225
19563,4600.696444688034
19564,4596.035520364062
19565,4710.998016009253
19566,4596.035520364062
19567,4596.035520364062
19568,4596.035520364062
19569,4710.998016009253
19570,4596.035520364062
19571,4559.6310160690555
19572,4559.6310160690555
19573,4559.6310160690555
19574,4559.6310160690555
19575,4559.6310160690555
19576,4559.6310160690555
19577,4559.6310160690555
19578,4674.593511714246
19579,4500.340232528575
19580,4615.302728173766
19581,4645.639743421008
19582,4530.677247775817
19583,4645.639743421008
19584,4524.807213805519
19585,4524.807213805519
19586,4524.807213805519
19587,4524.807213805519
19588,4524.807213805519
19589,4524.807213805519
19590,4524.807213805519
19591,4524.807213805519
19592,4524.807213805519
19593,4524.807213805519
19594,4644.1574193611805
19595,4529.19492371599
19596,4529.19492371599
19597,4529.19492371599
19598,4529.19492371599
19599,4529.19492371599
19600,4529.19492371599
19601,4529.19492371599
19602,4529.19492371599
19603,4529.19492371599
19604,4529.19492371599
19605,4529.19492371599
19606,4546.3318833387875
19607,4546.3318833387875
19608,4546.3318833387875
19609,4661.294378983978
19610,4546.3318833387875
19611,4647.713250413544
19612,4532.7507547683535
19613,4532.7507547683535
19614,4590.6619418058435
19615,4590.6619418058435
19616,4590.6619418058435
19617,4590.6619418058435
19618,4466.448999304254
19619,4466.448999304254
19620,4466.448999304254
19621,4568.895151232485
19622,4568.895151232485
19623,4677.196797119218
19624,4677.196797119218
19625,4677.196797119218
19626,4677.196797119218
19627,4677.196797119218
19628,4677.196797119218
19629,4677.196797119218
19630,4677.196797119218
19631,4277.761737817289
19632,4277.761737817289
19633,4277.761737817289
19634,4568.105213667282
19635,4683.067709312473
19636,4683.067709312473
19637,4568.105213667282
19638,4568.105213667282
19639,4683.067709312473
19640,4568.105213667282
19641,4910.85611893707
19642,4795.8936232918795
19643,4795.8936232918795
19644,4795.8936232918795
19645,4589.420220976517
19646,4589.420220976517
19647,4589.420220976517
19648,4580.42132241305
19649,4580.42132241305
19650,4580.42132241305
19651,4382.2546843888185
19652,4532.49859984757
19653,4417.53610420238
19654,4417.53610420238
19655,4417.53610420238
19656,4532.49859984757
19657,4417.53610420238
19658,4417.53610420238
19659,4409.999355747347
19660,4524.961851392538
19661,4409.999355747347
19662,4409.999355747347
19663,4409.999355747347
19664,4419.695102126124
19665,4419.695102126124
19666,4566.314495355506
19667,4566.314495355506
19668,4597.5184530087145
19669,4597.5184530087145
19670,4597.5184530087145
19671,4582.8219677856105
19672,4582.8219677856105
19673,4582.8219677856105
19674,4447.092269372198
19675,4447.092269372198
19676,4584.336677315755
19677,4469.374181670564
19678,4576.168216216829
19679,4576.168216216829
19680,4740.746858403944
19681,4740.746858403944
19682,4740.746858403944
19683,4740.746858403944
19684,4740.746858403944
19685,4740.746858403944
19686,4740.746858403944
19687,4553.758372404193
19688,4553.758372404193
19689,4553.758372404193
19690,4553.758372404193
19691,4546.831645989298
19692,4546.831645989298
19693,4908.694230816709
19694,4793.731735171518
19695,4570.873956976179
19696,4570.873956976179
19697,4570.873956976179
19698,4570.873956976179
19699,4458.51421617048
19700,4458.51421617048
19701,4751.705434940628
19702,4751.705434940628
19703,4751.705434940628
19704,4751.705434940628
19705,4686.088872550619
19706,4686.088872550619
19707,4686.088872550619
19708,4507.8301222042355
19709,4507.8301222042355
19710,4507.8301222042355
19711,4507.8301222042355
19712,4507.8301222042355
19713,4622.792617849426
19714,4480.382440528525
19715,4480.382440528525
19716,4595.344936173716
19717,4506.214041283036
19718,4506.214041283036
19719,4506.214041283036
19720,4506.214041283036
19721,4506.214041283036
19722,4506.214041283036
19723,4506.214041283036
19724,4506.214041283036
19725,4506.214041283036
19726,4506.214041283036
19727,4506.214041283036
19728,4506.214041283036
19729,4506.214041283036
19730,4534.290293975106
19731,4649.252789620296
19732,4209.104060865305
19733,4209.104060865305
19734,4209.104060865305
19735,4540.75380700548
19736,4354.966676334846
19737,4354.966676334846
19738,4469.929171980037
19739,4383.262397951064
19740,4498.224893596254
19741,4498.224893596254
19742,4498.224893596254
19743,4498.224893596254
19744,4383.262397951064
19745,4383.262397951064
19746,4358.56356438063
19747,4358.56356438063
19748,4314.428328346579
19749,4314.428328346579
19750,4314.428328346579
19751,4314.428328346579
19752,4362.339713737043
19753,4362.339713737043
19754,4362.339713737043
19755,4545.637162083424
19756,4430.6746664382335
19757,4430.6746664382335
19758,4327.177134241103
19759,4327.177134241103
19760,4327.177134241103
19761,4327.177134241103
19762,4395.6333834552
19763,4395.6333834552
19764,5197.946926025606
19765,5313.301731251745
19766,8691.524288110115
19767,8184.757862976289
19768,8763.491300533382
19769,8763.491300533382
19770,8256.724875399554
19771,8763.491300533382
19772,8758.809124054229
19773,8758.809124054229
19774,8758.809124054229
19775,8252.0426989204
19776,8758.809124054229
19777,8816.037499770795
19778,8309.271074636967
19779,8816.037499770795
19780,8896.597075603713
19781,8896.597075603713
19782,8896.597075603713
19783,8392.415651242183
19784,8392.415651242183
19785,8392.415651242183
19786,8392.415651242183
19787,8392.415651242183
19788,8763.436244242208
19789,8763.436244242208
19790,8259.254819880674
19791,8259.254819880674
19792,8646.838446796502
19793,8142.657022434965
19794,8142.657022434965
19795,8142.657022434965
19796,8751.65990582114
19797,8247.478481459606
19798,8247.478481459606
19799,8751.65990582114
19800,8688.983108656696
19801,8688.983108656696
19802,8688.983108656696
19803,8688.983108656696
19804,8688.983108656696
19805,8684.675468203
19806,8684.675468203
19807,8684.675468203
19808,8821.85258161023
19809,8821.85258161023
19810,8769.975663130783
19811,8265.794238769253
19812,8769.975663130783
19813,8265.794238769253
19814,8769.975663130783
19815,8769.975663130783
19816,8769.975663130783
19817,8769.975663130783
19818,8775.807519734815
19819,8271.626095373285
19820,8775.807519734815
19821,8775.807519734815
19822,8271.626095373285
19823,8778.43021946586
19824,8778.43021946586
19825,8778.43021946586
19826,8778.43021946586
19827,8778.43021946586
19828,8778.43021946586
19829,8274.24879510433
19830,8274.24879510433
19831,8274.24879510433
19832,8234.65260049882
19833,8738.83402486035
19834,8256.620810324896
19835,8760.802234686425
19836,8256.620810324896
19837,8256.620810324896
19838,8256.620810324896
19839,8256.620810324896
19840,8760.802234686425
19841,8698.87165832468
19842,8698.87165832468
19843,8199.995083815766
19844,8698.87165832468
19845,8698.87165832468
19846,8698.87165832468
19847,8698.87165832468
19848,8698.87165832468
19849,8698.87165832468
19850,8698.87165832468
19851,8698.87165832468
19852,8705.039514886716
19853,8206.162940377804
19854,8705.039514886716
19855,8705.039514886716
19856,8826.534879045814
19857,8826.534879045814
19858,8313.31774035504
19859,8304.813971445425
19860,8818.031110136199
19861,8818.031110136199
19862,8818.031110136199
19863,8778.441431626228
19864,8274.675176389686
19865,8778.441431626228
19866,8778.441431626228
19867,8778.441431626228
19868,8778.441431626228
19869,8778.441431626228
19870,8778.441431626228
19871,8778.441431626228
19872,8274.675176389686
19873,8778.441431626228
19874,8778.441431626228
19875,8778.441431626228
19876,8274.675176389686
19877,8274.675176389686
19878,8778.441431626228
19879,8778.441431626228
19880,8274.675176389686
19881,8274.675176389686
19882,8778.441431626228
19883,8778.441431626228
19884,8274.675176389686
19885,8778.441431626228
19886,8778.441431626228
19887,8771.166980611815
19888,8267.400725375273
19889,8771.166980611815
19890,8771.166980611815
19891,8829.645426827403
19892,8325.87917159085
19893,8829.645426827403
19894,8325.87917159085
19895,8325.87917159085
19896,8325.87917159085
19897,8829.645426827403
19898,8829.645426827403
19899,8829.645426827403
19900,8325.87917159085
19901,8325.87917159085
19902,8758.814209928718
19903,8758.814209928718
19904,8758.814209928718
19905,8758.814209928718
19906,8255.047954692165
19907,8724.643349363598
19908,8724.643349363598
19909,8724.643349363598
19910,8724.643349363598
19911,8724.643349363598
19912,8724.643349363598
19913,8724.643349363598
19914,8724.643349363598
19915,8724.643349363598
19916,8220.877094127045
19917,8724.643349363598
19918,8724.643349363598
19919,8220.877094127045
19920,8220.877094127045
19921,8724.643349363598
19922,8724.643349363598
19923,8350.056749174888
19924,8853.823004411432
19925,8853.823004411432
19926,8808.193299400215
19927,8808.193299400215
19928,8304.427044163667
19929,8304.427044163667
19930,8808.193299400215
19931,8304.427044163667
19932,8808.193299400215
19933,8808.193299400215
19934,8304.427044163667
19935,8284.89587820542
19936,8788.662133441967
19937,8788.662133441967
19938,8788.662133441967
19939,8284.89587820542
19940,8284.89587820542
19941,8788.662133441967
19942,8790.153931330813
19943,8790.153931330813
19944,8790.153931330813
19945,8286.387676094266
19946,8790.153931330813
19947,8286.387676094266
19948,8286.387676094266
19949,8286.387676094266
19950,8790.153931330813
19951,8790.153931330813
19952,8286.387676094266
19953,8782.522442573525
19954,8782.522442573525
19955,8782.522442573525
19956,8782.522442573525
19957,8782.522442573525
19958,8836.919040970193
19959,8333.152785733646
19960,8333.152785733646
19961,8333.152785733646
19962,8836.919040970193
19963,8277.704833853735
19964,8277.704833853735
19965,8781.471089090282
19966,8781.471089090282
19967,8791.832000144346
19968,8791.832000144346
19969,8806.450712664773
19970,8806.450712664773
19971,8806.450712664773
19972,8302.684457428222
19973,8808.91060676853
19974,8305.144351531982
19975,8787.35057047547
19976,8787.35057047547
19977,8787.35057047547
19978,8787.35057047547
19979,8787.35057047547
19980,8787.35057047547
19981,8787.35057047547
19982,8787.35057047547
19983,8787.35057047547
19984,8787.35057047547
19985,8787.35057047547
19986,8787.35057047547
19987,8794.929395736384
19988,8291.163140499837
19989,8794.929395736384
19990,8794.929395736384
19991,8794.929395736384
19992,8794.929395736384
19993,8778.394262217576
19994,8778.394262217576
19995,8778.394262217576
19996,8778.394262217576
19997,8778.394262217576
19998,8274.62800698103
19999,8778.394262217576
20000,8778.394262217576
20001,8778.394262217576
20002,8293.146406732129
20003,8293.146406732129
20004,8796.912661968676
20005,8796.912661968676
20006,8796.912661968676
20007,8293.146406732129
20008,8796.912661968676
20009,8293.146406732129
20010,8778.181492925372
20011,8778.181492925372
20012,8778.181492925372
20013,8778.181492925372
20014,8274.415237688818
20015,8778.181492925372
20016,8274.415237688818
20017,8274.415237688818
20018,8274.415237688818
20019,8820.01010318592
20020,8820.01010318592
20021,8316.243847949369
20022,8316.243847949369
20023,8820.01010318592
20024,8820.01010318592
20025,8820.01010318592
20026,8820.01010318592
20027,8806.913376830244
20028,8303.147121593694
20029,8806.913376830244
20030,8303.147121593694
20031,8806.913376830244
20032,8670.51451835205
20033,8166.748263115505
20034,8670.51451835205
20035,8670.51451835205
20036,8687.00592278883
20037,8183.239667552285
20038,8687.00592278883
20039,8687.00592278883
20040,8284.737427192624
20041,8788.503682429171
20042,8788.503682429171
20043,8284.737427192624
20044,8788.503682429171
20045,8788.503682429171
20046,8788.503682429171
20047,8788.503682429171
20048,8788.503682429171
20049,8887.511311660528
20050,8887.511311660528
20051,8383.745056423979
20052,8887.511311660528
20053,8383.745056423979
20054,8948.107081013271
20055,8948.107081013271
20056,8444.340825776722
20057,8948.107081013271
20058,8444.340825776722
20059,8957.434420782036
20060,8957.434420782036
20061,8453.668165545487
20062,8453.668165545487
20063,8453.668165545487
20064,8957.434420782036
20065,8453.668165545487
20066,8453.668165545487
20067,8453.668165545487
20068,8957.434420782036
20069,8453.668165545487
20070,8531.19137743082
20071,8974.56458326149
20072,8974.56458326149
20073,8273.454502414095
20074,8791.698264783508
20075,8273.454502414095
20076,8711.415967456409
20077,8711.415967456409
20078,8711.415967456409
20079,8711.415967456409
20080,8193.17220508699
20081,8711.415967456409
20082,8711.415967456409
20083,8711.415967456409
20084,8711.415967456409
20085,8711.415967456409
20086,8717.359692217806
20087,8199.115929848389
20088,8199.115929848389
20089,8612.731912959387
20090,8612.731912959387
20091,8612.731912959387
20092,8202.601026070306
20093,8202.601026070306
20094,8202.601026070306
20095,8720.844788439723
20096,8720.844788439723
20097,8698.298394569145
20098,8698.298394569145
20099,8180.054632199724
20100,8698.298394569145
20101,8698.298394569145
20102,8642.21045660914
20103,8123.966694239718
20104,8642.21045660914
20105,8123.966694239718
20106,8642.21045660914
20107,7979.22601702342
20108,7979.22601702342
20109,8685.70138633549
20110,8167.457623966067
20111,8685.70138633549
20112,8685.70138633549
20113,8685.70138633549
20114,8685.70138633549
20115,8685.70138633549
20116,8517.95671504311
20117,7999.712952673692
20118,8517.95671504311
20119,8517.95671504311
20120,8814.621149160776
20121,8814.621149160776
20122,8296.377386791353
20123,8654.074010583117
20124,8135.830248213696
20125,8135.830248213696
20126,8654.074010583117
20127,8180.167581106255
20128,8698.411343475678
20129,8698.411343475678
20130,8180.167581106255
20131,8180.167581106255
20132,8698.411343475678
20133,8725.23692732882
20134,8699.93569696018
20135,8699.93569696018
20136,8181.69193459076
20137,8699.93569696018
20138,8739.308003223523
20139,8739.308003223523
20140,8739.308003223523
20141,8739.308003223523
20142,8247.769802736248
20143,8766.013565105655
20144,8766.013565105655
20145,8766.013565105655
20146,8766.013565105655
20147,8766.013565105655
20148,8766.013565105655
20149,8804.017925157192
20150,8804.017925157192
20151,8804.017925157192
20152,8285.774162787782
20153,8285.774162787782
20154,8285.774162787782
20155,8804.017925157192
20156,8285.774162787782
20157,8790.681649007374
20158,8790.681649007374
20159,8790.681649007374
20160,8272.437886637965
20161,8287.708352139422
20162,8805.952114508831
20163,8805.952114508831
20164,8805.952114508831
20165,8805.952114508831
20166,8805.952114508831
20167,8805.952114508831
20168,8805.952114508831
20169,8311.289655825349
20170,8311.289655825349
20171,8820.369400040672
20172,8820.369400040672
20173,8820.369400040672
20174,8311.289655825349
20175,8820.369400040672
20176,8837.072116503407
20177,8327.992372288083
20178,8327.992372288083
20179,8837.072116503407
20180,8837.072116503407
20181,8837.072116503407
20182,8837.072116503407
20183,8327.992372288083
20184,8837.072116503407
20185,8837.072116503407
20186,8339.547089218151
20187,8848.626833433475
20188,8848.626833433475
20189,8848.626833433475
20190,8848.626833433475
20191,8848.626833433475
20192,8848.626833433475
20193,8749.313793715699
20194,8749.313793715699
20195,8749.313793715699
20196,8240.234049500375
20197,8782.054065166874
20198,8272.97432095155
20199,8782.054065166874
20200,8258.499583623732
20201,8258.499583623732
20202,8258.499583623732
20203,8767.579327839056
20204,8258.499583623732
20205,8767.579327839056
20206,8258.499583623732
20207,8767.579327839056
20208,8258.499583623732
20209,8767.579327839056
20210,8767.579327839056
20211,8767.579327839056
20212,8767.579327839056
20213,8767.579327839056
20214,8258.499583623732
20215,8743.89143146617
20216,8743.89143146617
20217,8743.89143146617
20218,8743.89143146617
20219,8713.836155389981
20220,8204.756411174667
20221,8713.836155389981
20222,8713.836155389981
20223,8713.836155389981
20224,8684.199585788554
20225,8684.199585788554
20226,8175.119841573235
20227,8684.199585788554
20228,8684.199585788554
20229,8685.901240587957
20230,8685.901240587957
20231,8685.901240587957
20232,8685.901240587957
20233,8736.985831753627
20234,8736.985831753627
20235,8736.985831753627
20236,8287.055641983028
20237,8796.135386198355
20238,8796.135386198355
20239,8755.409743436852
20240,8246.329999221525
20241,8755.409743436852
20242,8755.409743436852
20243,8755.409743436852
20244,8246.329999221525
20245,8775.237858735953
20246,8266.158114520627
20247,8266.158114520627
20248,8266.158114520627
20249,8781.206936093184
20250,8781.206936093184
20251,8781.206936093184
20252,8781.206936093184
20253,8781.206936093184
20254,8781.206936093184
20255,8781.206936093184
20256,8781.206936093184
20257,8781.206936093184
20258,8272.12719187786
20259,8272.12719187786
20260,8272.12719187786
20261,8272.12719187786
20262,8781.206936093184
20263,8781.206936093184
20264,8781.206936093184
20265,8770.392937945975
20266,8770.392937945975
20267,8770.392937945975
20268,8285.326502895521
20269,8285.326502895521
20270,8285.326502895521
20271,8794.406247110841
20272,8285.326502895521
20273,8285.326502895521
20274,8794.406247110841
20275,8794.406247110841
20276,8794.406247110841
20277,8794.406247110841
20278,8794.406247110841
20279,8794.406247110841
20280,8794.406247110841
20281,8794.406247110841
20282,8794.406247110841
20283,8794.406247110841
20284,8794.406247110841
20285,8781.503338055147
20286,8272.423593839825
20287,8272.423593839825
20288,8781.503338055147
20289,8807.797515400105
20290,8298.717771184783
20291,8807.797515400105
20292,8807.797515400105
20293,8807.797515400105
20294,8288.794993389036
20295,8288.794993389036
20296,8797.87473760436
20297,8288.794993389036
20298,8288.794993389036
20299,8288.794993389036
20300,8797.87473760436
20301,8797.87473760436
20302,8288.794993389036
20303,8797.87473760436
20304,8288.794993389036
20305,8797.87473760436
20306,8797.87473760436
20307,8797.87473760436
20308,8797.87473760436
20309,8288.794993389036
20310,8288.794993389036
20311,8797.87473760436
20312,8281.665143664692
20313,8790.744887880015
20314,8790.744887880015
20315,8779.180872429515
20316,8270.101128214195
20317,8779.180872429515
20318,8779.180872429515
20319,8270.101128214195
20320,8779.180872429515
20321,8779.180872429515
20322,8779.180872429515
20323,8779.180872429515
20324,8779.180872429515
20325,8779.180872429515
20326,8270.101128214195
20327,8779.180872429515
20328,8779.180872429515
20329,8779.180872429515
20330,8270.101128214195
20331,8270.101128214195
20332,8779.180872429515
20333,8270.101128214195
20334,8281.923923407436
20335,8791.003667622757
20336,8281.923923407436
20337,8299.64541527764
20338,8808.725159492962
20339,8808.725159492962
20340,8808.725159492962
20341,8299.64541527764
20342,8776.02272797162
20343,8776.02272797162
20344,8266.9429837563
20345,8776.02272797162
20346,8776.02272797162
20347,8266.9429837563
20348,8266.9429837563
20349,8266.9429837563
20350,8251.227788355935
20351,8760.307532571258
20352,8760.307532571258
20353,8251.227788355935
20354,8760.307532571258
20355,8757.481406496681
20356,8757.481406496681
20357,8757.481406496681
20358,8757.481406496681
20359,8757.481406496681
20360,8757.481406496681
20361,8248.401662281358
20362,8248.401662281358
20363,8757.481406496681
20364,8757.481406496681
20365,8757.481406496681
20366,8757.481406496681
20367,8757.481406496681
20368,8248.401662281358
20369,8757.481406496681
20370,8757.481406496681
20371,8757.481406496681
20372,8248.401662281358
20373,8271.991450953628
20374,8781.071195168948
20375,8781.071195168948
20376,8271.991450953628
20377,8271.991450953628
20378,8271.991450953628
20379,8271.991450953628
20380,8271.991450953628
20381,8781.071195168948
20382,8271.991450953628
20383,8781.071195168948
20384,8781.071195168948
20385,8781.071195168948
20386,8781.071195168948
20387,8781.071195168948
20388,8781.071195168948
20389,8781.071195168948
20390,8781.071195168948
20391,8271.991450953628
20392,8757.904501771027
20393,8757.904501771027
20394,8757.904501771027
20395,8757.904501771027
20396,8248.824757555702
20397,8757.904501771027
20398,8757.904501771027
20399,8757.904501771027
20400,8742.801838059162
20401,8742.801838059162
20402,8742.801838059162
20403,8742.801838059162
20404,8233.722093843833
20405,8742.801838059162
20406,8246.065409724466
20407,8755.145153939795
20408,8755.145153939795
20409,8246.065409724466
20410,8755.145153939795
20411,8707.974095424304
20412,8981.084458270941
20413,8472.00471405561
20414,8472.00471405561
20415,8472.00471405561
20416,8188.078240566788
20417,8697.157984782118
20418,8697.157984782118
20419,8188.078240566788
20420,8692.497060458147
20421,8692.497060458147
20422,8692.497060458147
20423,8692.497060458147
20424,8692.497060458147
20425,8692.497060458147
20426,8692.497060458147
20427,8692.497060458147
20428,8692.497060458147
20429,8692.497060458147
20430,8692.497060458147
20431,8692.497060458147
20432,8692.497060458147
20433,8183.417316242813
20434,8692.497060458147
20435,8672.42048042415
20436,8672.42048042415
20437,8673.508932865936
20438,8164.429188650609
20439,8673.508932865936
20440,8793.400466968516
20441,8793.400466968516
20442,8734.79841583221
20443,8734.79841583221
20444,8225.718671616882
20445,8225.718671616882
20446,8225.718671616882
20447,8734.79841583221
20448,8225.718671616882
20449,8225.718671616882
20450,8739.18612574268
20451,8739.18612574268
20452,8739.18612574268
20453,8255.139417838112
20454,8764.219162053432
20455,8255.139417838112
20456,8764.219162053432
20457,8764.219162053432
20458,8764.219162053432
20459,8764.219162053432
20460,8764.219162053432
20461,8764.219162053432
20462,8752.083942402467
20463,8752.083942402467
20464,8243.004198187138
20465,8752.083942402467
20466,8243.004198187138
20467,8784.785197068182
20468,8784.785197068182
20469,8784.785197068182
20470,8745.200869248201
20471,8745.200869248201
20472,8745.200869248201
20473,8745.200869248201
20474,8236.121125032872
20475,8236.121125032872
20476,8745.200869248201
20477,8745.200869248201
20478,8236.121125032872
20479,8207.162265911791
20480,8716.242010127124
20481,8207.162265911791
20482,8207.162265911791
20483,8216.922308024907
20484,8726.002052240236
20485,8216.922308024907
20486,8726.002052240236
20487,8726.002052240236
20488,8216.922308024907
20489,8726.002052240236
20490,8216.922308024907
20491,8726.002052240236
20492,8726.002052240236
20493,8216.922308024907
20494,8726.002052240236
20495,8726.002052240236
20496,8216.922308024907
20497,8635.03764296038
20498,8635.03764296038
20499,8635.03764296038
20500,8635.03764296038
20501,8635.03764296038
20502,8635.03764296038
20503,8125.9578987450495
20504,8684.356972151387
20505,8175.277227936057
20506,8175.277227936057
20507,8343.485627657918
20508,8852.56537187324
20509,8343.485627657918
20510,8343.485627657918
20511,8825.029524052768
20512,8825.029524052768
20513,8315.949779837441
20514,8315.949779837441
20515,8800.754884049842
20516,8800.754884049842
20517,8291.675139834515
20518,8800.754884049842
20519,8291.675139834515
20520,8301.37088621329
20521,8810.450630428617
20522,8306.09675635277
20523,8306.09675635277
20524,8277.459458239204
20525,8786.539202454522
20526,8277.459458239204
20527,8794.33047736533
20528,8794.33047736533
20529,8285.250733150013
20530,8276.88031938741
20531,8276.88031938741
20532,8785.960063602728
20533,8785.960063602728
20534,8785.960063602728
20535,8276.88031938741
20536,8756.41676461349
20537,8247.337020398172
20538,8756.41676461349
20539,8756.41676461349
20540,8756.41676461349
20541,8756.41676461349
20542,8247.337020398172
20543,8756.41676461349
20544,8247.337020398172
20545,8247.337020398172
20546,8756.41676461349
20547,8247.337020398172
20548,8756.41676461349
20549,8723.154269786906
20550,8214.074525571588
20551,8863.952155975345
20552,8863.952155975345
20553,8354.872411760029
20554,8863.952155975345
20555,8354.872411760029
20556,8354.872411760029
20557,8187.965733695354
20558,8187.965733695354
20559,8697.045477910671
20560,8187.965733695354
20561,8266.668704046368
20562,8775.748448261684
20563,8266.668704046368
20564,8775.748448261684
20565,8775.748448261684
20566,8266.668704046368
20567,8775.748448261684
20568,8775.748448261684
20569,8775.748448261684
20570,8767.927343963747
20571,8258.847599748431
20572,8767.927343963747
20573,8727.25410208206
20574,8727.25410208206
20575,8727.25410208206
20576,8218.174357866736
20577,8727.25410208206
20578,8218.174357866736
20579,8727.25410208206
20580,8727.25410208206
20581,8727.25410208206
20582,8218.174357866736
20583,8727.25410208206
20584,8218.174357866736
20585,8727.25410208206
20586,8727.25410208206
20587,8727.25410208206
20588,8708.998391702644
20589,8199.918647487311
20590,8199.918647487311
20591,8264.0817125318
20592,8351.579219778152
20593,8860.658963993475
20594,8860.658963993475
20595,8734.28322984717
20596,8734.28322984717
20597,8734.28322984717
20598,8734.28322984717
20599,8734.28322984717
20600,8225.203485631842
20601,8225.203485631842
20602,8734.28322984717
20603,8734.28322984717
20604,8621.324024368289
20605,8112.244280152961
20606,8621.324024368289
20607,8621.324024368289
20608,8307.235088959033
20609,8816.31483317436
20610,8816.31483317436
20611,8816.31483317436
20612,8816.31483317436
20613,8307.235088959033
20614,8823.952159871938
20615,8823.952159871938
20616,8823.952159871938
20617,8314.872415656611
20618,8480.04134264677
20619,8989.121086862098
20620,8627.28328024203
20621,8627.28328024203
20622,8290.22275051188
20623,8030.41741813907
20624,8362.189762935148
20625,8362.189762935148
20626,8102.384430562339
20627,8362.189762935148
20628,8357.507586455995
20629,8357.507586455995
20630,8357.507586455995
20631,8097.702254083186
20632,8357.507586455995
20633,8414.73596217256
20634,8154.930629799752
20635,8414.73596217256
20636,8503.831422372597
20637,8503.831422372597
20638,8503.831422372597
20639,8246.611090772083
20640,8246.611090772083
20641,8246.611090772083
20642,8246.611090772083
20643,8246.611090772083
20644,8370.670591011085
20645,8370.670591011085
20646,8113.45025941058
20647,8113.45025941058
20648,8288.004681817267
20649,8030.7843502167625
20650,8030.7843502167625
20651,8030.7843502167625
20652,8358.894252590017
20653,8101.673920989509
20654,8101.673920989509
20655,8358.894252590017
20656,8296.217455425573
20657,8296.217455425573
20658,8296.217455425573
20659,8296.217455425573
20660,8296.217455425573
20661,8291.909814971877
20662,8291.909814971877
20663,8291.909814971877
20664,8429.086928379107
20665,8429.086928379107
20666,8377.21000989966
20667,8119.989678299151
20668,8377.21000989966
20669,8119.989678299151
20670,8377.21000989966
20671,8377.21000989966
20672,8377.21000989966
20673,8377.21000989966
20674,8383.041866503692
20675,8125.8215349031825
20676,8383.041866503692
20677,8383.041866503692
20678,8125.8215349031825
20679,8383.041866503692
20680,8383.041866503692
20681,8383.041866503692
20682,8383.041866503692
20683,8383.041866503692
20684,8383.041866503692
20685,8125.8215349031825
20686,8125.8215349031825
20687,8125.8215349031825
20688,8117.313788002131
20689,8374.53411960264
20690,8117.313788002131
20691,8374.53411960264
20692,8117.313788002131
20693,8117.313788002131
20694,8117.313788002131
20695,8117.313788002131
20696,8374.53411960264
20697,8303.068155457508
20698,8303.068155457508
20699,8051.152673709598
20700,8303.068155457508
20701,8303.068155457508
20702,8303.068155457508
20703,8303.068155457508
20704,8303.068155457508
20705,8303.068155457508
20706,8303.068155457508
20707,8303.068155457508
20708,8309.236012019543
20709,8057.32053027163
20710,8309.236012019543
20711,8309.236012019543
20712,8439.685068333552
20713,8439.685068333552
20714,8173.429022403788
20715,8164.925253494172
20716,8431.181299423937
20717,8431.181299423937
20718,8431.181299423937
20719,8391.591620913967
20720,8134.786458438435
20721,8391.591620913967
20722,8391.591620913967
20723,8391.591620913967
20724,8391.591620913967
20725,8391.591620913967
20726,8391.591620913967
20727,8391.591620913967
20728,8134.786458438435
20729,8391.591620913967
20730,8391.591620913967
20731,8391.591620913967
20732,8134.786458438435
20733,8134.786458438435
20734,8391.591620913967
20735,8391.591620913967
20736,8134.786458438435
20737,8134.786458438435
20738,8391.591620913967
20739,8391.591620913967
20740,8134.786458438435
20741,8391.591620913967
20742,8391.591620913967
20743,8384.317169899554
20744,8127.512007424022
20745,8384.317169899554
20746,8384.317169899554
20747,8448.335081870728
20748,8191.529919395192
20749,8448.335081870728
20750,8191.529919395192
20751,8191.529919395192
20752,8191.529919395192
20753,8448.335081870728
20754,8448.335081870728
20755,8448.335081870728
20756,8191.529919395192
20757,8191.529919395192
20758,8377.503864972043
20759,8377.503864972043
20760,8377.503864972043
20761,8377.503864972043
20762,8120.698702496513
20763,8330.716795968323
20764,8330.716795968323
20765,8330.716795968323
20766,8330.716795968323
20767,8330.716795968323
20768,8330.716795968323
20769,8330.716795968323
20770,8330.716795968323
20771,8330.716795968323
20772,8073.911633492792
20773,8330.716795968323
20774,8330.716795968323
20775,8073.911633492792
20776,8073.911633492792
20777,8330.716795968323
20778,8330.716795968323
20779,8203.091288540641
20780,8459.896451016157
20781,8459.896451016157
20782,8393.635346068671
20783,8393.635346068671
20784,8136.83018359314
20785,8136.83018359314
20786,8393.635346068671
20787,8136.83018359314
20788,8393.635346068671
20789,8393.635346068671
20790,8136.83018359314
20791,8137.9304175711595
20792,8394.735580046692
20793,8394.735580046692
20794,8394.735580046692
20795,8137.9304175711595
20796,8137.9304175711595
20797,8394.735580046692
20798,8396.227377935538
20799,8396.227377935538
20800,8396.227377935538
20801,8139.422215460006
20802,8396.227377935538
20803,8139.422215460006
20804,8139.422215460006
20805,8139.422215460006
20806,8396.227377935538
20807,8396.227377935538
20808,8139.422215460006
20809,8388.59588917825
20810,8388.59588917825
20811,8388.59588917825
20812,8388.59588917825
20813,8388.59588917825
20814,8460.683047781757
20815,8203.877885306225
20816,8203.877885306225
20817,8203.877885306225
20818,8460.683047781757
20819,8136.499182467744
20820,8136.499182467744
20821,8393.304344943275
20822,8393.304344943275
20823,8401.316147958094
20824,8401.316147958094
20825,8415.934860478521
20826,8415.934860478521
20827,8415.934860478521
20828,8159.129698002988
20829,8434.532714607913
20830,8177.727552132382
20831,8399.201066051766
20832,8399.201066051766
20833,8399.201066051766
20834,8399.201066051766
20835,8399.201066051766
20836,8399.201066051766
20837,8399.201066051766
20838,8399.201066051766
20839,8399.201066051766
20840,8399.201066051766
20841,8399.201066051766
20842,8399.201066051766
20843,8406.77989131268
20844,8149.97472883715
20845,8406.77989131268
20846,8406.77989131268
20847,8406.77989131268
20848,8406.77989131268
20849,8390.244757793873
20850,8390.244757793873
20851,8390.244757793873
20852,8390.244757793873
20853,8390.244757793873
20854,8133.439595318342
20855,8390.244757793873
20856,8390.244757793873
20857,8390.244757793873
20858,8151.9579950694415
20859,8151.9579950694415
20860,8408.763157544972
20861,8408.763157544972
20862,8408.763157544972
20863,8151.9579950694415
20864,8408.763157544972
20865,8151.9579950694415
20866,8390.031988501669
20867,8390.031988501669
20868,8390.031988501669
20869,8390.031988501669
20870,8133.226826026137
20871,8390.031988501669
20872,8133.226826026137
20873,8133.226826026137
20874,8133.226826026137
20875,8431.860598762216
20876,8431.860598762216
20877,8175.055436286682
20878,8175.055436286682
20879,8431.860598762216
20880,8431.860598762216
20881,8431.860598762216
20882,8431.860598762216
20883,8418.76387240654
20884,8161.958709931004
20885,8418.76387240654
20886,8161.958709931004
20887,8418.76387240654
20888,8282.365013928347
20889,8025.559851452818
20890,8282.365013928347
20891,8282.365013928347
20892,8282.365013928347
20893,8025.559851452818
20894,8282.365013928347
20895,8282.365013928347
20896,8127.057611093157
20897,8383.862773568688
20898,8383.862773568688
20899,8127.057611093157
20900,8383.862773568688
20901,8383.862773568688
20902,8383.862773568688
20903,8383.862773568688
20904,8383.862773568688
20905,8459.791037315103
20906,8459.791037315103
20907,8202.985874839578
20908,8459.791037315103
20909,8202.985874839578
20910,8520.386806667846
20911,8520.386806667846
20912,8263.581644192322
20913,8520.386806667846
20914,8263.581644192322
20915,8529.71414643661
20916,8529.71414643661
20917,8272.908983961086
20918,8272.908983961086
20919,8272.908983961086
20920,8529.71414643661
20921,8272.908983961086
20922,8272.908983961086
20923,8272.908983961086
20924,8529.71414643661
20925,8272.908983961086
20926,8350.43219584642
20927,8546.844308916065
20928,8546.844308916065
20929,8103.957800770564
20930,8375.240470378962
20931,8103.957800770564
20932,8280.786924904422
20933,8280.786924904422
20934,8280.786924904422
20935,8280.786924904422
20936,8009.504255296024
20937,8280.786924904422
20938,8280.786924904422
20939,8280.786924904422
20940,8280.786924904422
20941,8280.786924904422
20942,8286.730649665818
20943,8015.447980057422
20944,8015.447980057422
20945,8147.546436227716
20946,8147.546436227716
20947,8147.546436227716
20948,8018.933076279338
20949,8018.933076279338
20950,8018.933076279338
20951,8290.215745887735
20952,8290.215745887735
20953,8267.669352017158
20954,8267.669352017158
20955,7996.386682408758
20956,8267.669352017158
20957,8267.669352017158
20958,8201.988237294398
20959,7930.705567685996
20960,8201.988237294398
20961,7930.705567685996
20962,8201.988237294398
20963,7761.63217910619
20964,7761.63217910619
20965,8283.90105952764
20966,8012.618389919238
20967,8283.90105952764
20968,8283.90105952764
20969,8283.90105952764
20970,8283.90105952764
20971,8283.90105952764
20972,8125.497015835899
20973,7854.21434622751
20974,8125.497015835899
20975,8125.497015835899
20976,8455.392385849449
20977,8455.392385849449
20978,8184.109716241048
20979,8294.84524727179
20980,8023.56257766339
20981,8023.56257766339
20982,8294.84524727179
20983,8067.674924491428
20984,8338.957594099831
20985,8338.957594099831
20986,8067.674924491428
20987,8067.674924491428
20988,8338.957594099831
20989,8310.2204301475
20990,8284.919199778862
20991,8284.919199778862
20992,8013.636530170456
20993,8284.919199778862
20994,8357.431619045168
20995,8357.431619045168
20996,8357.431619045168
20997,8357.431619045168
20998,8091.894466061809
20999,8363.177135670212
21000,8363.177135670212
21001,8363.177135670212
21002,8363.177135670212
21003,8363.177135670212
21004,8363.177135670212
21005,8368.864514617348
21006,8368.864514617348
21007,8368.864514617348
21008,8097.581845008945
21009,8097.581845008945
21010,8097.581845008945
21011,8368.864514617348
21012,8097.581845008945
21013,8355.52823846753
21014,8355.52823846753
21015,8355.52823846753
21016,8084.245568859129
21017,8099.516034360585
21018,8370.798703968987
21019,8370.798703968987
21020,8370.798703968987
21021,8370.798703968987
21022,8370.798703968987
21023,8370.798703968987
21024,8370.798703968987
21025,8123.097338046517
21026,8123.097338046517
21027,8385.215989500828
21028,8385.215989500828
21029,8385.215989500828
21030,8123.097338046517
21031,8385.215989500828
21032,8401.918705963562
21033,8139.800054509251
21034,8139.800054509251
21035,8401.918705963562
21036,8401.918705963562
21037,8401.918705963562
21038,8401.918705963562
21039,8139.800054509251
21040,8401.918705963562
21041,8401.918705963562
21042,8151.354771439321
21043,8413.47342289363
21044,8413.47342289363
21045,8413.47342289363
21046,8413.47342289363
21047,8413.47342289363
21048,8413.47342289363
21049,8335.120428432943
21050,8335.120428432943
21051,8335.120428432943
21052,8073.001776978632
21053,8367.860699884119
21054,8105.742048429806
21055,8367.860699884119
21056,8099.24738437722
21057,8099.24738437722
21058,8099.24738437722
21059,8361.366035831532
21060,8099.24738437722
21061,8361.366035831532
21062,8099.24738437722
21063,8361.366035831532
21064,8099.24738437722
21065,8361.366035831532
21066,8361.366035831532
21067,8361.366035831532
21068,8361.366035831532
21069,8361.366035831532
21070,8099.24738437722
21071,8372.589201563134
21072,8372.589201563134
21073,8372.589201563134
21074,8372.589201563134
21075,8342.533925486945
21076,8080.41527403263
21077,8342.533925486945
21078,8342.533925486945
21079,8342.533925486945
21080,8385.031722929809
21081,8385.031722929809
21082,8122.913071475496
21083,8385.031722929809
21084,8385.031722929809
21085,8272.731063216972
21086,8272.731063216972
21087,8272.731063216972
21088,8272.731063216972
21089,8336.61377854368
21090,8336.61377854368
21091,8336.61377854368
21092,8128.037047006276
21093,8390.155698460589
21094,8390.155698460589
21095,8349.430055699086
21096,8087.311404244772
21097,8349.430055699086
21098,8349.430055699086
21099,8349.430055699086
21100,8087.311404244772
21101,8369.258170998186
21102,8107.139519543875
21103,8107.139519543875
21104,8107.139519543875
21105,8375.227248355417
21106,8375.227248355417
21107,8375.227248355417
21108,8375.227248355417
21109,8375.227248355417
21110,8375.227248355417
21111,8375.227248355417
21112,8375.227248355417
21113,8375.227248355417
21114,8113.1085969011065
21115,8113.1085969011065
21116,8113.1085969011065
21117,8113.1085969011065
21118,8375.227248355417
21119,8375.227248355417
21120,8375.227248355417
21121,8364.413250208208
21122,8364.413250208208
21123,8364.413250208208
21124,8126.307907918766
21125,8126.307907918766
21126,8126.307907918766
21127,8388.426559373074
21128,8126.307907918766
21129,8126.307907918766
21130,8388.426559373074
21131,8388.426559373074
21132,8388.426559373074
21133,8388.426559373074
21134,8388.426559373074
21135,8388.426559373074
21136,8388.426559373074
21137,8388.426559373074
21138,8388.426559373074
21139,8388.426559373074
21140,8388.426559373074
21141,8375.52365031738
21142,8113.404998863074
21143,8113.404998863074
21144,8375.52365031738
21145,8401.817827662338
21146,8139.69917620803
21147,8401.817827662338
21148,8401.817827662338
21149,8401.817827662338
21150,8129.776398412285
21151,8129.776398412285
21152,8391.895049866593
21153,8129.776398412285
21154,8129.776398412285
21155,8129.776398412285
21156,8391.895049866593
21157,8391.895049866593
21158,8129.776398412285
21159,8391.895049866593
21160,8129.776398412285
21161,8391.895049866593
21162,8391.895049866593
21163,8391.895049866593
21164,8391.895049866593
21165,8129.776398412285
21166,8129.776398412285
21167,8391.895049866593
21168,8129.776398412285
21169,8391.895049866593
21170,8391.895049866593
21171,8380.331034416093
21172,8118.212382961785
21173,8380.331034416093
21174,8380.331034416093
21175,8118.212382961785
21176,8376.089035163523
21177,8376.089035163523
21178,8376.089035163523
21179,8376.089035163523
21180,8376.089035163523
21181,8376.089035163523
21182,8118.212382961785
21183,8376.089035163523
21184,8376.089035163523
21185,8376.089035163523
21186,8118.212382961785
21187,8118.212382961785
21188,8376.089035163523
21189,8118.212382961785
21190,8130.035178155028
21191,8387.911830356765
21192,8130.035178155028
21193,8130.035178155028
21194,8387.911830356765
21195,8387.911830356765
21196,8387.911830356765
21197,8130.035178155028
21198,8387.911830356765
21199,8387.911830356765
21200,8130.035178155028
21201,8387.911830356765
21202,8387.911830356765
21203,8130.035178155028
21204,8130.035178155028
21205,8130.035178155028
21206,8125.592554137857
21207,8383.469206339596
21208,8383.469206339596
21209,8125.592554137857
21210,8383.469206339596
21211,8380.64308026502
21212,8380.64308026502
21213,8380.64308026502
21214,8380.64308026502
21215,8380.64308026502
21216,8380.64308026502
21217,8122.766428063279
21218,8122.766428063279
21219,8380.64308026502
21220,8380.64308026502
21221,8380.64308026502
21222,8380.64308026502
21223,8380.64308026502
21224,8122.766428063279
21225,8380.64308026502
21226,8380.64308026502
21227,8380.64308026502
21228,8122.766428063279
21229,8135.083645352355
21230,8397.197727298504
21231,8397.197727298504
21232,8139.3210750967655
21233,8139.3210750967655
21234,8139.3210750967655
21235,8139.3210750967655
21236,8139.3210750967655
21237,8397.197727298504
21238,8139.3210750967655
21239,8397.197727298504
21240,8397.197727298504
21241,8397.197727298504
21242,8397.197727298504
21243,8397.197727298504
21244,8397.197727298504
21245,8397.197727298504
21246,8397.197727298504
21247,8139.3210750967655
21248,8374.031033900583
21249,8374.031033900583
21250,8374.031033900583
21251,8374.031033900583
21252,8116.154381698842
21253,8374.031033900583
21254,8374.031033900583
21255,8374.031033900583
21256,8358.928370188716
21257,8358.928370188716
21258,8358.928370188716
21259,8358.928370188716
21260,8101.051717986977
21261,8358.928370188716
21262,8113.3950338676095
21263,8371.271686069349
21264,8371.271686069349
21265,8113.3950338676095
21266,8371.271686069349
21267,8371.271686069349
21268,8371.271686069349
21269,8113.3950338676095
21270,8113.3950338676095
21271,8113.3950338676095
21272,8043.594899646529
21273,8301.471551848274
21274,8301.471551848274
21275,8043.594899646529
21276,8296.810627524303
21277,8296.810627524303
21278,8296.810627524303
21279,8296.810627524303
21280,8296.810627524303
21281,8296.810627524303
21282,8296.810627524303
21283,8296.810627524303
21284,8296.810627524303
21285,8296.810627524303
21286,8296.810627524303
21287,8296.810627524303
21288,8296.810627524303
21289,8038.933975322557
21290,8296.810627524303
21291,8296.810627524303
21292,8296.810627524303
21293,8267.562064718846
21294,8009.685412517101
21295,8267.562064718846
21296,8401.62345242357
21297,8401.62345242357
21298,8327.130923083045
21299,8327.130923083045
21300,8069.254270881301
21301,8069.254270881301
21302,8069.254270881301
21303,8327.130923083045
21304,8069.254270881301
21305,8069.254270881301
21306,8331.518632993515
21307,8331.518632993515
21308,8331.518632993515
21309,8116.091627205322
21310,8373.968279407067
21311,8116.091627205322
21312,8373.968279407067
21313,8373.968279407067
21314,8373.968279407067
21315,8373.968279407067
21316,8373.968279407067
21317,8373.968279407067
21318,8361.8330597561
21319,8361.8330597561
21320,8103.9564075543585
21321,8361.8330597561
21322,8103.9564075543585
21323,8371.125785305785
21324,8371.125785305785
21325,8371.125785305785
21326,8354.949986601834
21327,8354.949986601834
21328,8354.949986601834
21329,8354.949986601834
21330,8077.785577202916
21331,8077.785577202916
21332,8335.662229404657
21333,8335.662229404657
21334,8077.785577202916
21335,8048.826718081837
21336,8306.70337028358
21337,8048.826718081837
21338,8048.826718081837
21339,8073.377472245483
21340,8331.254124447225
21341,8073.377472245483
21342,8331.254124447225
21343,8331.254124447225
21344,8073.377472245483
21345,8331.254124447225
21346,8065.603507802879
21347,8323.480160004621
21348,8323.480160004621
21349,8065.603507802879
21350,8323.480160004621
21351,8323.480160004621
21352,8065.603507802879
21353,8238.105497049555
21354,8238.105497049555
21355,8238.105497049555
21356,8238.105497049555
21357,8238.105497049555
21358,8238.105497049555
21359,7980.228844847811
21360,8287.424826240562
21361,8029.548174038819
21362,8029.548174038819
21363,8217.733317625125
21364,8459.77972301462
21365,8201.903070812896
21366,8201.903070812896
21367,8432.24387519415
21368,8432.24387519415
21369,8174.367222992403
21370,8174.367222992403
21371,8407.969235191224
21372,8407.969235191224
21373,8150.092582989475
21374,8407.969235191224
21375,8150.092582989475
21376,8159.788329368252
21377,8417.664981569998
21378,8159.788329368252
21379,8159.788329368252
21380,8131.1510312546825
21381,8389.027683456423
21382,8131.1510312546825
21383,8371.586357271057
21384,8371.586357271057
21385,8113.709705069316
21386,8130.57189240289
21387,8130.57189240289
21388,8388.44854460463
21389,8388.44854460463
21390,8388.44854460463
21391,8130.57189240289
21392,8358.905245615391
21393,8101.028593413653
21394,8358.905245615391
21395,8358.905245615391
21396,8358.905245615391
21397,8358.905245615391
21398,8101.028593413653
21399,8358.905245615391
21400,8101.028593413653
21401,8101.028593413653
21402,8358.905245615391
21403,8101.028593413653
21404,8358.905245615391
21405,8358.905245615391
21406,8101.028593413653
21407,8372.75307100594
21408,8372.75307100594
21409,8114.876418804198
21410,8372.75307100594
21411,8114.876418804198
21412,8114.876418804198
21413,8070.100218998483
21414,8070.100218998483
21415,8327.976871200222
21416,8070.100218998483
21417,8120.679388575122
21418,8378.556040776863
21419,8120.679388575122
21420,8378.556040776863
21421,8378.556040776863
21422,8120.679388575122
21423,8378.556040776863
21424,8378.556040776863
21425,8378.556040776863
21426,8378.556040776863
21427,8120.679388575122
21428,8378.556040776863
21429,8337.882798895176
21430,8337.882798895176
21431,8337.882798895176
21432,8080.006146693434
21433,8337.882798895176
21434,8080.006146693434
21435,8337.882798895176
21436,8337.882798895176
21437,8337.882798895176
21438,8080.006146693434
21439,8337.882798895176
21440,8080.006146693434
21441,8337.882798895176
21442,8337.882798895176
21443,8337.882798895176
21444,8319.62708851576
21445,8061.750436314016
21446,8061.750436314016
21447,8140.644396064537
21448,8244.88139976421
21449,8502.758051965939
21450,8502.758051965939
21451,8362.046393584269
21452,8362.046393584269
21453,8362.046393584269
21454,8362.046393584269
21455,8362.046393584269
21456,8104.169741382528
21457,8104.169741382528
21458,8362.046393584269
21459,8362.046393584269
21460,8271.606179814973
21461,8013.729527613233
21462,8271.606179814973
21463,8271.606179814973
21464,8215.01359791365
21465,8472.890250115375
21466,8472.890250115375
21467,8472.890250115375
21468,8472.890250115375
21469,8215.01359791365
21470,8480.527576812954
21471,8480.527576812954
21472,8480.527576812954
21473,8222.65092461123
21474,8286.259252191283
21475,8544.135904393015
21476,8316.978726421567
21477,8316.978726421567
21478,8594.301037117837
21479,8591.978052811744
21480,8614.666415204934
21481,8614.666415204934
21482,8612.343430898842
21483,8614.666415204934
21484,8609.984238725781
21485,8609.984238725781
21486,8609.984238725781
21487,8607.661254419689
21488,8609.984238725781
21489,8667.212614442347
21490,8664.889630136255
21491,8667.212614442347
21492,8738.804831673318
21493,8738.804831673318
21494,8738.804831673318
21495,8736.481847367226
21496,8736.481847367226
21497,8736.481847367226
21498,8736.481847367226
21499,8736.481847367226
21500,8605.644000311813
21501,8605.644000311813
21502,8603.32101600572
21503,8603.32101600572
21504,8522.978091117995
21505,8520.655106811902
21506,8520.655106811902
21507,8520.655106811902
21508,8593.867661890745
21509,8591.544677584652
21510,8591.544677584652
21511,8593.867661890745
21512,8531.1908647263
21513,8531.1908647263
21514,8531.1908647263
21515,8531.1908647263
21516,8531.1908647263
21517,8526.883224272606
21518,8526.883224272606
21519,8526.883224272606
21520,8664.060337679835
21521,8664.060337679835
21522,8612.183419200388
21523,8609.860434894295
21524,8612.183419200388
21525,8609.860434894295
21526,8612.183419200388
21527,8612.183419200388
21528,8612.183419200388
21529,8612.183419200388
21530,8618.01527580442
21531,8615.692291498328
21532,8618.01527580442
21533,8618.01527580442
21534,8615.692291498328
21535,8618.01527580442
21536,8618.01527580442
21537,8618.01527580442
21538,8618.01527580442
21539,8618.01527580442
21540,8618.01527580442
21541,8615.692291498328
21542,8615.692291498328
21543,8615.692291498328
21544,8615.692291498328
21545,8618.01527580442
21546,8615.692291498328
21547,8618.01527580442
21548,8615.692291498328
21549,8615.692291498328
21550,8615.692291498328
21551,8615.692291498328
21552,8618.01527580442
21553,8546.549311659288
21554,8546.549311659288
21555,8549.531177205796
21556,8546.549311659288
21557,8546.549311659288
21558,8546.549311659288
21559,8546.549311659288
21560,8546.549311659288
21561,8546.549311659288
21562,8546.549311659288
21563,8546.549311659288
21564,8556.800306909836
21565,8559.782172456344
21566,8556.800306909836
21567,8556.800306909836
21568,8687.249363223846
21569,8687.249363223846
21570,8675.8906645885
21571,8663.173340494854
21572,8674.5320391302
21573,8674.5320391302
21574,8674.5320391302
21575,8635.072777115747
21576,8633.164961934634
21577,8635.072777115747
21578,8635.072777115747
21579,8635.072777115747
21580,8635.072777115747
21581,8635.072777115747
21582,8635.072777115747
21583,8635.072777115747
21584,8633.164961934634
21585,8635.072777115747
21586,8635.072777115747
21587,8635.072777115747
21588,8633.164961934634
21589,8633.164961934634
21590,8635.072777115747
21591,8635.072777115747
21592,8633.164961934634
21593,8633.164961934634
21594,8635.072777115747
21595,8635.072777115747
21596,8633.164961934634
21597,8635.072777115747
21598,8635.072777115747
21599,8627.798326101334
21600,8625.89051092022
21601,8627.798326101334
21602,8627.798326101334
21603,8691.816238072508
21604,8689.908422891394
21605,8691.816238072508
21606,8689.908422891394
21607,8689.908422891394
21608,8689.908422891394
21609,8691.816238072508
21610,8691.816238072508
21611,8691.816238072508
21612,8689.908422891394
21613,8689.908422891394
21614,8620.985021173823
21615,8620.985021173823
21616,8620.985021173823
21617,8620.985021173823
21618,8619.07720599271
21619,8574.197952170103
21620,8574.197952170103
21621,8574.197952170103
21622,8574.197952170103
21623,8574.197952170103
21624,8574.197952170103
21625,8574.197952170103
21626,8574.197952170103
21627,8574.197952170103
21628,8572.29013698899
21629,8574.197952170103
21630,8574.197952170103
21631,8572.29013698899
21632,8572.29013698899
21633,8574.197952170103
21634,8574.197952170103
21635,8701.469792036823
21636,8703.377607217937
21637,8703.377607217937
21638,8637.116502270452
21639,8637.116502270452
21640,8635.208687089338
21641,8635.208687089338
21642,8637.116502270452
21643,8635.208687089338
21644,8637.116502270452
21645,8637.116502270452
21646,8635.208687089338
21647,8636.308921067359
21648,8638.216736248472
21649,8638.216736248472
21650,8638.216736248472
21651,8636.308921067359
21652,8636.308921067359
21653,8638.216736248472
21654,8655.473981813311
21655,8655.473981813311
21656,8655.473981813311
21657,8653.566166632198
21658,8655.473981813311
21659,8653.566166632198
21660,8653.566166632198
21661,8653.566166632198
21662,8655.473981813311
21663,8655.473981813311
21664,8653.566166632198
21665,8632.07704538003
21666,8632.07704538003
21667,8632.07704538003
21668,8632.07704538003
21669,8632.07704538003
21670,8704.164203983537
21671,8702.256388802423
21672,8702.256388802423
21673,8702.256388802423
21674,8704.164203983537
21675,8633.195393972692
21676,8633.195393972692
21677,8635.103209153805
21678,8635.103209153805
21679,8635.103209153805
21680,8635.103209153805
21681,8649.721921674232
21682,8649.721921674232
21683,8649.721921674232
21684,8647.814106493119
21685,8675.956800167165
21686,8674.048984986051
21687,8642.682222253547
21688,8642.682222253547
21689,8642.682222253547
21690,8642.682222253547
21691,8642.682222253547
21692,8642.682222253547
21693,8642.682222253547
21694,8642.682222253547
21695,8642.682222253547
21696,8642.682222253547
21697,8642.682222253547
21698,8642.682222253547
21699,8650.261047514461
21700,8648.353232333347
21701,8650.261047514461
21702,8650.261047514461
21703,8650.261047514461
21704,8650.261047514461
21705,8633.725913995653
21706,8633.725913995653
21707,8633.725913995653
21708,8633.725913995653
21709,8633.725913995653
21710,8631.81809881454
21711,8633.725913995653
21712,8633.725913995653
21713,8633.725913995653
21714,8650.336498565639
21715,8650.336498565639
21716,8652.244313746753
21717,8652.244313746753
21718,8652.244313746753
21719,8650.336498565639
21720,8652.244313746753
21721,8650.336498565639
21722,8616.537541115455
21723,8616.537541115455
21724,8616.537541115455
21725,8616.537541115455
21726,8614.629725934341
21727,8616.537541115455
21728,8614.629725934341
21729,8614.629725934341
21730,8614.629725934341
21731,8675.341754963996
21732,8675.341754963996
21733,8673.433939782883
21734,8673.433939782883
21735,8675.341754963996
21736,8675.341754963996
21737,8675.341754963996
21738,8675.341754963996
21739,8662.24502860832
21740,8660.337213427207
21741,8662.24502860832
21742,8660.337213427207
21743,8662.24502860832
21744,8525.846170130128
21745,8523.938354949014
21746,8525.846170130128
21747,8525.846170130128
21748,8525.846170130128
21749,8523.938354949014
21750,8525.846170130128
21751,8525.846170130128
21752,8625.436114589354
21753,8627.343929770468
21754,8627.343929770468
21755,8625.436114589354
21756,8627.343929770468
21757,8627.343929770468
21758,8627.343929770468
21759,8627.343929770468
21760,8627.343929770468
21761,8703.272193516883
21762,8703.272193516883
21763,8701.36437833577
21764,8703.272193516883
21765,8701.36437833577
21766,8755.281854739678
21767,8755.281854739678
21768,8753.374039558565
21769,8755.281854739678
21770,8753.374039558565
21771,8764.609194508443
21772,8764.609194508443
21773,8762.701379327329
21774,8762.701379327329
21775,8762.701379327329
21776,8764.609194508443
21777,8762.701379327329
21778,8762.701379327329
21779,8762.701379327329
21780,8764.609194508443
21781,8762.701379327329
21782,8779.831541806783
21783,8781.739356987897
21784,8781.739356987897
21785,8628.575881757391
21786,8630.483696938505
21787,8628.575881757391
21788,8536.030151463965
21789,8536.030151463965
21790,8536.030151463965
21791,8536.030151463965
21792,8534.122336282851
21793,8511.397796394536
21794,8511.397796394536
21795,8511.397796394536
21796,8511.397796394536
21797,8511.397796394536
21798,8517.341521155933
21799,8515.43370597482
21800,8515.43370597482
21801,8378.157307717838
21802,8378.157307717838
21803,8378.157307717838
21804,8518.918802196737
21805,8518.918802196737
21806,8518.918802196737
21807,8520.82661737785
21808,8520.82661737785
21809,8498.280223507272
21810,8498.280223507272
21811,8496.372408326159
21812,8498.280223507272
21813,8498.280223507272
21814,8432.599108784512
21815,8430.691293603399
21816,8432.599108784512
21817,8430.691293603399
21818,8432.599108784512
21819,8261.617905023591
21820,8261.617905023591
21821,8521.696193463793
21822,8519.78837828268
21823,8521.696193463793
21824,8521.696193463793
21825,8521.696193463793
21826,8521.696193463793
21827,8521.696193463793
21828,8363.292149772062
21829,8361.384334590948
21830,8363.292149772062
21831,8363.292149772062
21832,8693.187519785602
21833,8693.187519785602
21834,8691.279704604489
21835,8532.640381207944
21836,8530.73256602683
21837,8530.73256602683
21838,8532.640381207944
21839,8574.844912854871
21840,8576.752728035985
21841,8576.752728035985
21842,8574.844912854871
21843,8574.844912854871
21844,8576.752728035985
21845,8548.015564083653
21846,8500.61206483465
21847,8500.61206483465
21848,8498.704249653536
21849,8500.61206483465
21850,8602.280716847177
21851,8602.280716847177
21852,8602.280716847177
21853,8602.280716847177
21854,8606.118418291107
21855,8608.026233472221
21856,8608.026233472221
21857,8608.026233472221
21858,8608.026233472221
21859,8608.026233472221
21860,8608.026233472221
21861,8613.713612419355
21862,8613.713612419355
21863,8613.713612419355
21864,8611.805797238241
21865,8611.805797238241
21866,8611.805797238241
21867,8613.713612419355
21868,8611.805797238241
21869,8600.377336269537
21870,8600.377336269537
21871,8600.377336269537
21872,8598.469521088424
21873,8613.73998658988
21874,8615.647801770994
21875,8615.647801770994
21876,8615.647801770994
21877,8615.647801770994
21878,8615.647801770994
21879,8615.647801770994
21880,8615.647801770994
21881,8628.157272121722
21882,8628.157272121722
21883,8630.065087302835
21884,8638.995648312119
21885,8638.995648312119
21886,8637.087833131005
21887,8638.995648312119
21888,8655.698364774853
21889,8653.79054959374
21890,8653.79054959374
21891,8655.698364774853
21892,8655.698364774853
21893,8655.698364774853
21894,8655.698364774853
21895,8653.79054959374
21896,8655.698364774853
21897,8655.698364774853
21898,8675.975056493626
21899,8677.88287167474
21900,8677.88287167474
21901,8677.88287167474
21902,8677.88287167474
21903,8677.88287167474
21904,8677.88287167474
21905,8580.147366134304
21906,8580.147366134304
21907,8580.147366134304
21908,8578.23955095319
21909,8612.88763758548
21910,8610.979822404366
21911,8612.88763758548
21912,8604.48515835178
21913,8604.48515835178
21914,8604.48515835178
21915,8606.392973532893
21916,8604.48515835178
21917,8606.392973532893
21918,8604.48515835178
21919,8606.392973532893
21920,8604.48515835178
21921,8606.392973532893
21922,8606.392973532893
21923,8606.392973532893
21924,8606.392973532893
21925,8606.392973532893
21926,8604.48515835178
21927,8609.018513322879
21928,8609.018513322879
21929,8609.018513322879
21930,8609.018513322879
21931,8566.361131662235
21932,8564.453316481122
21933,8566.361131662235
21934,8566.361131662235
21935,8566.361131662235
21936,8536.724562060808
21937,8536.724562060808
21938,8534.816746879695
21939,8536.724562060808
21940,8536.724562060808
21941,8505.155895333879
21942,8505.155895333879
21943,8505.155895333879
21944,8505.155895333879
21945,8569.038610660587
21946,8569.038610660587
21947,8569.038610660587
21948,8620.672715396382
21949,8622.580530577496
21950,8622.580530577496
21951,8581.854887815993
21952,8579.947072634879
21953,8581.854887815993
21954,8581.854887815993
21955,8581.854887815993
21956,8579.947072634879
21957,8601.683003115093
21958,8599.77518793398
21959,8599.77518793398
21960,8599.77518793398
21961,8607.652080472324
21962,8607.652080472324
21963,8607.652080472324
21964,8607.652080472324
21965,8607.652080472324
21966,8607.652080472324
21967,8607.652080472324
21968,8607.652080472324
21969,8607.652080472324
21970,8605.74426529121
21971,8605.74426529121
21972,8605.74426529121
21973,8605.74426529121
21974,8607.652080472324
21975,8607.652080472324
21976,8607.652080472324
21977,8596.838082325115
21978,8596.838082325115
21979,8596.838082325115
21980,8641.407828815029
21981,8641.407828815029
21982,8641.407828815029
21983,8643.315643996142
21984,8641.407828815029
21985,8641.407828815029
21986,8643.315643996142
21987,8643.315643996142
21988,8643.315643996142
21989,8643.315643996142
21990,8643.315643996142
21991,8643.315643996142
21992,8643.315643996142
21993,8643.315643996142
21994,8643.315643996142
21995,8643.315643996142
21996,8643.315643996142
21997,8630.412734940448
21998,8628.504919759334
21999,8628.504919759334
22000,8630.412734940448
22001,8656.706912285406
22002,8654.799097104293
22003,8656.706912285406
22004,8656.706912285406
22005,8656.706912285406
22006,8644.876319308547
22007,8644.876319308547
22008,8646.78413448966
22009,8644.876319308547
22010,8644.876319308547
22011,8644.876319308547
22012,8646.78413448966
22013,8646.78413448966
22014,8644.876319308547
22015,8646.78413448966
22016,8644.876319308547
22017,8646.78413448966
22018,8646.78413448966
22019,8646.78413448966
22020,8646.78413448966
22021,8644.876319308547
22022,8644.876319308547
22023,8646.78413448966
22024,8644.876319308547
22025,8646.78413448966
22026,8646.78413448966
22027,8635.22011903916
22028,8633.312303858047
22029,8635.22011903916
22030,8635.22011903916
22031,8633.312303858047
22032,8635.22011903916
22033,8635.22011903916
22034,8635.22011903916
22035,8635.22011903916
22036,8635.22011903916
22037,8635.22011903916
22038,8633.312303858047
22039,8635.22011903916
22040,8635.22011903916
22041,8635.22011903916
22042,8633.312303858047
22043,8633.312303858047
22044,8635.22011903916
22045,8633.312303858047
22046,8645.13509905129
22047,8647.042914232403
22048,8645.13509905129
22049,8645.13509905129
22050,8647.042914232403
22051,8647.042914232403
22052,8647.042914232403
22053,8645.13509905129
22054,8668.463261576277
22055,8668.463261576277
22056,8640.621062681517
22057,8642.52887786263
22058,8642.52887786263
22059,8640.621062681517
22060,8640.621062681517
22061,8640.621062681517
22062,8636.178438664349
22063,8638.086253845462
22064,8638.086253845462
22065,8636.178438664349
22066,8638.086253845462
22067,8635.260127770885
22068,8635.260127770885
22069,8635.260127770885
22070,8635.260127770885
22071,8635.260127770885
22072,8635.260127770885
22073,8633.352312589772
22074,8633.352312589772
22075,8635.260127770885
22076,8635.260127770885
22077,8635.260127770885
22078,8635.260127770885
22079,8635.260127770885
22080,8633.352312589772
22081,8635.260127770885
22082,8635.260127770885
22083,8635.260127770885
22084,8633.352312589772
22085,8645.669529878845
22086,8651.81477480437
22087,8651.81477480437
22088,8649.906959623257
22089,8649.906959623257
22090,8649.906959623257
22091,8649.906959623257
22092,8649.906959623257
22093,8651.81477480437
22094,8649.906959623257
22095,8651.81477480437
22096,8651.81477480437
22097,8651.81477480437
22098,8651.81477480437
22099,8651.81477480437
22100,8651.81477480437
22101,8651.81477480437
22102,8651.81477480437
22103,8649.906959623257
22104,8628.648081406449
22105,8628.648081406449
22106,8628.648081406449
22107,8628.648081406449
22108,8626.740266225335
22109,8628.648081406449
22110,8628.648081406449
22111,8628.648081406449
22112,8613.545417694584
22113,8613.545417694584
22114,8613.545417694584
22115,8613.545417694584
22116,8611.63760251347
22117,8613.545417694584
22118,8623.980918394103
22119,8625.888733575217
22120,8625.888733575217
22121,8623.980918394103
22122,8625.888733575217
22123,8625.888733575217
22124,8625.888733575217
22125,8623.980918394103
22126,8623.980918394103
22127,8623.980918394103
22128,8554.180784173026
22129,8556.08859935414
22130,8556.08859935414
22131,8554.180784173026
22132,8550.436110771594
22133,8550.436110771594
22134,8550.436110771594
22135,8550.436110771594
22136,8550.436110771594
22137,8550.436110771594
22138,8550.436110771594
22139,8550.436110771594
22140,8550.436110771594
22141,8550.436110771594
22142,8550.436110771594
22143,8550.436110771594
22144,8550.436110771594
22145,8548.52829559048
22146,8550.436110771594
22147,8550.436110771594
22148,8550.436110771594
22149,8521.187547966138
22150,8519.279732785024
22151,8521.187547966138
22152,8655.248935670863
22153,8655.248935670863
22154,8580.756406330336
22155,8580.756406330336
22156,8578.848591149223
22157,8578.848591149223
22158,8578.848591149223
22159,8580.756406330336
22160,8578.848591149223
22161,8578.848591149223
22162,8585.144116240806
22163,8585.144116240806
22164,8585.144116240806
22165,8625.685947473243
22166,8627.593762654356
22167,8625.685947473243
22168,8627.593762654356
22169,8627.593762654356
22170,8627.593762654356
22171,8627.593762654356
22172,8627.593762654356
22173,8627.593762654356
22174,8615.458543003391
22175,8615.458543003391
22176,8613.550727822278
22177,8615.458543003391
22178,8613.550727822278
22179,8624.751268553076
22180,8624.751268553076
22181,8624.751268553076
22182,8608.575469849126
22183,8608.575469849126
22184,8608.575469849126
22185,8608.575469849126
22186,8587.379897470835
22187,8587.379897470835
22188,8589.287712651949
22189,8589.287712651949
22190,8587.379897470835
22191,8558.421038349758
22192,8560.328853530871
22193,8558.421038349758
22194,8558.421038349758
22195,8582.971792513403
22196,8584.879607694516
22197,8582.971792513403
22198,8584.879607694516
22199,8584.879607694516
22200,8582.971792513403
22201,8584.879607694516
22202,8575.197828070799
22203,8577.105643251913
22204,8577.105643251913
22205,8575.197828070799
22206,8577.105643251913
22207,8577.105643251913
22208,8575.197828070799
22209,8491.730980296847
22210,8491.730980296847
22211,8491.730980296847
22212,8491.730980296847
22213,8491.730980296847
22214,8491.730980296847
22215,8489.823165115733
22216,8543.861884044958
22217,8541.954068863844
22218,8541.954068863844
22219,8730.139212450133
22220,8716.216780819017
22221,8714.308965637903
22222,8714.308965637903
22223,8688.680932998546
22224,8688.680932998546
22225,8686.773117817433
22226,8686.773117817433
22227,8664.40629299562
22228,8664.40629299562
22229,8662.498477814506
22230,8664.40629299562
22231,8662.498477814506
22232,8672.194224193281
22233,8674.102039374395
22234,8672.194224193281
22235,8672.194224193281
22236,8643.556926079706
22237,8645.46474126082
22238,8643.556926079706
22239,8628.023415075453
22240,8628.023415075453
22241,8626.11559989434
22242,8643.268526692806
22243,8643.268526692806
22244,8645.17634187392
22245,8645.17634187392
22246,8645.17634187392
22247,8643.268526692806
22248,8615.633042884681
22249,8613.725227703568
22250,8615.633042884681
22251,8615.633042884681
22252,8615.633042884681
22253,8615.633042884681
22254,8613.725227703568
22255,8615.633042884681
22256,8613.725227703568
22257,8613.725227703568
22258,8615.633042884681
22259,8613.725227703568
22260,8615.633042884681
22261,8615.633042884681
22262,8613.725227703568
22263,8629.48086827523
22264,8629.48086827523
22265,8627.573053094116
22266,8629.48086827523
22267,8627.573053094116
22268,8627.573053094116
22269,8582.796853288399
22270,8582.796853288399
22271,8584.704668469512
22272,8582.796853288399
22273,8633.376022865039
22274,8635.283838046153
22275,8633.376022865039
22276,8635.283838046153
22277,8635.283838046153
22278,8633.376022865039
22279,8635.283838046153
22280,8635.283838046153
22281,8635.283838046153
22282,8635.283838046153
22283,8633.376022865039
22284,8635.283838046153
22285,8594.610596164466
22286,8594.610596164466
22287,8594.610596164466
22288,8592.702780983353
22289,8594.610596164466
22290,8592.702780983353
22291,8594.610596164466
22292,8594.610596164466
22293,8594.610596164466
22294,8604.357977953132
22295,8606.265793134246
22296,8604.357977953132
22297,8606.265793134246
22298,8606.265793134246
22299,8606.265793134246
22300,8588.010082754829
22301,8586.102267573715
22302,8586.102267573715
22303,8655.225918084268
22304,8759.462921783927
22305,8761.37073696504
22306,8761.37073696504
22307,8620.65907858337
22308,8620.65907858337
22309,8620.65907858337
22310,8620.65907858337
22311,8620.65907858337
22312,8618.751263402257
22313,8618.751263402257
22314,8620.65907858337
22315,8620.65907858337
22316,8531.504403564628
22317,8529.596588383512
22318,8531.504403564628
22319,8531.504403564628
22320,8730.880658683916
22321,8732.78847386503
22322,8732.78847386503
22323,8724.775143365887
22324,8724.775143365887
22325,8722.867328184773
22326,8743.515149537294
22327,8743.515149537294
22328,8743.515149537294
22329,8741.60733435618
22330,8770.680825679296
22331,8772.58864086041
22332,8545.43146288896
22333,8545.43146288896
22334,9198.183245682576
22335,9168.603114931448
22336,9314.987822470834
22337,9314.987822470834
22338,9285.407691719705
22339,9314.987822470834
22340,9310.30564599168
22341,9310.30564599168
22342,9310.30564599168
22343,9280.725515240552
22344,9310.30564599168
22345,9367.534021708247
22346,9337.953890957118
22347,9367.534021708247
22348,9439.126238939218
22349,9439.126238939218
22350,9439.126238939218
22351,9409.54610818809
22352,9409.54610818809
22353,9409.54610818809
22354,9409.54610818809
22355,9409.54610818809
22356,9305.965407577713
22357,9305.965407577713
22358,9276.385276826584
22359,9276.385276826584
22360,9223.299498383894
22361,9193.719367632766
22362,9193.719367632766
22363,9193.719367632766
22364,9277.915972917588
22365,9248.33584216646
22366,9248.33584216646
22367,9277.915972917588
22368,9199.863832887548
22369,9199.863832887548
22370,9199.863832887548
22371,9199.863832887548
22372,9199.863832887548
22373,9195.556192433853
22374,9195.556192433853
22375,9195.556192433853
22376,9364.381744945735
22377,9364.381744945735
22378,9300.297554147653
22379,9270.717423396525
22380,9300.297554147653
22381,9270.717423396525
22382,9300.297554147653
22383,9300.297554147653
22384,9300.297554147653
22385,9300.297554147653
22386,9318.33668307032
22387,9288.756552319192
22388,9318.33668307032
22389,9318.33668307032
22390,9288.756552319192
22391,9318.33668307032
22392,9318.33668307032
22393,9318.33668307032
22394,9318.33668307032
22395,9318.33668307032
22396,9318.33668307032
22397,9288.756552319192
22398,9288.756552319192
22399,9288.756552319192
22400,9288.756552319192
22401,9318.33668307032
22402,9288.756552319192
22403,9318.33668307032
22404,9288.756552319192
22405,9288.756552319192
22406,9288.756552319192
22407,9288.756552319192
22408,9318.33668307032
22409,9246.870718925187
22410,9246.870718925187
22411,9222.59543802666
22412,9246.870718925187
22413,9246.870718925187
22414,9246.870718925187
22415,9246.870718925187
22416,9246.870718925187
22417,9246.870718925187
22418,9246.870718925187
22419,9246.870718925187
22420,9257.121714175735
22421,9232.846433277207
22422,9257.121714175735
22423,9257.121714175735
22424,9387.570770489745
22425,9387.570770489745
22426,9348.954925409364
22427,9336.237601315717
22428,9374.853446396099
22429,9374.853446396099
22430,9374.853446396099
22431,9335.394184381646
22432,9306.229222755497
22433,9335.394184381646
22434,9335.394184381646
22435,9335.394184381646
22436,9335.394184381646
22437,9335.394184381646
22438,9335.394184381646
22439,9335.394184381646
22440,9306.229222755497
22441,9335.394184381646
22442,9335.394184381646
22443,9335.394184381646
22444,9306.229222755497
22445,9306.229222755497
22446,9335.394184381646
22447,9335.394184381646
22448,9306.229222755497
22449,9306.229222755497
22450,9335.394184381646
22451,9335.394184381646
22452,9306.229222755497
22453,9335.394184381646
22454,9335.394184381646
22455,9328.119733367233
22456,9298.954771741084
22457,9328.119733367233
22458,9328.119733367233
22459,9392.137645338407
22460,9362.972683712258
22461,9392.137645338407
22462,9362.972683712258
22463,9377.991892045055
22464,9377.991892045055
22465,9407.156853671204
22466,9407.156853671204
22467,9407.156853671204
22468,9377.991892045055
22469,9377.991892045055
22470,9336.325636772519
22471,9336.325636772519
22472,9336.325636772519
22473,9336.325636772519
22474,9307.16067514637
22475,9208.815070092702
22476,9208.815070092702
22477,9208.815070092702
22478,9208.815070092702
22479,9208.815070092702
22480,9208.815070092702
22481,9208.815070092702
22482,9208.815070092702
22483,9208.815070092702
22484,9179.650108466552
22485,9208.815070092702
22486,9208.815070092702
22487,9174.491271216148
22488,9174.491271216148
22489,9203.656232842297
22490,9203.656232842297
22491,9373.290832578976
22492,9402.455794205125
22493,9402.455794205125
22494,9352.02432530476
22495,9352.02432530476
22496,9322.85936367861
22497,9322.85936367861
22498,9352.02432530476
22499,9322.85936367861
22500,9352.02432530476
22501,9352.02432530476
22502,9322.85936367861
22503,9293.821146357861
22504,9322.98610798401
22505,9322.98610798401
22506,9322.98610798401
22507,9293.821146357861
22508,9293.821146357861
22509,9322.98610798401
22510,9354.5521688005
22511,9354.5521688005
22512,9354.5521688005
22513,9325.38720717435
22514,9354.5521688005
22515,9325.38720717435
22516,9325.38720717435
22517,9325.38720717435
22518,9354.5521688005
22519,9354.5521688005
22520,9325.38720717435
22521,9334.366077789056
22522,9334.366077789056
22523,9334.366077789056
22524,9334.366077789056
22525,9334.366077789056
22526,9406.453236392563
22527,9377.288274766413
22528,9377.288274766413
22529,9377.288274766413
22530,9406.453236392563
22531,9308.227279936682
22532,9308.227279936682
22533,9337.392241562831
22534,9337.392241562831
22535,9337.392241562831
22536,9337.392241562831
22537,9352.010954083258
22538,9352.010954083258
22539,9352.010954083258
22540,9322.845992457109
22541,9378.24583257619
22542,9349.080870950042
22543,9344.971254662572
22544,9344.971254662572
22545,9344.971254662572
22546,9344.971254662572
22547,9344.971254662572
22548,9344.971254662572
22549,9344.971254662572
22550,9344.971254662572
22551,9344.971254662572
22552,9344.971254662572
22553,9344.971254662572
22554,9344.971254662572
22555,9352.550079923487
22556,9323.385118297338
22557,9352.550079923487
22558,9352.550079923487
22559,9352.550079923487
22560,9352.550079923487
22561,9336.014946404679
22562,9336.014946404679
22563,9336.014946404679
22564,9336.014946404679
22565,9336.014946404679
22566,9306.84998477853
22567,9336.014946404679
22568,9336.014946404679
22569,9336.014946404679
22570,9325.36838452963
22571,9325.36838452963
22572,9354.533346155778
22573,9354.533346155778
22574,9354.533346155778
22575,9325.36838452963
22576,9354.533346155778
22577,9325.36838452963
22578,9318.82657352448
22579,9318.82657352448
22580,9318.82657352448
22581,9318.82657352448
22582,9289.661611898331
22583,9318.82657352448
22584,9289.661611898331
22585,9289.661611898331
22586,9289.661611898331
22587,9377.630787373022
22588,9377.630787373022
22589,9348.465825746873
22590,9348.465825746873
22591,9377.630787373022
22592,9377.630787373022
22593,9377.630787373022
22594,9377.630787373022
22595,9364.534061017346
22596,9335.369099391197
22597,9364.534061017346
22598,9335.369099391197
22599,9364.534061017346
22600,9228.135202539153
22601,9198.970240913004
22602,9228.135202539153
22603,9228.135202539153
22604,9228.135202539153
22605,9198.970240913004
22606,9228.135202539153
22607,9228.135202539153
22608,9300.468000553345
22609,9329.632962179494
22610,9329.632962179494
22611,9300.468000553345
22612,9329.632962179494
22613,9329.632962179494
22614,9329.632962179494
22615,9329.632962179494
22616,9329.632962179494
22617,9405.561225925909
22618,9405.561225925909
22619,9376.39626429976
22620,9405.561225925909
22621,9376.39626429976
22622,9457.570887148704
22623,9457.570887148704
22624,9428.405925522555
22625,9457.570887148704
22626,9428.405925522555
22627,9466.898226917468
22628,9466.898226917468
22629,9437.73326529132
22630,9437.73326529132
22631,9437.73326529132
22632,9466.898226917468
22633,9437.73326529132
22634,9437.73326529132
22635,9437.73326529132
22636,9466.898226917468
22637,9437.73326529132
22638,9454.863427770773
22639,9484.028389396923
22640,9484.028389396923
22641,9303.607767721382
22642,9332.772729347531
22643,9303.607767721382
22644,9238.31918387299
22645,9238.31918387299
22646,9238.31918387299
22647,9238.31918387299
22648,9209.154222246842
22649,9213.686828803562
22650,9213.686828803562
22651,9213.686828803562
22652,9213.686828803562
22653,9213.686828803562
22654,9219.630553564959
22655,9190.46559193881
22656,9190.46559193881
22657,9080.446340126864
22658,9080.446340126864
22659,9080.446340126864
22660,9193.950688160727
22661,9193.950688160727
22662,9193.950688160727
22663,9223.115649786876
22664,9223.115649786876
22665,9200.569255916298
22666,9200.569255916298
22667,9171.404294290149
22668,9200.569255916298
22669,9200.569255916298
22670,9134.888141193538
22671,9105.723179567389
22672,9134.888141193538
22673,9105.723179567389
22674,9134.888141193538
22675,8936.649790987582
22676,8936.649790987582
22677,9223.985225872819
22678,9194.82026424667
22679,9223.985225872819
22680,9223.985225872819
22681,9223.985225872819
22682,9223.985225872819
22683,9223.985225872819
22684,9065.581182181088
22685,9036.416220554938
22686,9065.581182181088
22687,9065.581182181088
22688,9395.476552194628
22689,9395.476552194628
22690,9366.311590568479
22691,9234.92941361697
22692,9205.76445199082
22693,9205.76445199082
22694,9234.92941361697
22695,9249.876798818861
22696,9279.04176044501
22697,9279.04176044501
22698,9249.876798818861
22699,9249.876798818861
22700,9279.04176044501
22701,9250.304596492679
22702,9202.901097243675
22703,9202.901097243675
22704,9173.736135617526
22705,9202.901097243675
22706,9304.569749256203
22707,9304.569749256203
22708,9304.569749256203
22709,9304.569749256203
22710,9281.150304255098
22711,9310.315265881247
22712,9310.315265881247
22713,9310.315265881247
22714,9310.315265881247
22715,9310.315265881247
22716,9310.315265881247
22717,9316.00264482838
22718,9316.00264482838
22719,9316.00264482838
22720,9286.837683202231
22721,9286.837683202231
22722,9286.837683202231
22723,9316.00264482838
22724,9286.837683202231
22725,9302.666368678563
22726,9302.666368678563
22727,9302.666368678563
22728,9273.501407052414
22729,9288.77187255387
22730,9317.93683418002
22731,9317.93683418002
22732,9317.93683418002
22733,9317.93683418002
22734,9317.93683418002
22735,9317.93683418002
22736,9317.93683418002
22737,9303.189158085712
22738,9303.189158085712
22739,9332.354119711861
22740,9341.284680721144
22741,9341.284680721144
22742,9312.119719094995
22743,9341.284680721144
22744,9357.987397183879
22745,9328.82243555773
22746,9328.82243555773
22747,9357.987397183879
22748,9357.987397183879
22749,9357.987397183879
22750,9357.987397183879
22751,9328.82243555773
22752,9357.987397183879
22753,9357.987397183879
22754,9351.006942457616
22755,9380.171904083765
22756,9380.171904083765
22757,9380.171904083765
22758,9380.171904083765
22759,9380.171904083765
22760,9380.171904083765
22761,9282.43639854333
22762,9282.43639854333
22763,9282.43639854333
22764,9253.27143691718
22765,9315.176669994506
22766,9286.011708368356
22767,9315.176669994506
22768,9279.51704431577
22769,9279.51704431577
22770,9279.51704431577
22771,9308.682005941919
22772,9279.51704431577
22773,9308.682005941919
22774,9279.51704431577
22775,9308.682005941919
22776,9279.51704431577
22777,9308.682005941919
22778,9308.682005941919
22779,9308.682005941919
22780,9308.682005941919
22781,9308.682005941919
22782,9279.51704431577
22783,9311.307545731905
22784,9311.307545731905
22785,9311.307545731905
22786,9311.307545731905
22787,9268.650164071261
22788,9239.485202445112
22789,9268.650164071261
22790,9268.650164071261
22791,9268.650164071261
22792,9239.013594469834
22793,9239.013594469834
22794,9209.848632843685
22795,9239.013594469834
22796,9239.013594469834
22797,9207.444927742905
22798,9207.444927742905
22799,9207.444927742905
22800,9207.444927742905
22801,9271.327643069613
22802,9271.327643069613
22803,9271.327643069613
22804,9295.704601360372
22805,9324.869562986521
22806,9324.869562986521
22807,9284.143920225019
22808,9254.97895859887
22809,9284.143920225019
22810,9284.143920225019
22811,9284.143920225019
22812,9254.97895859887
22813,9303.972035524119
22814,9274.80707389797
22815,9274.80707389797
22816,9274.80707389797
22817,9309.94111288135
22818,9309.94111288135
22819,9309.94111288135
22820,9309.94111288135
22821,9309.94111288135
22822,9309.94111288135
22823,9309.94111288135
22824,9309.94111288135
22825,9309.94111288135
22826,9280.7761512552
22827,9280.7761512552
22828,9280.7761512552
22829,9280.7761512552
22830,9309.94111288135
22831,9309.94111288135
22832,9309.94111288135
22833,9299.127114734141
22834,9299.127114734141
22835,9299.127114734141
22836,9316.439714779019
22837,9316.439714779019
22838,9316.439714779019
22839,9345.604676405168
22840,9316.439714779019
22841,9316.439714779019
22842,9345.604676405168
22843,9345.604676405168
22844,9345.604676405168
22845,9345.604676405168
22846,9345.604676405168
22847,9345.604676405168
22848,9345.604676405168
22849,9345.604676405168
22850,9345.604676405168
22851,9345.604676405168
22852,9345.604676405168
22853,9332.701767349474
22854,9303.536805723325
22855,9303.536805723325
22856,9332.701767349474
22857,9364.43168220696
22858,9335.26672058081
22859,9364.43168220696
22860,9364.43168220696
22861,9364.43168220696
22862,9325.343942785064
22863,9325.343942785064
22864,9354.508904411214
22865,9325.343942785064
22866,9325.343942785064
22867,9325.343942785064
22868,9354.508904411214
22869,9354.508904411214
22870,9325.343942785064
22871,9354.508904411214
22872,9325.343942785064
22873,9354.508904411214
22874,9354.508904411214
22875,9354.508904411214
22876,9354.508904411214
22877,9325.343942785064
22878,9325.343942785064
22879,9354.508904411214
22880,9325.343942785064
22881,9354.508904411214
22882,9354.508904411214
22883,9337.509151448186
22884,9308.344189822037
22885,9337.509151448186
22886,9337.509151448186
22887,9308.344189822037
22888,9337.509151448186
22889,9337.509151448186
22890,9337.509151448186
22891,9337.509151448186
22892,9337.509151448186
22893,9337.509151448186
22894,9308.344189822037
22895,9337.509151448186
22896,9337.509151448186
22897,9337.509151448186
22898,9308.344189822037
22899,9308.344189822037
22900,9337.509151448186
22901,9308.344189822037
22902,9320.16698501528
22903,9349.331946641429
22904,9320.16698501528
22905,9320.16698501528
22906,9349.331946641429
22907,9349.331946641429
22908,9349.331946641429
22909,9320.16698501528
22910,9370.752293985302
22911,9370.752293985302
22912,9315.652948645507
22913,9344.817910271657
22914,9344.817910271657
22915,9315.652948645507
22916,9315.652948645507
22917,9315.652948645507
22918,9311.210324628339
22919,9340.375286254488
22920,9340.375286254488
22921,9311.210324628339
22922,9340.375286254488
22923,9337.549160179911
22924,9337.549160179911
22925,9337.549160179911
22926,9337.549160179911
22927,9337.549160179911
22928,9337.549160179911
22929,9308.384198553762
22930,9308.384198553762
22931,9337.549160179911
22932,9337.549160179911
22933,9337.549160179911
22934,9337.549160179911
22935,9337.549160179911
22936,9308.384198553762
22937,9337.549160179911
22938,9337.549160179911
22939,9337.549160179911
22940,9308.384198553762
22941,9320.701415842836
22942,9354.103807213396
22943,9354.103807213396
22944,9324.938845587247
22945,9324.938845587247
22946,9324.938845587247
22947,9324.938845587247
22948,9324.938845587247
22949,9354.103807213396
22950,9324.938845587247
22951,9354.103807213396
22952,9354.103807213396
22953,9354.103807213396
22954,9354.103807213396
22955,9354.103807213396
22956,9354.103807213396
22957,9354.103807213396
22958,9354.103807213396
22959,9324.938845587247
22960,9330.937113815475
22961,9330.937113815475
22962,9330.937113815475
22963,9330.937113815475
22964,9301.772152189325
22965,9330.937113815475
22966,9330.937113815475
22967,9330.937113815475
22968,9315.83445010361
22969,9315.83445010361
22970,9315.83445010361
22971,9315.83445010361
22972,9286.66948847746
22973,9315.83445010361
22974,9299.012804358093
22975,9328.177765984243
22976,9328.177765984243
22977,9299.012804358093
22978,9328.177765984243
22979,9328.177765984243
22980,9328.177765984243
22981,9299.012804358093
22982,9299.012804358093
22983,9299.012804358093
22984,9229.212670137016
22985,9258.377631763165
22986,9258.377631763165
22987,9229.212670137016
22988,9252.72514318062
22989,9252.72514318062
22990,9252.72514318062
22991,9252.72514318062
22992,9252.72514318062
22993,9252.72514318062
22994,9252.72514318062
22995,9252.72514318062
22996,9252.72514318062
22997,9252.72514318062
22998,9252.72514318062
22999,9252.72514318062
23000,9252.72514318062
23001,9223.56018155447
23002,9252.72514318062
23003,9252.72514318062
23004,9252.72514318062
23005,9223.476580375163
23006,9194.311618749014
23007,9223.476580375163
23008,9357.537968079889
23009,9357.537968079889
23010,9283.045438739362
23011,9283.045438739362
23012,9253.880477113213
23013,9253.880477113213
23014,9253.880477113213
23015,9283.045438739362
23016,9253.880477113213
23017,9253.880477113213
23018,9287.433148649832
23019,9287.433148649832
23020,9287.433148649832
23021,9300.717833437233
23022,9329.882795063382
23023,9300.717833437233
23024,9329.882795063382
23025,9329.882795063382
23026,9329.882795063382
23027,9329.882795063382
23028,9329.882795063382
23029,9329.882795063382
23030,9317.747575412417
23031,9317.747575412417
23032,9288.582613786268
23033,9317.747575412417
23034,9288.582613786268
23035,9327.040300962102
23036,9327.040300962102
23037,9327.040300962102
23038,9310.864502258151
23039,9310.864502258151
23040,9310.864502258151
23041,9310.864502258151
23042,9262.411783434825
23043,9262.411783434825
23044,9291.576745060975
23045,9291.576745060975
23046,9262.411783434825
23047,9233.452924313748
23048,9262.617885939897
23049,9233.452924313748
23050,9233.452924313748
23051,9258.003678477393
23052,9287.168640103542
23053,9258.003678477393
23054,9287.168640103542
23055,9287.168640103542
23056,9258.003678477393
23057,9287.168640103542
23058,9239.4988406708
23059,9268.66380229695
23060,9268.66380229695
23061,9239.4988406708
23062,9268.66380229695
23063,9268.66380229695
23064,9239.4988406708
23065,9183.289139341883
23066,9183.289139341883
23067,9183.289139341883
23068,9183.289139341883
23069,9183.289139341883
23070,9183.289139341883
23071,9154.124177715734
23072,9235.420043089995
23073,9206.255081463845
23074,9206.255081463845
23075,9405.171098414123
23076,9418.505813228043
23077,9389.340851601894
23078,9389.340851601894
23079,9390.969965407572
23080,9390.969965407572
23081,9361.805003781423
23082,9361.805003781423
23083,9366.695325404646
23084,9366.695325404646
23085,9337.530363778496
23086,9366.695325404646
23087,9337.530363778496
23088,9347.226110157271
23089,9376.39107178342
23090,9347.226110157271
23091,9347.226110157271
23092,9318.588812043696
23093,9347.753773669845
23094,9318.588812043696
23095,9330.312447484479
23096,9330.312447484479
23097,9301.14748585833
23098,9318.300412656796
23099,9318.300412656796
23100,9347.465374282945
23101,9347.465374282945
23102,9347.465374282945
23103,9318.300412656796
23104,9317.922075293707
23105,9288.757113667558
23106,9317.922075293707
23107,9317.922075293707
23108,9317.922075293707
23109,9317.922075293707
23110,9288.757113667558
23111,9317.922075293707
23112,9288.757113667558
23113,9288.757113667558
23114,9317.922075293707
23115,9288.757113667558
23116,9317.922075293707
23117,9317.922075293707
23118,9288.757113667558
23119,9331.769900684256
23120,9331.769900684256
23121,9302.604939058107
23122,9331.769900684256
23123,9302.604939058107
23124,9302.604939058107
23125,9257.828739252389
23126,9257.828739252389
23127,9286.993700878538
23128,9257.828739252389
23129,9308.40790882903
23130,9337.572870455178
23131,9308.40790882903
23132,9337.572870455178
23133,9337.572870455178
23134,9308.40790882903
23135,9337.572870455178
23136,9337.572870455178
23137,9337.572870455178
23138,9337.572870455178
23139,9308.40790882903
23140,9337.572870455178
23141,9296.899628573492
23142,9296.899628573492
23143,9296.899628573492
23144,9267.734666947343
23145,9296.899628573492
23146,9267.734666947343
23147,9296.899628573492
23148,9296.899628573492
23149,9296.899628573492
23150,9268.114215099815
23151,9297.279176725964
23152,9268.114215099815
23153,9297.279176725964
23154,9297.279176725964
23155,9297.279176725964
23156,9279.023466346547
23157,9249.858504720398
23158,9249.858504720398
23159,9325.7446839779
23160,9408.000396609508
23161,9437.165358235658
23162,9437.165358235658
23163,9318.434990922038
23164,9318.434990922038
23165,9318.434990922038
23166,9318.434990922038
23167,9318.434990922038
23168,9289.270029295889
23169,9289.270029295889
23170,9318.434990922038
23171,9318.434990922038
23172,9229.280315903294
23173,9200.115354277146
23174,9229.280315903294
23175,9229.280315903294
23176,9401.399424577548
23177,9430.564386203698
23178,9430.564386203698
23179,9424.056395281892
23180,9424.056395281892
23181,9394.891433655743
23182,9442.796401453299
23183,9442.796401453299
23184,9442.796401453299
23185,9413.63143982715
23186,9442.704931150265
23187,9471.869892776414
23188,9244.712714804966
23189,9244.712714804966
23190,10184.577602134746
23191,10087.388738209836
23192,10308.955099034001
23193,10308.955099034001
23194,10211.766235109091
23195,10308.955099034001
23196,10304.272922554848
23197,10304.272922554848
23198,10304.272922554848
23199,10207.084058629938
23200,10304.272922554848
23201,10328.94009137967
23202,10231.75122745476
23203,10328.94009137967
23204,10581.147286957488
23205,10581.147286957488
23206,10581.147286957488
23207,10483.958423032578
23208,10483.958423032578
23209,10483.958423032578
23210,10483.958423032578
23211,10483.958423032578
23212,10406.919667846256
23213,10406.919667846256
23214,10309.730803921346
23215,10309.730803921346
23216,10324.253758652438
23217,10227.064894727528
23218,10227.064894727528
23219,10227.064894727528
23220,10368.9408142694
23221,10271.75195034449
23222,10271.75195034449
23223,10368.9408142694
23224,10290.888674239359
23225,10290.888674239359
23226,10290.888674239359
23227,10290.888674239359
23228,10290.888674239359
23229,10286.581033785664
23230,10286.581033785664
23231,10286.581033785664
23232,10442.85465516906
23233,10442.85465516906
23234,10326.375081502118
23235,10229.186217577208
23236,10326.375081502118
23237,10229.186217577208
23238,10300.559295348474
23239,10300.559295348474
23240,10300.559295348474
23241,10300.559295348474
23242,10438.63085575072
23243,10341.44199182581
23244,10438.63085575072
23245,10438.63085575072
23246,10341.44199182581
23247,10438.63085575072
23248,10438.63085575072
23249,10438.63085575072
23250,10438.63085575072
23251,10397.586945304767
23252,10397.586945304767
23253,10300.398081379857
23254,10300.398081379857
23255,10300.398081379857
23256,10300.398081379857
23257,10397.586945304767
23258,10300.398081379857
23259,10397.586945304767
23260,10300.398081379857
23261,10300.398081379857
23262,10300.398081379857
23263,10300.398081379857
23264,10397.586945304767
23265,10343.374082502107
23266,10343.374082502107
23267,10251.490068429797
23268,10343.374082502107
23269,10343.374082502107
23270,10343.374082502107
23271,10343.374082502107
23272,10343.374082502107
23273,10343.374082502107
23274,10343.374082502107
23275,10343.374082502107
23276,10353.625077752655
23277,10261.741063680345
23278,10353.625077752655
23279,10353.625077752655
23280,10466.821032724192
23281,10466.821032724192
23282,10360.59645447003
23283,10347.879130376383
23284,10454.103708630546
23285,10454.103708630546
23286,10454.103708630546
23287,10414.644446616094
23288,10317.870751816163
23289,10414.644446616094
23290,10414.644446616094
23291,10414.644446616094
23292,10414.644446616094
23293,10414.644446616094
23294,10414.644446616094
23295,10414.644446616094
23296,10317.870751816163
23297,10414.644446616094
23298,10414.644446616094
23299,10414.644446616094
23300,10317.870751816163
23301,10317.870751816163
23302,10414.644446616094
23303,10414.644446616094
23304,10317.870751816163
23305,10317.870751816163
23306,10414.644446616094
23307,10404.993945914028
23308,10308.220251114097
23309,10404.993945914028
23310,10404.993945914028
23311,10397.719494899615
23312,10300.945800099684
23313,10397.719494899615
23314,10397.719494899615
23315,10461.737406870789
23316,10364.963712070858
23317,10461.737406870789
23318,10364.963712070858
23319,10391.311550220858
23320,10391.311550220858
23321,10488.08524502079
23322,10488.08524502079
23323,10488.08524502079
23324,10391.311550220858
23325,10391.311550220858
23326,10417.254028122105
23327,10417.254028122105
23328,10417.254028122105
23329,10417.254028122105
23330,10320.480333322173
23331,10186.228637067798
23332,10186.228637067798
23333,10186.228637067798
23334,10186.228637067798
23335,10186.228637067798
23336,10186.228637067798
23337,10186.228637067798
23338,10186.228637067798
23339,10186.228637067798
23340,10140.55926689977
23341,10237.332961699702
23342,10237.332961699702
23343,10051.705098001432
23344,10051.705098001432
23345,10148.478792801363
23346,10148.478792801363
23347,10385.552201136787
23348,10482.325895936718
23349,10482.325895936718
23350,10425.914249065827
23351,10425.914249065827
23352,10329.140554265896
23353,10329.140554265896
23354,10425.914249065827
23355,10329.140554265896
23356,10425.914249065827
23357,10425.914249065827
23358,10329.140554265896
23359,10300.102336945147
23360,10396.876031745078
23361,10396.876031745078
23362,10396.876031745078
23363,10300.102336945147
23364,10300.102336945147
23365,10396.876031745078
23366,10408.743546442898
23367,10408.743546442898
23368,10408.743546442898
23369,10311.969851642967
23370,10408.743546442898
23371,10311.969851642967
23372,10311.969851642967
23373,10311.969851642967
23374,10408.743546442898
23375,10408.743546442898
23376,10311.969851642967
23377,10408.256001550124
23378,10408.256001550124
23379,10408.256001550124
23380,10408.256001550124
23381,10408.256001550124
23382,10575.97420982985
23383,10479.20051502992
23384,10479.20051502992
23385,10479.20051502992
23386,10575.97420982985
23387,10314.508470523968
23388,10314.508470523968
23389,10411.282165323899
23390,10411.282165323899
23391,10411.282165323899
23392,10411.282165323899
23393,10425.900877844326
23394,10425.900877844326
23395,10425.900877844326
23396,10329.127183044395
23397,10452.135756337258
23398,10355.362061537327
23399,10418.86117842364
23400,10418.86117842364
23401,10418.86117842364
23402,10418.86117842364
23403,10418.86117842364
23404,10418.86117842364
23405,10418.86117842364
23406,10418.86117842364
23407,10418.86117842364
23408,10418.86117842364
23409,10418.86117842364
23410,10418.86117842364
23411,10439.070437065984
23412,10342.296742266053
23413,10426.084203713457
23414,10426.084203713457
23415,10426.084203713457
23416,10426.084203713457
23417,10409.54907019465
23418,10409.54907019465
23419,10409.54907019465
23420,10409.54907019465
23421,10409.54907019465
23422,10312.775375394718
23423,10409.54907019465
23424,10409.54907019465
23425,10409.54907019465
23426,10331.293775145818
23427,10331.293775145818
23428,10428.067469945749
23429,10428.067469945749
23430,10463.906135607262
23431,10367.13244080733
23432,10463.906135607262
23433,10367.13244080733
23434,10383.13106667173
23435,10383.13106667173
23436,10383.13106667173
23437,10383.13106667173
23438,10286.3573718718
23439,10383.13106667173
23440,10286.3573718718
23441,10286.3573718718
23442,10286.3573718718
23443,10396.390004370229
23444,10396.390004370229
23445,10299.616309570298
23446,10299.616309570298
23447,10396.390004370229
23448,10396.390004370229
23449,10396.390004370229
23450,10396.390004370229
23451,10396.390004370229
23452,10299.616309570298
23453,10396.390004370229
23454,10299.616309570298
23455,10396.390004370229
23456,10292.439695686404
23457,10195.666000886473
23458,10292.439695686404
23459,10292.439695686404
23460,10292.439695686404
23461,10195.666000886473
23462,10292.439695686404
23463,10292.439695686404
23464,10309.73618863867
23465,10406.5098834386
23466,10406.5098834386
23467,10309.73618863867
23468,10406.5098834386
23469,10406.5098834386
23470,10406.5098834386
23471,10406.5098834386
23472,10406.5098834386
23473,10482.438147185016
23474,10482.438147185016
23475,10385.664452385085
23476,10482.438147185016
23477,10385.664452385085
23478,10532.769945184587
23479,10532.769945184587
23480,10435.996250384656
23481,10532.769945184587
23482,10435.996250384656
23483,10542.097284953352
23484,10542.097284953352
23485,10445.32359015342
23486,10445.32359015342
23487,10445.32359015342
23488,10542.097284953352
23489,10445.32359015342
23490,10445.32359015342
23491,10445.32359015342
23492,10542.097284953352
23493,10445.32359015342
23494,10462.453752632875
23495,10559.227447432806
23496,10559.227447432806
23497,10311.198092583483
23498,10407.971787383414
23499,10311.198092583483
23500,10313.518241908874
23501,10313.518241908874
23502,10313.518241908874
23503,10313.518241908874
23504,10216.744547108943
23505,10288.885886839445
23506,10288.885886839445
23507,10288.885886839445
23508,10288.885886839445
23509,10288.885886839445
23510,10294.829611600842
23511,10198.055916800911
23512,10198.055916800911
23513,10155.645398162747
23514,10155.645398162747
23515,10155.645398162747
23516,10201.541013022828
23517,10201.541013022828
23518,10201.541013022828
23519,10298.31470782276
23520,10298.31470782276
23521,10275.768313952181
23522,10275.768313952181
23523,10178.99461915225
23524,10275.768313952181
23525,10275.768313952181
23526,10210.087199229421
23527,10113.31350442949
23528,10207.935892517518
23529,10111.162197717587
23530,10207.935892517518
23531,9942.08880913778
23532,9942.08880913778
23533,10297.032977196799
23534,10200.259282396868
23535,10297.032977196799
23536,10297.032977196799
23537,10297.032977196799
23538,10297.032977196799
23539,10297.032977196799
23540,10138.628933505068
23541,10041.855238705137
23542,10138.628933505068
23543,10138.628933505068
23544,10326.265442239022
23545,10326.265442239022
23546,10229.491747439091
23547,10307.97716494095
23548,10211.20347014102
23549,10211.20347014102
23550,10307.97716494095
23551,10255.31581696906
23552,10352.08951176899
23553,10352.08951176899
23554,10255.31581696906
23555,10255.31581696906
23556,10352.08951176899
23557,10323.352347816659
23558,10275.948848567656
23559,10275.948848567656
23560,10179.175153767725
23561,10275.948848567656
23562,10377.617500580183
23563,10377.617500580183
23564,10377.617500580183
23565,10377.617500580183
23566,10286.589322405296
23567,10383.363017205227
23568,10383.363017205227
23569,10383.363017205227
23570,10383.363017205227
23571,10383.363017205227
23572,10383.363017205227
23573,10389.050396152361
23574,10389.050396152361
23575,10389.050396152361
23576,10292.27670135243
23577,10292.27670135243
23578,10292.27670135243
23579,10389.050396152361
23580,10292.27670135243
23581,10375.714120002543
23582,10375.714120002543
23583,10375.714120002543
23584,10278.940425202612
23585,10294.21089070407
23586,10390.984585504
23587,10390.984585504
23588,10390.984585504
23589,10390.984585504
23590,10390.984585504
23591,10390.984585504
23592,10390.984585504
23593,10308.62817623591
23594,10308.62817623591
23595,10405.401871035841
23596,10414.332432045125
23597,10414.332432045125
23598,10317.558737245194
23599,10414.332432045125
23600,10431.035148507859
23601,10334.261453707928
23602,10334.261453707928
23603,10431.035148507859
23604,10431.035148507859
23605,10431.035148507859
23606,10431.035148507859
23607,10334.261453707928
23608,10431.035148507859
23609,10431.035148507859
23610,10356.445960607814
23611,10453.219655407745
23612,10453.219655407745
23613,10453.219655407745
23614,10453.219655407745
23615,10453.219655407745
23616,10453.219655407745
23617,10355.48414986731
23618,10355.48414986731
23619,10355.48414986731
23620,10258.71045506738
23621,10388.224421318486
23622,10291.450726518555
23623,10388.224421318486
23624,10284.956062465968
23625,10284.956062465968
23626,10284.956062465968
23627,10381.729757265899
23628,10284.956062465968
23629,10381.729757265899
23630,10284.956062465968
23631,10381.729757265899
23632,10284.956062465968
23633,10381.729757265899
23634,10381.729757265899
23635,10381.729757265899
23636,10381.729757265899
23637,10381.729757265899
23638,10284.956062465968
23639,10384.355297055885
23640,10384.355297055885
23641,10384.355297055885
23642,10384.355297055885
23643,10341.697915395242
23644,10244.92422059531
23645,10341.697915395242
23646,10341.697915395242
23647,10341.697915395242
23648,10312.061345793814
23649,10312.061345793814
23650,10215.287650993883
23651,10312.061345793814
23652,10312.061345793814
23653,10280.492679066885
23654,10280.492679066885
23655,10280.492679066885
23656,10280.492679066885
23657,10344.375394393594
23658,10344.375394393594
23659,10344.375394393594
23660,10301.14361951057
23661,10397.917314310502
23662,10397.917314310502
23663,10357.191671548999
23664,10260.417976749068
23665,10357.191671548999
23666,10357.191671548999
23667,10357.191671548999
23668,10260.417976749068
23669,10377.0197868481
23670,10280.246092048168
23671,10280.246092048168
23672,10280.246092048168
23673,10382.98886420533
23674,10382.98886420533
23675,10382.98886420533
23676,10382.98886420533
23677,10382.98886420533
23678,10382.98886420533
23679,10382.98886420533
23680,10382.98886420533
23681,10382.98886420533
23682,10286.2151694054
23683,10286.2151694054
23684,10222.820606292875
23685,10222.820606292875
23686,10319.594301092806
23687,10319.594301092806
23688,10319.594301092806
23689,10308.780302945597
23690,10308.780302945597
23691,10308.780302945597
23692,10362.637112715323
23693,10362.637112715323
23694,10362.637112715323
23695,10459.410807515254
23696,10362.637112715323
23697,10362.637112715323
23698,10426.40298588141
23699,10426.40298588141
23700,10426.40298588141
23701,10426.40298588141
23702,10426.40298588141
23703,10426.40298588141
23704,10426.40298588141
23705,10426.40298588141
23706,10426.40298588141
23707,10426.40298588141
23708,10426.40298588141
23709,10413.500076825718
23710,10316.726382025785
23711,10316.726382025785
23712,10413.500076825718
23713,10445.229991683202
23714,10348.45629688327
23715,10445.229991683202
23716,10445.229991683202
23717,10445.229991683202
23718,10338.533519087525
23719,10338.533519087525
23720,10435.307213887456
23721,10338.533519087525
23722,10338.533519087525
23723,10338.533519087525
23724,10435.307213887456
23725,10435.307213887456
23726,10338.533519087525
23727,10435.307213887456
23728,10338.533519087525
23729,10435.307213887456
23730,10435.307213887456
23731,10435.307213887456
23732,10435.307213887456
23733,10338.533519087525
23734,10338.533519087525
23735,10435.307213887456
23736,10323.413726770546
23737,10420.187421570477
23738,10420.187421570477
23739,10403.18766860745
23740,10306.41397380752
23741,10403.18766860745
23742,10403.18766860745
23743,10306.41397380752
23744,10403.18766860745
23745,10403.18766860745
23746,10403.18766860745
23747,10403.18766860745
23748,10403.18766860745
23749,10403.18766860745
23750,10306.41397380752
23751,10403.18766860745
23752,10418.59354425986
23753,10418.59354425986
23754,10321.81984945993
23755,10321.953825858112
23756,10418.727520658043
23757,10321.953825858112
23758,10382.85117940851
23759,10479.62487420844
23760,10382.85117940851
23761,10382.85117940851
23762,10479.62487420844
23763,10479.62487420844
23764,10479.62487420844
23765,10382.85117940851
23766,10501.045221552315
23767,10501.045221552315
23768,10378.337143038738
23769,10475.110837838669
23770,10475.110837838669
23771,10378.337143038738
23772,10378.337143038738
23773,10378.337143038738
23774,10333.940892319437
23775,10430.714587119368
23776,10430.714587119368
23777,10333.940892319437
23778,10430.714587119368
23779,10427.888461044791
23780,10427.888461044791
23781,10427.888461044791
23782,10427.888461044791
23783,10427.888461044791
23784,10427.888461044791
23785,10331.11476624486
23786,10331.11476624486
23787,10427.888461044791
23788,10427.888461044791
23789,10427.888461044791
23790,10427.888461044791
23791,10427.888461044791
23792,10331.11476624486
23793,10427.888461044791
23794,10427.888461044791
23795,10427.888461044791
23796,10331.11476624486
23797,10365.932418820621
23798,10466.943543364963
23799,10466.943543364963
23800,10370.169848565032
23801,10370.169848565032
23802,10370.169848565032
23803,10370.169848565032
23804,10370.169848565032
23805,10450.228757809426
23806,10353.455063009495
23807,10450.228757809426
23808,10450.228757809426
23809,10450.228757809426
23810,10450.228757809426
23811,10450.228757809426
23812,10450.228757809426
23813,10450.228757809426
23814,10450.228757809426
23815,10353.455063009495
23816,10427.062064411504
23817,10427.062064411504
23818,10427.062064411504
23819,10427.062064411504
23820,10330.288369611573
23821,10427.062064411504
23822,10427.062064411504
23823,10427.062064411504
23824,10374.543199559543
23825,10374.543199559543
23826,10374.543199559543
23827,10374.543199559543
23828,10277.769504759612
23829,10374.543199559543
23830,10290.112820640245
23831,10386.886515440176
23832,10386.886515440176
23833,10358.719761837563
23834,10455.493456637494
23835,10455.493456637494
23836,10357.542678979558
23837,10260.768984179627
23838,10260.768984179627
23839,10260.768984179627
23840,10190.96884995855
23841,10287.742544758481
23842,10287.742544758481
23843,10190.96884995855
23844,10262.946242137963
23845,10262.946242137963
23846,10262.946242137963
23847,10262.946242137963
23848,10262.946242137963
23849,10262.946242137963
23850,10262.946242137963
23851,10262.946242137963
23852,10262.946242137963
23853,10262.946242137963
23854,10262.946242137963
23855,10262.946242137963
23856,10262.946242137963
23857,10166.172547338032
23858,10262.946242137963
23859,10268.01115822674
23860,10268.01115822674
23861,10238.762595421284
23862,10141.988900621353
23863,10238.762595421284
23864,10333.504086638532
23865,10333.504086638532
23866,10298.331453785482
23867,10298.331453785482
23868,10201.557758985551
23869,10201.557758985551
23870,10201.557758985551
23871,10298.331453785482
23872,10201.557758985551
23873,10201.557758985551
23874,10342.441379637663
23875,10342.441379637663
23876,10342.441379637663
23877,10288.117331251282
23878,10384.891026051213
23879,10288.117331251282
23880,10384.891026051213
23881,10384.891026051213
23882,10384.891026051213
23883,10384.891026051213
23884,10384.891026051213
23885,10384.891026051213
23886,10372.755806400248
23887,10372.755806400248
23888,10275.982111600317
23889,10372.755806400248
23890,10275.982111600317
23891,10382.048531949933
23892,10382.048531949933
23893,10382.048531949933
23894,10268.150093638555
23895,10268.150093638555
23896,10268.150093638555
23897,10268.150093638555
23898,10242.53274181214
23899,10242.53274181214
23900,10339.30643661207
23901,10339.30643661207
23902,10242.53274181214
23903,10213.573882691062
23904,10310.347577490993
23905,10213.573882691062
23906,10213.573882691062
23907,10238.124636854707
23908,10334.898331654638
23909,10238.124636854707
23910,10334.898331654638
23911,10334.898331654638
23912,10238.124636854707
23913,10334.898331654638
23914,10219.619799048114
23915,10316.393493848045
23916,10316.393493848045
23917,10219.619799048114
23918,10316.393493848045
23919,10316.393493848045
23920,10219.619799048114
23921,10174.210232979482
23922,10174.210232979482
23923,10174.210232979482
23924,10174.210232979482
23925,10174.210232979482
23926,10174.210232979482
23927,10077.43653817955
23928,10298.66377276874
23929,10201.890077968808
23930,10201.890077968808
23931,10414.185590607212
23932,10495.129038594914
23933,10398.355343794983
23934,10398.355343794983
23935,10467.593190774443
23936,10467.593190774443
23937,10370.819495974512
23938,10370.819495974512
23939,10443.318550771517
23940,10443.318550771517
23941,10346.544855971586
23942,10443.318550771517
23943,10346.544855971586
23944,10495.533110722647
23945,10592.306805522578
23946,10495.533110722647
23947,10495.533110722647
23948,10303.66667150657
23949,10400.4403663065
23950,10303.66667150657
23951,10382.999040121134
23952,10382.999040121134
23953,10286.225345321203
23954,10350.099718969135
23955,10350.099718969135
23956,10446.873413769066
23957,10446.873413769066
23958,10433.077119024287
23959,10336.303424224356
23960,10403.533820035049
23961,10306.760125235118
23962,10403.533820035049
23963,10403.533820035049
23964,10403.533820035049
23965,10403.533820035049
23966,10306.760125235118
23967,10403.533820035049
23968,10306.760125235118
23969,10306.760125235118
23970,10403.533820035049
23971,10306.492965408062
23972,10403.266660207993
23973,10403.266660207993
23974,10306.492965408062
23975,10390.072803035555
23976,10390.072803035555
23977,10293.299108235624
23978,10390.072803035555
23979,10304.106722764353
23980,10304.106722764353
23981,10254.637794232958
23982,10254.637794232958
23983,10351.41148903289
23984,10254.637794232958
23985,10305.216963809598
23986,10401.99065860953
23987,10305.216963809598
23988,10401.99065860953
23989,10401.99065860953
23990,10305.216963809598
23991,10401.99065860953
23992,10401.99065860953
23993,10401.99065860953
23994,10401.99065860953
23995,10305.216963809598
23996,10401.99065860953
23997,10357.066301022796
23998,10357.066301022796
23999,10357.066301022796
24000,10250.209101324695
24001,10346.982796124626
24002,10250.209101324695
24003,10346.982796124626
24004,10346.982796124626
24005,10346.982796124626
24006,10250.588649477168
24007,10347.362344277099
24008,10250.588649477168
24009,10347.362344277099
24010,10347.362344277099
24011,10347.362344277099
24012,10313.99446963136
24013,10217.220774831429
24014,10217.220774831429
24015,10228.361423952274
24016,10325.729300850204
24017,10422.502995650135
24018,10422.502995650135
24019,10368.518158473173
24020,10368.518158473173
24021,10368.518158473173
24022,10368.518158473173
24023,10368.518158473173
24024,10271.744463673242
24025,10271.744463673242
24026,10376.4981066406
24027,10376.4981066406
24028,10287.343431621857
24029,10190.569736821926
24030,10320.527183019105
24031,10320.527183019105
24032,10378.578270407212
24033,10475.351965207143
24034,10475.351965207143
24035,10468.843974285337
24036,10468.843974285337
24037,10372.070279485406
24038,10518.305969876343
24039,10518.305969876343
24040,10518.305969876343
24041,10421.532275076412
24042,10642.216641702553
24043,10738.990336502484
24044,10477.746523494789
24045,10477.746523494789
24046,7335.091270484464
24047,7560.930796586511
24048,8024.64788501804
24049,8033.260841889193
24050,7807.67145480527
24051,6234.473720264601
24052,6192.9556035574415
24053,6190.158244567201
24054,7184.351840279178
24055,6197.275951171561
24056,6154.3524414517715
24057,6910.361800404986
24058,6516.628181630302
24059,6421.640605121528
24060,6554.78947509221
24061,6020.064489337461
24062,6759.529230697237
24063,6293.883049872424
24064,6293.883049872424
24065,6246.759865751152
24066,5747.565396495937
24067,5688.274612955457
24068,6369.90860705708
24069,6761.269679161858
24070,6338.333844239152
24071,6430.7872768623965
24072,6430.7872768623965
24073,5598.95834207762
24074,5522.586422581154
24075,5300.106808096329
24076,5300.106808096329
24077,5300.106808096329
24078,5376.478727592795
24079,5287.312948624973
24080,5287.312948624973
24081,5287.312948624973
24082,5287.312948624973
24083,4971.208414031476
24084,4971.208414031476
24085,5575.984826482558
24086,5575.984826482558
24087,5575.984826482558
24088,5575.984826482558
24089,5906.705759870167
24090,5906.705759870167
24091,5906.705759870167
24092,5959.509101020912
24093,5959.509101020912
24094,5959.509101020912
24095,6235.687631627006
24096,6235.687631627006
24097,6235.687631627006
24098,5716.94363885133
24099,5716.94363885133
24100,5716.94363885133
24101,5778.77065448989
24102,5778.77065448989
24103,5778.77065448989
24104,5778.77065448989
24105,6303.12848665994
24106,5844.495638581662
24107,4817.019895993087
24108,5849.326956492525
24109,5849.326956492525
24110,5849.326956492525
24111,5849.326956492525
24112,5849.326956492525
24113,5849.326956492525
24114,5849.326956492525
24115,5924.624988267017
24116,5931.698130388647
24117,5856.400098614155
24118,4904.222387800071
24119,5856.400098614155
24120,5856.400098614155
24121,5859.022798345199
24122,5028.758928780572
24123,5934.320830119691
24124,5859.022798345199
24125,6057.795196170786
24126,6057.795196170786
24127,6057.795196170786
24128,6057.795196170786
24129,5714.194968162054
24130,5768.407181376586
24131,5768.407181376586
24132,5768.407181376586
24133,5768.407181376586
24134,5768.407181376586
24135,5538.092890697753
24136,5946.500682988374
24137,5946.500682988374
24138,5839.608733819799
24139,5914.906765594292
24140,5839.608733819799
24141,5915.104020167241
24142,5990.402051941734
24143,5990.402051941734
24144,5929.940190283627
24145,5929.940190283627
24146,5929.940190283627
24147,5585.392862290559
24148,5510.094830516066
24149,5510.094830516066
24150,5626.99151563486
24151,4695.439634771843
24152,5702.289547409352
24153,5529.900973275185
24154,5454.602941500692
24155,5490.351093706093
24156,5563.1175046068665
24157,5487.819472832374
24158,5487.819472832374
24159,5487.819472832374
24160,5683.719734318636
24161,5683.719734318636
24162,5683.719734318636
24163,5683.719734318636
24164,5683.719734318636
24165,5759.017766093129
24166,4954.991082947111
24167,5886.542963810128
24168,5886.542963810128
24169,4954.991082947111
24170,5758.015311575907
24171,5682.717279801414
24172,5758.015311575907
24173,4758.4398499528115
24174,5694.810356959821
24175,5694.810356959821
24176,5694.810356959821
24177,5694.810356959821
24178,5694.810356959821
24179,5694.810356959821
24180,5694.810356959821
24181,5694.810356959821
24182,5697.470132759863
24183,4761.099625752854
24184,5772.7681645343555
24185,5697.470132759863
24186,5694.653442990333
24187,5694.653442990333
24188,5694.653442990333
24189,5782.49562432269
24190,5782.49562432269
24191,5691.997538519263
24192,5691.997538519263
24193,5691.997538519263
24194,5709.16282701088
24195,5709.16282701088
24196,5784.460858785373
24197,5692.845699031245
24198,5692.845699031245
24199,5692.845699031245
24200,5731.652393757729
24201,5731.652393757729
24202,5731.652393757729
24203,5731.652393757729
24204,5731.652393757729
24205,5731.652393757729
24206,5731.652393757729
24207,5697.292123085883
24208,5697.292123085883
24209,5697.292123085883
24210,5772.590154860375
24211,5697.292123085883
24212,5697.292123085883
24213,5697.292123085883
24214,5698.783920974729
24215,5774.081952749221
24216,5698.783920974729
24217,5774.081952749221
24218,5698.783920974729
24219,5698.783920974729
24220,5698.783920974729
24221,5774.081952749221
24222,4819.738678966417
24223,5698.783920974729
24224,5770.728643190894
24225,5695.430611416402
24226,5770.728643190894
24227,5695.430611416402
24228,5695.430611416402
24229,5815.280262259561
24230,5739.982230485069
24231,5739.982230485069
24232,5739.982230485069
24233,5739.982230485069
24234,5713.964976028667
24235,5713.964976028667
24236,5789.263007803159
24237,5724.32588708273
24238,5934.655402022405
24239,5934.655402022405
24240,6009.953433796897
24241,5934.655402022405
24242,5706.256668759434
24243,5630.958636984942
24244,5708.797952531388
24245,5633.499920756895
24246,5116.307940629921
24247,5841.911903103451
24248,5841.911903103451
24249,6105.512560745469
24250,5625.540448906023
24251,5550.242417131531
24252,5625.540448906023
24253,5550.242417131531
24254,5625.540448906023
24255,5550.242417131531
24256,5605.0518643318255
24257,5680.349896106318
24258,5605.0518643318255
24259,5680.349896106318
24260,5563.533747624666
24261,5638.831779399158
24262,5638.831779399158
24263,5563.533747624666
24264,5563.533747624666
24265,5563.533747624666
24266,5638.831779399158
24267,5638.831779399158
24268,5563.533747624666
24269,5563.533747624666
24270,5563.533747624666
24271,5563.533747624666
24272,5563.533747624666
24273,5563.533747624666
24274,5563.533747624666
24275,5563.533747624666
24276,5563.533747624666
24277,5563.533747624666
24278,5563.533747624666
24279,5560.736388634426
24280,5560.736388634426
24281,5560.736388634426
24282,5560.736388634426
24283,5706.483065881088
24284,5706.483065881088
24285,5706.483065881088
24286,5631.185034106596
24287,5676.198268528115
24288,5676.198268528115
24289,5676.198268528115
24290,5676.198268528115
24291,5676.198268528115
24292,5676.198268528115
24293,5843.319289187194
24294,5768.021257412702
24295,5768.021257412702
24296,5768.021257412702
24297,5768.021257412702
24298,5768.021257412702
24299,5768.021257412702
24300,5768.021257412702
24301,5768.021257412702
24302,5843.319289187194
24303,5753.117198113809
24304,5753.117198113809
24305,5841.37192389654
24306,5916.669955671032
24307,5841.37192389654
24308,5916.669955671032
24309,5841.37192389654
24310,5591.751711891549
24311,5591.751711891549
24312,5674.133393498432
24313,5749.431425272925
24314,5674.133393498432
24315,5758.75876504169
24316,5683.460733267198
24317,5683.460733267198
24318,5683.460733267198
24319,5683.460733267198
24320,5683.460733267198
24321,5683.460733267198
24322,5683.460733267198
24323,5758.75876504169
24324,5683.460733267198
24325,5657.41001719469
24326,5657.41001719469
24327,5674.022855736196
24328,5674.022855736196
24329,5674.022855736196
24330,5934.632064798213
24331,5934.632064798213
24332,6009.930096572705
24333,5934.632064798213
24334,6139.3581684420205
24335,6139.3581684420205
24336,6064.060136667528
24337,5825.784100039516
24338,5825.784100039516
24339,5825.784100039516
24340,6304.777504109948
24341,6304.777504109948
24342,5897.4881493385155
24343,5897.4881493385155
24344,5897.4881493385155
24345,5138.262031128729
24346,5849.39110649929
24347,5849.39110649929
24348,5849.39110649929
24349,6390.847181840194
24350,6154.36033243281
24351,6154.36033243281
24352,6154.36033243281
24353,6370.621816942115
24354,6370.621816942115
24355,6009.592270038443
24356,6009.592270038443
24357,6084.890301812935
24358,6009.592270038443
24359,5983.459360727577
24360,5908.161328953085
24361,5908.161328953085
24362,6635.196748801745
24363,6635.196748801745
24364,6710.494780576238
24365,5959.741324869664
24366,5959.741324869664
24367,5959.741324869664
24368,6429.327044718087
24369,6354.029012943594
24370,6354.029012943594
24371,6354.029012943594
24372,6119.526451362463
24373,6119.526451362463
24374,6119.526451362463
24375,5932.692019513735
24376,6344.65061562404
24377,6244.051353480909
24378,6244.051353480909
24379,6244.051353480909
24380,6102.157412957694
24381,6102.157412957694
24382,5342.9312947479075
24383,5785.522914141525
24384,5785.522914141525
24385,5868.985259260196
24386,5793.687227485703
24387,5855.290583412307
24388,5855.290583412307
24389,5779.992551637814
24390,5745.943349817818
24391,5745.943349817818
24392,5745.943349817818
24393,5821.24138159231
24394,5745.943349817818
24395,5984.410974327847
24396,5149.886824343569
24397,5909.1129425533545
24398,5842.803086988268
24399,5918.10111876276
24400,5083.576968778481
24401,5842.803086988268
24402,5842.803086988268
24403,5842.803086988268
24404,5083.576968778481
24405,5842.803086988268
24406,5823.9251154006315
24407,5823.9251154006315
24408,5823.9251154006315
24409,5705.528468118069
24410,5705.528468118069
24411,5705.528468118069
24412,5705.528468118069
24413,4946.302349908284
24414,5705.528468118069
24415,5705.528468118069
24416,5705.528468118069
24417,5705.528468118069
24418,5738.991747488866
24419,5814.2897792633585
24420,5715.864017047866
24421,5791.162048822358
24422,5715.864017047866
24423,5791.162048822358
24424,5715.864017047866
24425,5791.162048822358
24426,6329.256916515761
24427,6329.256916515761
24428,6329.256916515761
24429,5727.502693420972
24430,5727.502693420972
24431,5802.800725195464
24432,5792.116167385452
24433,5792.116167385452
24434,5792.116167385452
24435,5792.116167385452
24436,5792.116167385452
24437,5867.4141991599445
24438,5792.116167385452
24439,5975.961933386121
24440,5975.961933386121
24441,5216.735815176336
24442,5980.426583589828
24443,5980.426583589828
24444,5980.426583589828
24445,5767.547579189508
24446,5767.547579189508
24447,5842.845610964
24448,5842.845610964
24449,5756.3333799346
24450,5756.3333799346
24451,5756.3333799346
24452,5831.631411709092
24453,5771.669877654558
24454,5771.669877654558
24455,5771.669877654558
24456,5771.669877654558
24457,5793.843236868217
24458,5981.521213652816
24459,6056.8192454273085
24460,6056.8192454273085
24461,5730.931817646245
24462,5730.931817646245
24463,5633.797980782594
24464,5146.603220427491
24465,5713.853313551946
24466,5638.555281777453
24467,5713.853313551946
24468,5638.555281777453
24469,5631.764454853492
24470,5631.764454853492
24471,5631.764454853492
24472,5631.764454853492
24473,5741.955562386602
24474,5741.955562386602
24475,5698.3246596472245
24476,5698.3246596472245
24477,5377.145107343238
24478,5774.836595089453
24479,5774.836595089453
24480,5774.836595089453
24481,5774.836595089453
24482,5774.836595089453
24483,5774.836595089453
24484,5764.0225969422445
24485,5776.1263425968245
24486,5776.1263425968245
24487,5776.1263425968245
24488,5851.424374371317
24489,5776.1263425968245
24490,5776.1263425968245
24491,5851.424374371317
24492,5851.424374371317
24493,5851.424374371317
24494,5776.1263425968245
24495,5851.424374371317
24496,5776.1263425968245
24497,5776.1263425968245
24498,5682.557285216776
24499,5682.557285216776
24500,5682.557285216776
24501,5757.855316991268
24502,5753.538940479721
24503,5753.538940479721
24504,5753.538940479721
24505,5724.571204071919
24506,5724.571204071919
24507,5799.869235846411
24508,5724.571204071919
24509,5724.571204071919
24510,5724.571204071919
24511,5799.869235846411
24512,5724.571204071919
24513,5724.571204071919
24514,5724.571204071919
24515,5799.869235846411
24516,5799.869235846411
24517,5724.571204071919
24518,5724.571204071919
24519,5717.441354347575
24520,5352.533741309755
24521,5719.24176260092
24522,5719.24176260092
24523,5719.24176260092
24524,5794.539794375412
24525,5719.24176260092
24526,5719.24176260092
24527,5794.539794375412
24528,5794.539794375412
24529,5719.24176260092
24530,5719.24176260092
24531,5794.539794375412
24532,5719.24176260092
24533,5719.24176260092
24534,5719.24176260092
24535,5719.24176260092
24536,5719.24176260092
24537,5717.700134090318
24538,5717.700134090318
24539,5764.73969783621
24540,5840.037729610703
24541,5840.037729610703
24542,5764.73969783621
24543,5778.017226213673
24544,5702.719194439181
24545,5702.719194439181
24546,5702.719194439181
24547,5702.719194439181
24548,5702.719194439181
24549,5687.003999038818
24550,5687.003999038818
24551,5687.003999038818
24552,5687.003999038818
24553,5687.003999038818
24554,5672.118578479648
24555,5672.118578479648
24556,5672.118578479648
24557,5672.118578479648
24558,5672.118578479648
24559,5672.118578479648
24560,5672.118578479648
24561,5672.118578479648
24562,5747.41661025414
24563,5672.118578479648
24564,5672.118578479648
24565,5672.118578479648
24566,5672.118578479648
24567,5672.118578479648
24568,5707.767661636508
24569,5707.767661636508
24570,5783.065693411
24571,5707.767661636508
24572,5707.767661636508
24573,5707.767661636508
24574,5707.767661636508
24575,5707.767661636508
24576,5707.767661636508
24577,5707.767661636508
24578,5707.767661636508
24579,5707.767661636508
24580,5783.065693411
24581,5783.065693411
24582,5707.767661636508
24583,5693.159667660839
24584,5693.159667660839
24585,5693.159667660839
24586,5693.159667660839
24587,5768.457699435331
24588,5693.159667660839
24589,5699.026487783837
24590,5699.026487783837
24591,5699.026487783837
24592,5699.026487783837
24593,5774.3245195583295
24594,5656.002485312439
24595,5731.300517086931
24596,5656.002485312439
24597,5637.398660719563
24598,5712.696692494055
24599,5665.525633978566
24600,5820.824615888015
24601,5820.824615888015
24602,5820.824615888015
24603,5786.462328543446
24604,5786.462328543446
24605,5861.760360317939
24606,5786.462328543446
24607,5857.099435993967
24608,5781.8014042194745
24609,5781.8014042194745
24610,5781.8014042194745
24611,5857.099435993967
24612,5745.396899924468
24613,5745.396899924468
24614,5745.396899924468
24615,5745.396899924468
24616,5745.396899924468
24617,5745.396899924468
24618,5820.69493169896
24619,5686.106116383988
24620,5761.40414815848
24621,5791.741163405722
24622,5716.443131631229
24623,5791.741163405722
24624,5710.573097660931
24625,5710.573097660931
24626,5710.573097660931
24627,5710.573097660931
24628,5710.573097660931
24629,5710.573097660931
24630,5710.573097660931
24631,5710.573097660931
24632,5790.258839345895
24633,5714.960807571402
24634,5714.960807571402
24635,5714.960807571402
24636,5714.960807571402
24637,5714.960807571402
24638,5714.960807571402
24639,5714.960807571402
24640,5732.0977671942
24641,5807.395798968692
24642,5732.0977671942
24643,5793.814670398258
24644,5718.516638623766
24645,5776.427825661256
24646,5776.427825661256
24647,5776.427825661256
24648,5652.214883159667
24649,5652.214883159667
24650,5754.661035087897
24651,5862.9626809746305
24652,5862.9626809746305
24653,5862.9626809746305
24654,5862.9626809746305
24655,5862.9626809746305
24656,5862.9626809746305
24657,5862.9626809746305
24658,5862.9626809746305
24659,4957.51469068992
24660,5463.527621672702
24661,5463.527621672702
24662,5753.871097522695
24663,5829.169129297187
24664,5829.169129297187
24665,5753.871097522695
24666,5829.169129297187
24667,5753.871097522695
24668,6056.957538921784
24669,5981.659507147292
24670,5981.659507147292
24671,5981.659507147292
24672,5775.18610483193
24673,5775.18610483193
24674,5775.18610483193
24675,5766.187206268462
24676,5766.187206268462
24677,5568.020568244231
24678,5678.6000198322845
24679,5603.301988057792
24680,5603.301988057792
24681,5603.301988057792
24682,5678.6000198322845
24683,5603.301988057792
24684,5603.301988057792
24685,5595.76523960276
24686,5671.063271377252
24687,5595.76523960276
24688,5595.76523960276
24689,5605.460985981536
24690,5154.627357559005
24691,5752.080379210918
24692,5752.080379210918
24693,5783.284336864127
24694,5783.284336864127
24695,5783.284336864127
24696,5768.587851641023
24697,5768.587851641023
24698,5632.85815322761
24699,5632.85815322761
24700,5730.438097300469
24701,5655.140065525977
24702,5761.934100072242
24703,5926.512742259357
24704,5926.512742259357
24705,5926.512742259357
24706,5926.512742259357
24707,5926.512742259357
24708,5739.524256259606
24709,5739.524256259606
24710,5739.524256259606
24711,5732.59752984471
24712,5281.763901422179
24713,6054.795650801423
24714,5979.497619026931
24715,5756.639840831592
24716,5756.639840831592
24717,5756.639840831592
24718,5305.806212409059
24719,5644.280100025892
24720,5644.280100025892
24721,5937.471318796041
24722,5937.471318796041
24723,5937.471318796041
24724,5871.854756406032
24725,5871.854756406032
24726,5693.596006059648
24727,5693.596006059648
24728,5693.596006059648
24729,5693.596006059648
24730,5768.89403783414
24731,5666.1483243839375
24732,5666.1483243839375
24733,5741.44635615843
24734,5691.979925138448
24735,5287.169691595698
24736,5691.979925138448
24737,5691.979925138448
24738,5691.979925138448
24739,5691.979925138448
24740,5691.979925138448
24741,5691.979925138448
24742,5691.979925138448
24743,5691.979925138448
24744,5691.979925138448
24745,5720.056177830518
24746,5795.3542096050105
24747,5394.869944720717
24748,5394.869944720717
24749,5394.869944720717
24750,5726.519690860892
24751,5540.7325601902585
24752,5540.7325601902585
24753,5616.030591964751
24754,5644.326313580968
24755,5644.326313580968
24756,5644.326313580968
24757,5644.326313580968
24758,5569.028281806476
24759,5569.028281806476
24760,5544.3294482360425
24761,5500.194212201992
24762,5500.194212201992
24763,5500.194212201992
24764,5548.1055975924555
24765,5548.1055975924555
24766,5691.738582068138
24767,5616.440550293646
24768,5512.9430180965155
24769,5194.825493207677
24770,5512.9430180965155
24771,5581.399267310612
24772,5581.399267310612
24773,6383.712809881019
24774,6459.403151236459
24775,6492.973590973816
24776,6437.92622831087
24777,6584.656802917657
24778,6584.656802917657
24779,6529.609440254711
24780,6584.656802917657
24781,6567.845596328456
24782,6567.845596328456
24783,6567.845596328456
24784,6512.79823366551
24785,6567.845596328456
24786,6621.115273846231
24787,6566.067911183285
24788,6621.115273846231
24789,6652.211921874641
24790,6652.211921874641
24791,6652.211921874641
24792,6599.749559983998
24793,6599.749559983998
24794,6551.457113635164
24795,6551.457113635164
24796,6551.457113635164
24797,6587.171192951726
24798,6587.171192951726
24799,6534.7088310610825
24800,6534.7088310610825
24801,6479.50998938894
24802,6427.047627498297
24803,6427.047627498297
24804,6427.047627498297
24805,6554.8390035223265
24806,6502.376641631683
24807,6502.376641631683
24808,6554.8390035223265
24809,6504.8251717613275
24810,6504.8251717613275
24811,6504.8251717613275
24812,6504.8251717613275
24813,6504.8251717613275
24814,6554.3518523335215
24815,6554.3518523335215
24816,6554.3518523335215
24817,6592.189736116931
24818,6592.189736116931
24819,6572.129031847697
24820,6519.666669957053
24821,6572.129031847697
24822,6519.666669957053
24823,6598.733286118489
24824,6598.733286118489
24825,6598.733286118489
24826,6598.733286118489
24827,6585.068684615215
24828,6532.606322724571
24829,6585.068684615215
24830,6585.068684615215
24831,6532.606322724571
24832,6587.691384346259
24833,6587.691384346259
24834,6587.691384346259
24835,6587.691384346259
24836,6587.691384346259
24837,6587.691384346259
24838,6535.229022455615
24839,6535.229022455615
24840,6535.229022455615
24841,6495.632827850109
24842,6548.095189740752
24843,6517.601037676182
24844,6570.063399566826
24845,6517.601037676182
24846,6517.601037676182
24847,6517.601037676182
24848,6451.464603824345
24849,6503.926965714989
24850,6607.118017449469
24851,6607.118017449469
24852,6554.655655558826
24853,6607.118017449469
24854,6607.118017449469
24855,6607.118017449469
24856,6607.118017449469
24857,6607.118017449469
24858,6607.118017449469
24859,6607.118017449469
24860,6607.118017449469
24861,6613.285874011501
24862,6560.823512120857
24863,6613.285874011501
24864,6613.285874011501
24865,6568.703224460572
24866,6568.703224460572
24867,6516.240862569928
24868,6496.121020997979
24869,6548.5833828886225
24870,6548.5833828886225
24871,6548.5833828886225
24872,6569.578022551011
24873,6517.115660660367
24874,6569.578022551011
24875,6569.578022551011
24876,6569.578022551011
24877,6569.578022551011
24878,6569.578022551011
24879,6569.578022551011
24880,6569.578022551011
24881,6517.115660660367
24882,6569.578022551011
24883,6569.578022551011
24884,6569.578022551011
24885,6517.115660660367
24886,6517.115660660367
24887,6569.578022551011
24888,6569.578022551011
24889,6517.115660660367
24890,6517.115660660367
24891,6569.578022551011
24892,6569.578022551011
24893,6517.115660660367
24894,6569.578022551011
24895,6569.578022551011
24896,6562.303571536598
24897,6509.841209645954
24898,6562.303571536598
24899,6562.303571536598
24900,6574.396648695004
24901,6521.93428680436
24902,6574.396648695004
24903,6521.93428680436
24904,6521.93428680436
24905,6521.93428680436
24906,6574.396648695004
24907,6574.396648695004
24908,6574.396648695004
24909,6521.93428680436
24910,6521.93428680436
24911,6571.516041054219
24912,6571.516041054219
24913,6571.516041054219
24914,6571.516041054219
24915,6519.053679163576
24916,6540.083154646143
24917,6540.083154646143
24918,6540.083154646143
24919,6540.083154646143
24920,6540.083154646143
24921,6540.083154646143
24922,6540.083154646143
24923,6540.083154646143
24924,6540.083154646143
24925,6487.6207927555
24926,6540.083154646143
24927,6540.083154646143
24928,6487.6207927555
24929,6487.6207927555
24930,6540.083154646143
24931,6540.083154646143
24932,6511.986882692193
24933,6564.449244582836
24934,6564.449244582836
24935,6583.638881210922
24936,6583.638881210922
24937,6531.176519320278
24938,6531.176519320278
24939,6583.638881210922
24940,6531.176519320278
24941,6583.638881210922
24942,6583.638881210922
24943,6531.176519320278
24944,6511.6453533620315
24945,6564.107715252675
24946,6564.107715252675
24947,6564.107715252675
24948,6511.6453533620315
24949,6511.6453533620315
24950,6564.107715252675
24951,6565.599513141521
24952,6565.599513141521
24953,6565.599513141521
24954,6513.137151250878
24955,6565.599513141521
24956,6513.137151250878
24957,6513.137151250878
24958,6513.137151250878
24959,6565.599513141521
24960,6565.599513141521
24961,6513.137151250878
24962,6562.246203583194
24963,6562.246203583194
24964,6562.246203583194
24965,6562.246203583194
24966,6562.246203583194
24967,6558.204219989539
24968,6505.741858098895
24969,6505.741858098895
24970,6505.741858098895
24971,6558.204219989539
24972,6513.569555595153
24973,6513.569555595153
24974,6566.031917485797
24975,6566.031917485797
24976,6576.392828539861
24977,6576.392828539861
24978,6576.392828539861
24979,6576.392828539861
24980,6576.392828539861
24981,6523.930466649217
24982,6560.254868514226
24983,6507.792506623582
24984,6562.796152286179
24985,6562.796152286179
24986,6562.796152286179
24987,6562.796152286179
24988,6562.796152286179
24989,6562.796152286179
24990,6562.796152286179
24991,6562.796152286179
24992,6562.796152286179
24993,6562.796152286179
24994,6562.796152286179
24995,6562.796152286179
24996,6562.796152286179
24997,6510.333790395535
24998,6562.796152286179
24999,6562.796152286179
25000,6562.796152286179
25001,6562.796152286179
25002,6562.796152286179
25003,6562.796152286179
25004,6562.796152286179
25005,6562.796152286179
25006,6562.796152286179
25007,6510.333790395535
25008,6562.796152286179
25009,6562.796152286179
25010,6562.796152286179
25011,6510.333790395535
25012,6510.333790395535
25013,6562.796152286179
25014,6562.796152286179
25015,6562.796152286179
25016,6510.333790395535
25017,6562.796152286179
25018,6510.333790395535
25019,6562.796152286179
25020,6562.796152286179
25021,6562.796152286179
25022,6562.796152286179
25023,6510.333790395535
25024,6562.796152286179
25025,6510.333790395535
25026,6510.333790395535
25027,6510.333790395535
25028,6569.0849434351185
25029,6569.0849434351185
25030,6516.622581544475
25031,6516.622581544475
25032,6569.0849434351185
25033,6569.0849434351185
25034,6569.0849434351185
25035,6569.0849434351185
25036,6569.0849434351185
25037,6516.622581544475
25038,6569.0849434351185
25039,6516.622581544475
25040,6569.0849434351185
25041,6569.0849434351185
25042,6516.622581544475
25043,6569.0849434351185
25044,6569.0849434351185
25045,6585.576347871896
25046,6533.113985981253
25047,6585.576347871896
25048,6585.576347871896
25049,6533.113985981253
25050,6585.576347871896
25051,6585.576347871896
25052,6533.113985981253
25053,6585.576347871896
25054,6585.576347871896
25055,6585.576347871896
25056,6585.576347871896
25057,6585.576347871896
25058,6585.576347871896
25059,6585.576347871896
25060,6533.113985981253
25061,6585.576347871896
25062,6533.113985981253
25063,6588.8361301847945
25064,6588.8361301847945
25065,6536.373768294151
25066,6588.8361301847945
25067,6536.373768294151
25068,6598.16346995356
25069,6598.16346995356
25070,6545.701108062916
25071,6545.701108062916
25072,6545.701108062916
25073,6598.16346995356
25074,6545.701108062916
25075,6545.701108062916
25076,6545.701108062916
25077,6598.16346995356
25078,6545.701108062916
25079,6606.0941574687995
25080,6598.16346995356
25081,6598.16346995356
25082,6505.788724713944
25083,6572.7285937374545
25084,6505.788724713944
25085,6562.5565181669535
25086,6562.5565181669535
25087,6562.5565181669535
25088,6562.5565181669535
25089,6495.616649143443
25090,6562.5565181669535
25091,6562.5565181669535
25092,6562.5565181669535
25093,6562.5565181669535
25094,6562.5565181669535
25095,6568.500242928351
25096,6501.560373904841
25097,6501.560373904841
25098,6568.500242928351
25099,6568.500242928351
25100,6568.500242928351
25101,6501.560373904841
25102,6501.560373904841
25103,6501.560373904841
25104,6568.500242928351
25105,6568.500242928351
25106,6568.137529126189
25107,6568.137529126189
25108,6501.197660102679
25109,6568.137529126189
25110,6568.137529126189
25111,6535.217026498274
25112,6468.277157474764
25113,6535.217026498274
25114,6468.277157474764
25115,6535.217026498274
25116,6468.277157474764
25117,6468.277157474764
25118,6535.217026498274
25119,6468.277157474764
25120,6535.217026498274
25121,6535.217026498274
25122,6535.217026498274
25123,6535.217026498274
25124,6535.217026498274
25125,6535.217026498274
25126,6468.277157474764
25127,6535.217026498274
25128,6535.217026498274
25129,6516.757101793251
25130,6516.757101793251
25131,6449.817232769741
25132,6516.757101793251
25133,6449.817232769741
25134,6449.817232769741
25135,6516.757101793251
25136,6449.817232769741
25137,6516.757101793251
25138,6516.757101793251
25139,6449.817232769741
25140,6449.817232769741
25141,6516.757101793251
25142,6543.582685646396
25143,6518.281455277757
25144,6518.281455277757
25145,6451.341586254247
25146,6518.281455277757
25147,6557.653761541098
25148,6557.653761541098
25149,6557.653761541098
25150,6557.653761541098
25151,6499.208039376771
25152,6566.147908400281
25153,6566.147908400281
25154,6566.147908400281
25155,6566.147908400281
25156,6566.147908400281
25157,6566.147908400281
25158,6604.152268451819
25159,6604.152268451819
25160,6604.152268451819
25161,6537.212399428308
25162,6537.212399428308
25163,6537.212399428308
25164,6604.152268451819
25165,6537.212399428308
25166,6619.176875972507
25167,6619.176875972507
25168,6619.176875972507
25169,6552.237006948997
25170,6539.146588779949
25171,6606.086457803459
25172,6606.086457803459
25173,6606.086457803459
25174,6606.086457803459
25175,6606.086457803459
25176,6606.086457803459
25177,6606.086457803459
25178,6548.310606934039
25179,6548.310606934039
25180,6606.086457803459
25181,6606.086457803459
25182,6606.086457803459
25183,6548.310606934039
25184,6606.086457803459
25185,6606.086457803459
25186,6548.310606934039
25187,6548.310606934039
25188,6606.086457803459
25189,6606.086457803459
25190,6606.086457803459
25191,6606.086457803459
25192,6548.310606934039
25193,6606.086457803459
25194,6606.086457803459
25195,6548.310606934039
25196,6606.086457803459
25197,6606.086457803459
25198,6606.086457803459
25199,6606.086457803459
25200,6606.086457803459
25201,6606.086457803459
25202,6596.747572918985
25203,6596.747572918985
25204,6596.747572918985
25205,6538.971722049565
25206,6596.747572918985
25207,6538.971722049565
25208,6596.747572918985
25209,6524.496984721748
25210,6524.496984721748
25211,6524.496984721748
25212,6582.272835591168
25213,6524.496984721748
25214,6582.272835591168
25215,6524.496984721748
25216,6582.272835591168
25217,6524.496984721748
25218,6582.272835591168
25219,6582.272835591168
25220,6582.272835591168
25221,6582.272835591168
25222,6582.272835591168
25223,6524.496984721748
25224,6558.584939218279
25225,6558.584939218279
25226,6558.584939218279
25227,6558.584939218279
25228,6528.529663142087
25229,6470.753812272667
25230,6528.529663142087
25231,6528.529663142087
25232,6528.529663142087
25233,6528.529663142087
25234,6528.529663142087
25235,6470.753812272667
25236,6528.529663142087
25237,6528.529663142087
25238,6530.2313179414905
25239,6530.2313179414905
25240,6530.2313179414905
25241,6530.2313179414905
25242,6536.339759182463
25243,6536.339759182463
25244,6536.339759182463
25245,6495.766078311967
25246,6553.541929181387
25247,6553.541929181387
25248,6558.299230176246
25249,6500.523379306826
25250,6558.299230176246
25251,6558.299230176246
25252,6558.299230176246
25253,6500.523379306826
25254,6573.414161970759
25255,6515.638311101339
25256,6515.638311101339
25257,6515.638311101339
25258,6576.749378170291
25259,6576.749378170291
25260,6576.749378170291
25261,6576.749378170291
25262,6576.749378170291
25263,6576.749378170291
25264,6576.749378170291
25265,6576.749378170291
25266,6576.749378170291
25267,6518.973527300871
25268,6518.973527300871
25269,6518.973527300871
25270,6518.973527300871
25271,6576.749378170291
25272,6576.749378170291
25273,6576.749378170291
25274,6565.935380023082
25275,6565.935380023082
25276,6565.935380023082
25277,6520.263274808242
25278,6520.263274808242
25279,6520.263274808242
25280,6578.039125677662
25281,6520.263274808242
25282,6520.263274808242
25283,6578.039125677662
25284,6578.039125677662
25285,6578.039125677662
25286,6578.039125677662
25287,6578.039125677662
25288,6578.039125677662
25289,6578.039125677662
25290,6578.039125677662
25291,6578.039125677662
25292,6578.039125677662
25293,6578.039125677662
25294,6565.13621662197
25295,6507.36036575255
25296,6507.36036575255
25297,6565.13621662197
25298,6591.430393966927
25299,6533.6545430975075
25300,6591.430393966927
25301,6591.430393966927
25302,6591.430393966927
25303,6523.731765301761
25304,6523.731765301761
25305,6581.50761617118
25306,6523.731765301761
25307,6523.731765301761
25308,6523.731765301761
25309,6581.50761617118
25310,6581.50761617118
25311,6523.731765301761
25312,6581.50761617118
25313,6523.731765301761
25314,6581.50761617118
25315,6581.50761617118
25316,6581.50761617118
25317,6581.50761617118
25318,6523.731765301761
25319,6523.731765301761
25320,6581.50761617118
25321,6516.601915577417
25322,6574.377766446836
25323,6574.377766446836
25324,6576.178174700181
25325,6518.402323830762
25326,6576.178174700181
25327,6576.178174700181
25328,6518.402323830762
25329,6576.178174700181
25330,6576.178174700181
25331,6576.178174700181
25332,6576.178174700181
25333,6576.178174700181
25334,6576.178174700181
25335,6518.402323830762
25336,6576.178174700181
25337,6576.178174700181
25338,6576.178174700181
25339,6518.402323830762
25340,6518.402323830762
25341,6576.178174700181
25342,6518.402323830762
25343,6516.86069532016
25344,6574.636546189579
25345,6516.86069532016
25346,6534.582187190365
25347,6592.358038059785
25348,6592.358038059785
25349,6592.358038059785
25350,6534.582187190365
25351,6559.655606538442
25352,6559.655606538442
25353,6501.879755669022
25354,6559.655606538442
25355,6559.655606538442
25356,6501.879755669022
25357,6501.879755669022
25358,6501.879755669022
25359,6486.164560268659
25360,6543.940411138079
25361,6543.940411138079
25362,6486.164560268659
25363,6543.940411138079
25364,6541.114285063501
25365,6541.114285063501
25366,6541.114285063501
25367,6541.114285063501
25368,6541.114285063501
25369,6541.114285063501
25370,6483.338434194081
25371,6483.338434194081
25372,6541.114285063501
25373,6541.114285063501
25374,6541.114285063501
25375,6541.114285063501
25376,6541.114285063501
25377,6483.338434194081
25378,6541.114285063501
25379,6541.114285063501
25380,6541.114285063501
25381,6483.338434194081
25382,6506.92822286635
25383,6564.704073735769
25384,6564.704073735769
25385,6506.92822286635
25386,6506.92822286635
25387,6506.92822286635
25388,6506.92822286635
25389,6506.92822286635
25390,6564.704073735769
25391,6506.92822286635
25392,6564.704073735769
25393,6564.704073735769
25394,6564.704073735769
25395,6564.704073735769
25396,6564.704073735769
25397,6564.704073735769
25398,6564.704073735769
25399,6564.704073735769
25400,6506.92822286635
25401,6550.0960797601
25402,6550.0960797601
25403,6550.0960797601
25404,6550.0960797601
25405,6492.3202288906805
25406,6550.0960797601
25407,6550.0960797601
25408,6550.0960797601
25409,6550.0960797601
25410,6550.0960797601
25411,6550.0960797601
25412,6550.0960797601
25413,6492.3202288906805
25414,6550.0960797601
25415,6492.3202288906805
25416,6550.0960797601
25417,6550.0960797601
25418,6492.3202288906805
25419,6550.0960797601
25420,6502.92502124461
25421,6590.392903460447
25422,6532.6170525910275
25423,6532.6170525910275
25424,6532.6170525910275
25425,6498.254765246459
25426,6556.030616115879
25427,6556.030616115879
25428,6498.254765246459
25429,6551.369691791907
25430,6551.369691791907
25431,6551.369691791907
25432,6551.369691791907
25433,6551.369691791907
25434,6551.369691791907
25435,6551.369691791907
25436,6551.369691791907
25437,6551.369691791907
25438,6551.369691791907
25439,6551.369691791907
25440,6551.369691791907
25441,6551.369691791907
25442,6493.593840922487
25443,6551.369691791907
25444,6531.293111757912
25445,6531.293111757912
25446,6561.630127005154
25447,6503.854276135734
25448,6561.630127005154
25449,6561.630127005154
25450,6561.630127005154
25451,6561.630127005154
25452,6561.630127005154
25453,6503.854276135734
25454,6503.854276135734
25455,6503.854276135734
25456,6561.630127005154
25457,6503.854276135734
25458,6503.854276135734
25459,6566.017836915625
25460,6566.017836915625
25461,6566.017836915625
25462,6508.241986046205
25463,6566.017836915625
25464,6508.241986046205
25465,6566.017836915625
25466,6566.017836915625
25467,6566.017836915625
25468,6566.017836915625
25469,6566.017836915625
25470,6566.017836915625
25471,6579.8399720714915
25472,6579.8399720714915
25473,6522.064121202072
25474,6579.8399720714915
25475,6522.064121202072
25476,6579.8399720714915
25477,6579.8399720714915
25478,6579.8399720714915
25479,6579.8399720714915
25480,6579.8399720714915
25481,6579.8399720714915
25482,6579.8399720714915
25483,6522.064121202072
25484,6522.064121202072
25485,6579.8399720714915
25486,6579.8399720714915
25487,6522.064121202072
25488,6493.105262080992
25489,6550.881112950412
25490,6493.105262080992
25491,6493.105262080992
25492,6502.865304194105
25493,6560.641155063525
25494,6502.865304194105
25495,6560.641155063525
25496,6560.641155063525
25497,6502.865304194105
25498,6560.641155063525
25499,6502.865304194105
25500,6560.641155063525
25501,6560.641155063525
25502,6502.865304194105
25503,6560.641155063525
25504,6560.641155063525
25505,6502.865304194105
25506,6541.885898367739
25507,6541.885898367739
25508,6541.885898367739
25509,6541.885898367739
25510,6541.885898367739
25511,6541.885898367739
25512,6484.11004749832
25513,6562.9952431369775
25514,6505.219392267558
25515,6505.219392267558
25516,6508.521714152294
25517,6566.297565021714
25518,6508.521714152294
25519,6508.521714152294
25520,6566.297565021714
25521,6566.297565021714
25522,6508.521714152294
25523,6508.521714152294
25524,6558.760816566682
25525,6558.760816566682
25526,6500.984965697262
25527,6558.760816566682
25528,6500.984965697262
25529,6510.680712076039
25530,6568.456562945458
25531,6500.32801312001
25532,6500.32801312001
25533,6500.32801312001
25534,6558.10386398943
25535,6500.32801312001
25536,6565.895138900239
25537,6565.895138900239
25538,6508.119288030819
25539,6499.748874268217
25540,6499.748874268217
25541,6557.524725137637
25542,6557.524725137637
25543,6557.524725137637
25544,6499.748874268217
25545,6557.524725137637
25546,6499.748874268217
25547,6557.524725137637
25548,6557.524725137637
25549,6557.524725137637
25550,6557.524725137637
25551,6499.748874268217
25552,6557.524725137637
25553,6499.748874268217
25554,6499.748874268217
25555,6557.524725137637
25556,6499.748874268217
25557,6557.524725137637
25558,6539.340799406563
25559,6481.564948537143
25560,6573.361433428061
25561,6573.361433428061
25562,6515.585582558641
25563,6573.361433428061
25564,6515.585582558641
25565,6515.585582558641
25566,6489.917219612186
25567,6489.917219612186
25568,6547.693070481606
25569,6489.917219612186
25570,6518.041020386557
25571,6575.816871255976
25572,6518.041020386557
25573,6575.816871255976
25574,6575.816871255976
25575,6518.041020386557
25576,6575.816871255976
25577,6575.816871255976
25578,6575.816871255976
25579,6567.995766958042
25580,6510.219916088622
25581,6567.995766958042
25582,6563.078471340539
25583,6563.078471340539
25584,6563.078471340539
25585,6505.30262047112
25586,6563.078471340539
25587,6505.30262047112
25588,6563.078471340539
25589,6563.078471340539
25590,6563.078471340539
25591,6505.30262047112
25592,6563.078471340539
25593,6505.30262047112
25594,6563.078471340539
25595,6563.078471340539
25596,6563.078471340539
25597,6498.479052780011
25598,6440.703201910592
25599,6440.703201910592
25600,6504.86626695506
25601,6492.582448680975
25602,6550.358299550395
25603,6550.358299550395
25604,6507.103689833027
25605,6507.103689833027
25606,6507.103689833027
25607,6507.103689833027
25608,6507.103689833027
25609,6449.327838963607
25610,6449.327838963607
25611,6513.031276719923
25612,6513.031276719923
25613,6467.923388832173
25614,6410.147537962754
25615,6511.199685762089
25616,6511.199685762089
25617,6426.868813415801
25618,6484.644664285221
25619,6484.644664285221
25620,6484.644664285221
25621,6484.644664285221
25622,6426.868813415801
25623,6484.644664285221
25624,6484.644664285221
25625,6484.644664285221
25626,6426.868813415801
25627,6349.670234864211
25628,6407.446085733631
25629,6712.299041195733
25630,6712.299041195733
25631,6367.005699220463
25632,6317.154222946127
25633,6458.688911164304
25634,6458.688911164304
25635,6408.837434889969
25636,6458.688911164304
25637,6441.877704575103
25638,6441.877704575103
25639,6441.877704575103
25640,6392.026228300768
25641,6441.877704575103
25642,6495.147382092878
25643,6445.295905818542
25644,6495.147382092878
25645,6534.779914488398
25646,6534.779914488398
25647,6534.779914488398
25648,6487.513438986365
25649,6487.513438986365
25650,6439.220992637532
25651,6439.220992637532
25652,6439.220992637532
25653,6469.739185565483
25654,6469.739185565483
25655,6422.47271006345
25656,6422.47271006345
25657,6396.0098702545865
25658,6348.743394752553
25659,6348.743394752553
25660,6348.743394752553
25661,6437.406996136084
25662,6390.1405206340505
25663,6390.1405206340505
25664,6437.406996136084
25665,6387.393164375085
25666,6387.393164375085
25667,6387.393164375085
25668,6387.393164375085
25669,6387.393164375085
25670,6436.919844947279
25671,6436.919844947279
25672,6436.919844947279
25673,6474.7577287306885
25674,6474.7577287306885
25675,6454.697024461454
25676,6407.430548959421
25677,6454.697024461454
25678,6407.430548959421
25679,6481.301278732246
25680,6481.301278732246
25681,6481.301278732246
25682,6481.301278732246
25683,6467.636677228972
25684,6420.370201726939
25685,6467.636677228972
25686,6467.636677228972
25687,6420.370201726939
25688,6467.636677228972
25689,6467.636677228972
25690,6467.636677228972
25691,6467.636677228972
25692,6467.636677228972
25693,6467.636677228972
25694,6420.370201726939
25695,6420.370201726939
25696,6420.370201726939
25697,6411.862454825888
25698,6459.128930327921
25699,6411.862454825888
25700,6459.128930327921
25701,6411.862454825888
25702,6411.862454825888
25703,6411.862454825888
25704,6345.726020974051
25705,6392.992496476084
25706,6486.648160427177
25707,6486.648160427177
25708,6439.381684925143
25709,6486.648160427177
25710,6486.648160427177
25711,6486.648160427177
25712,6486.648160427177
25713,6486.648160427177
25714,6486.648160427177
25715,6486.648160427177
25716,6486.648160427177
25717,6492.816016989208
25718,6445.549541487175
25719,6492.816016989208
25720,6492.816016989208
25721,6457.187059593191
25722,6457.187059593191
25723,6409.920584091158
25724,6389.800742519209
25725,6437.067218021242
25726,6437.067218021242
25727,6437.067218021242
25728,6458.0618576836305
25729,6410.795382181597
25730,6458.0618576836305
25731,6458.0618576836305
25732,6458.0618576836305
25733,6458.0618576836305
25734,6458.0618576836305
25735,6458.0618576836305
25736,6458.0618576836305
25737,6410.795382181597
25738,6458.0618576836305
25739,6458.0618576836305
25740,6458.0618576836305
25741,6410.795382181597
25742,6410.795382181597
25743,6458.0618576836305
25744,6458.0618576836305
25745,6410.795382181597
25746,6410.795382181597
25747,6458.0618576836305
25748,6458.0618576836305
25749,6410.795382181597
25750,6458.0618576836305
25751,6458.0618576836305
25752,6450.7874066692175
25753,6403.520931167184
25754,6450.7874066692175
25755,6450.7874066692175
25756,6468.41994958321
25757,6421.153474081177
25758,6468.41994958321
25759,6421.153474081177
25760,6421.153474081177
25761,6421.153474081177
25762,6468.41994958321
25763,6468.41994958321
25764,6468.41994958321
25765,6421.153474081177
25766,6421.153474081177
25767,6465.539341942425
25768,6465.539341942425
25769,6465.539341942425
25770,6465.539341942425
25771,6418.272866440392
25772,6421.490247095749
25773,6421.490247095749
25774,6421.490247095749
25775,6421.490247095749
25776,6421.490247095749
25777,6421.490247095749
25778,6421.490247095749
25779,6421.490247095749
25780,6421.490247095749
25781,6374.223771593715
25782,6421.490247095749
25783,6421.490247095749
25784,6374.223771593715
25785,6374.223771593715
25786,6421.490247095749
25787,6421.490247095749
25788,6398.589861530409
25789,6445.856337032442
25790,6445.856337032442
25791,6444.414573724261
25792,6444.414573724261
25793,6397.148098222227
25794,6397.148098222227
25795,6444.414573724261
25796,6397.148098222227
25797,6444.414573724261
25798,6444.414573724261
25799,6397.148098222227
25800,6398.248332200247
25801,6445.51480770228
25802,6445.51480770228
25803,6445.51480770228
25804,6398.248332200247
25805,6398.248332200247
25806,6445.51480770228
25807,6447.006605591127
25808,6447.006605591127
25809,6447.006605591127
25810,6399.740130089093
25811,6447.006605591127
25812,6399.740130089093
25813,6399.740130089093
25814,6399.740130089093
25815,6447.006605591127
25816,6447.006605591127
25817,6399.740130089093
25818,6443.6532960327995
25819,6443.6532960327995
25820,6443.6532960327995
25821,6443.6532960327995
25822,6443.6532960327995
25823,6457.301872645983
25824,6410.03539714395
25825,6410.03539714395
25826,6410.03539714395
25827,6457.301872645983
25828,6405.932343681638
25829,6405.932343681638
25830,6453.198819183671
25831,6453.198819183671
25832,6461.21062219849
25833,6461.21062219849
25834,6461.21062219849
25835,6461.21062219849
25836,6461.21062219849
25837,6413.944146696456
25838,6461.21062219849
25839,6413.944146696456
25840,6449.9802937073555
25841,6449.9802937073555
25842,6449.9802937073555
25843,6449.9802937073555
25844,6449.9802937073555
25845,6449.9802937073555
25846,6449.9802937073555
25847,6449.9802937073555
25848,6449.9802937073555
25849,6449.9802937073555
25850,6449.9802937073555
25851,6449.9802937073555
25852,6449.9802937073555
25853,6402.713818205322
25854,6449.9802937073555
25855,6449.9802937073555
25856,6449.9802937073555
25857,6449.9802937073555
25858,6449.9802937073555
25859,6449.9802937073555
25860,6449.9802937073555
25861,6449.9802937073555
25862,6449.9802937073555
25863,6402.713818205322
25864,6449.9802937073555
25865,6449.9802937073555
25866,6449.9802937073555
25867,6402.713818205322
25868,6402.713818205322
25869,6449.9802937073555
25870,6449.9802937073555
25871,6449.9802937073555
25872,6402.713818205322
25873,6449.9802937073555
25874,6402.713818205322
25875,6449.9802937073555
25876,6449.9802937073555
25877,6449.9802937073555
25878,6449.9802937073555
25879,6402.713818205322
25880,6449.9802937073555
25881,6402.713818205322
25882,6402.713818205322
25883,6402.713818205322
25884,6456.269084856295
25885,6456.269084856295
25886,6409.002609354262
25887,6409.002609354262
25888,6456.269084856295
25889,6456.269084856295
25890,6456.269084856295
25891,6456.269084856295
25892,6456.269084856295
25893,6409.002609354262
25894,6456.269084856295
25895,6409.002609354262
25896,6456.269084856295
25897,6456.269084856295
25898,6409.002609354262
25899,6456.269084856295
25900,6456.269084856295
25901,6456.269084856295
25902,6409.002609354262
25903,6456.269084856295
25904,6456.269084856295
25905,6409.002609354262
25906,6456.269084856295
25907,6456.269084856295
25908,6409.002609354262
25909,6456.269084856295
25910,6456.269084856295
25911,6456.269084856295
25912,6456.269084856295
25913,6456.269084856295
25914,6456.269084856295
25915,6456.269084856295
25916,6409.002609354262
25917,6456.269084856295
25918,6409.002609354262
25919,6459.528867169193
25920,6459.528867169193
25921,6412.26239166716
25922,6459.528867169193
25923,6412.26239166716
25924,6468.856206937959
25925,6468.856206937959
25926,6421.589731435925
25927,6421.589731435925
25928,6421.589731435925
25929,6468.856206937959
25930,6421.589731435925
25931,6421.589731435925
25932,6421.589731435925
25933,6468.856206937959
25934,6421.589731435925
25935,6481.982780841809
25936,6468.856206937959
25937,6468.856206937959
25938,6404.436012118417
25939,6466.179994753317
25940,6404.436012118417
25941,6456.007919182816
25942,6456.007919182816
25943,6456.007919182816
25944,6456.007919182816
25945,6394.263936547916
25946,6456.007919182816
25947,6456.007919182816
25948,6456.007919182816
25949,6456.007919182816
25950,6456.007919182816
25951,6461.951643944214
25952,6400.207661309314
25953,6400.207661309314
25954,6461.951643944214
25955,6461.951643944214
25956,6461.951643944214
25957,6400.207661309314
25958,6400.207661309314
25959,6400.207661309314
25960,6461.951643944214
25961,6461.951643944214
25962,6461.588930142052
25963,6461.588930142052
25964,6399.844947507152
25965,6461.588930142052
25966,6461.588930142052
25967,6408.611339967355
25968,6346.867357332455
25969,6408.611339967355
25970,6346.867357332455
25971,6408.611339967355
25972,6346.867357332455
25973,6346.867357332455
25974,6438.226744587075
25975,6376.482761952175
25976,6438.226744587075
25977,6438.226744587075
25978,6438.226744587075
25979,6438.226744587075
25980,6438.226744587075
25981,6438.226744587075
25982,6376.482761952175
25983,6438.226744587075
25984,6438.226744587075
25985,6438.226744587075
25986,6438.226744587075
25987,6376.482761952175
25988,6438.226744587075
25989,6376.482761952175
25990,6376.482761952175
25991,6438.226744587075
25992,6376.482761952175
25993,6438.226744587075
25994,6438.226744587075
25995,6376.482761952175
25996,6376.482761952175
25997,6438.226744587075
25998,6409.489580634742
25999,6384.188350266103
26000,6384.188350266103
26001,6322.444367631203
26002,6384.188350266103
26003,6456.700769532412
26004,6456.700769532412
26005,6456.700769532412
26006,6456.700769532412
26007,6400.702303522556
26008,6462.446286157456
26009,6462.446286157456
26010,6462.446286157456
26011,6462.446286157456
26012,6462.446286157456
26013,6462.446286157456
26014,6468.133665104591
26015,6468.133665104591
26016,6468.133665104591
26017,6406.389682469691
26018,6406.389682469691
26019,6406.389682469691
26020,6468.133665104591
26021,6406.389682469691
26022,6483.15827262528
26023,6483.15827262528
26024,6483.15827262528
26025,6421.41428999038
26026,6408.3238718213315
26027,6470.0678544562315
26028,6470.0678544562315
26029,6470.0678544562315
26030,6470.0678544562315
26031,6470.0678544562315
26032,6470.0678544562315
26033,6470.0678544562315
26034,6417.487889975422
26035,6417.487889975422
26036,6470.0678544562315
26037,6470.0678544562315
26038,6470.0678544562315
26039,6417.487889975422
26040,6470.0678544562315
26041,6470.0678544562315
26042,6417.487889975422
26043,6417.487889975422
26044,6470.0678544562315
26045,6470.0678544562315
26046,6470.0678544562315
26047,6470.0678544562315
26048,6417.487889975422
26049,6470.0678544562315
26050,6470.0678544562315
26051,6417.487889975422
26052,6470.0678544562315
26053,6470.0678544562315
26054,6470.0678544562315
26055,6470.0678544562315
26056,6470.0678544562315
26057,6470.0678544562315
26058,6463.477599805897
26059,6463.477599805897
26060,6463.477599805897
26061,6410.897635325087
26062,6463.477599805897
26063,6410.897635325087
26064,6463.477599805897
26065,6404.402971272501
26066,6404.402971272501
26067,6404.402971272501
26068,6456.982935753311
26069,6404.402971272501
26070,6456.982935753311
26071,6404.402971272501
26072,6456.982935753311
26073,6404.402971272501
26074,6456.982935753311
26075,6456.982935753311
26076,6456.982935753311
26077,6456.982935753311
26078,6456.982935753311
26079,6404.402971272501
26080,6468.206101484912
26081,6468.206101484912
26082,6468.206101484912
26083,6468.206101484912
26084,6438.15082540872
26085,6385.570860927911
26086,6438.15082540872
26087,6438.15082540872
26088,6438.15082540872
26089,6510.285192453011
26090,6510.285192453011
26091,6457.705227972202
26092,6510.285192453011
26093,6510.285192453011
26094,6397.984532740175
26095,6397.984532740175
26096,6397.984532740175
26097,6397.984532740175
26098,6422.142848970621
26099,6422.142848970621
26100,6422.142848970621
26101,6381.157419960916
26102,6433.737384441725
26103,6433.737384441725
26104,6438.494685436584
26105,6385.914720955775
26106,6438.494685436584
26107,6438.494685436584
26108,6438.494685436584
26109,6385.914720955775
26110,6453.609617231097
26111,6401.029652750288
26112,6401.029652750288
26113,6401.029652750288
26114,6456.944833430629
26115,6456.944833430629
26116,6456.944833430629
26117,6456.944833430629
26118,6456.944833430629
26119,6456.944833430629
26120,6456.944833430629
26121,6456.944833430629
26122,6456.944833430629
26123,6404.3648689498195
26124,6404.3648689498195
26125,6404.3648689498195
26126,6404.3648689498195
26127,6456.944833430629
26128,6456.944833430629
26129,6456.944833430629
26130,6446.13083528342
26131,6446.13083528342
26132,6446.13083528342
26133,6405.654616457191
26134,6405.654616457191
26135,6405.654616457191
26136,6458.234580938
26137,6405.654616457191
26138,6405.654616457191
26139,6458.234580938
26140,6458.234580938
26141,6458.234580938
26142,6458.234580938
26143,6458.234580938
26144,6458.234580938
26145,6458.234580938
26146,6458.234580938
26147,6458.234580938
26148,6458.234580938
26149,6458.234580938
26150,6445.331671882308
26151,6392.751707401499
26152,6392.751707401499
26153,6445.331671882308
26154,6471.6258492272655
26155,6419.045884746456
26156,6471.6258492272655
26157,6471.6258492272655
26158,6471.6258492272655
26159,6409.123106950709
26160,6409.123106950709
26161,6461.703071431519
26162,6409.123106950709
26163,6409.123106950709
26164,6409.123106950709
26165,6461.703071431519
26166,6461.703071431519
26167,6409.123106950709
26168,6461.703071431519
26169,6409.123106950709
26170,6461.703071431519
26171,6461.703071431519
26172,6461.703071431519
26173,6461.703071431519
26174,6409.123106950709
26175,6409.123106950709
26176,6461.703071431519
26177,6409.123106950709
26178,6461.703071431519
26179,6461.703071431519
26180,6463.503479684864
26181,6410.923515204055
26182,6463.503479684864
26183,6463.503479684864
26184,6410.923515204055
26185,6463.503479684864
26186,6463.503479684864
26187,6463.503479684864
26188,6463.503479684864
26189,6463.503479684864
26190,6463.503479684864
26191,6410.923515204055
26192,6463.503479684864
26193,6463.503479684864
26194,6463.503479684864
26195,6410.923515204055
26196,6410.923515204055
26197,6463.503479684864
26198,6410.923515204055
26199,6409.3818866934525
26200,6461.961851174262
26201,6409.3818866934525
26202,6409.3818866934525
26203,6461.961851174262
26204,6461.961851174262
26205,6461.961851174262
26206,6409.3818866934525
26207,6461.961851174262
26208,6461.961851174262
26209,6409.3818866934525
26210,6461.961851174262
26211,6461.961851174262
26212,6409.3818866934525
26213,6409.3818866934525
26214,6409.3818866934525
26215,6404.939262676282
26216,6457.519227157091
26217,6457.519227157091
26218,6404.939262676282
26219,6457.519227157091
26220,6454.693101082513
26221,6454.693101082513
26222,6454.693101082513
26223,6454.693101082513
26224,6454.693101082513
26225,6454.693101082513
26226,6402.113136601703
26227,6402.113136601703
26228,6454.693101082513
26229,6454.693101082513
26230,6454.693101082513
26231,6454.693101082513
26232,6454.693101082513
26233,6402.113136601703
26234,6454.693101082513
26235,6454.693101082513
26236,6454.693101082513
26237,6402.113136601703
26238,6414.43035389078
26239,6471.2477481159995
26240,6471.2477481159995
26241,6418.66778363519
26242,6418.66778363519
26243,6418.66778363519
26244,6418.66778363519
26245,6418.66778363519
26246,6471.2477481159995
26247,6418.66778363519
26248,6471.2477481159995
26249,6471.2477481159995
26250,6471.2477481159995
26251,6471.2477481159995
26252,6471.2477481159995
26253,6471.2477481159995
26254,6471.2477481159995
26255,6471.2477481159995
26256,6418.66778363519
26257,6456.63975414033
26258,6456.63975414033
26259,6456.63975414033
26260,6456.63975414033
26261,6404.059789659521
26262,6456.63975414033
26263,6456.63975414033
26264,6456.63975414033
26265,6456.63975414033
26266,6456.63975414033
26267,6456.63975414033
26268,6456.63975414033
26269,6404.059789659521
26270,6456.63975414033
26271,6404.059789659521
26272,6456.63975414033
26273,6456.63975414033
26274,6404.059789659521
26275,6456.63975414033
26276,6456.63975414033
26277,6456.63975414033
26278,6404.059789659521
26279,6404.059789659521
26280,6404.059789659521
26281,6392.929610123464
26282,6445.509574604273
26283,6445.509574604273
26284,6392.929610123464
26285,6440.848650280302
26286,6440.848650280302
26287,6440.848650280302
26288,6440.848650280302
26289,6440.848650280302
26290,6440.848650280302
26291,6440.848650280302
26292,6440.848650280302
26293,6440.848650280302
26294,6440.848650280302
26295,6440.848650280302
26296,6440.848650280302
26297,6440.848650280302
26298,6388.268685799492
26299,6440.848650280302
26300,6440.848650280302
26301,6440.848650280302
26302,6440.848650280302
26303,6388.268685799492
26304,6440.848650280302
26305,6455.0185038824475
26306,6455.0185038824475
26307,6439.128025678226
26308,6439.128025678226
26309,6386.548061197416
26310,6386.548061197416
26311,6386.548061197416
26312,6439.128025678226
26313,6386.548061197416
26314,6386.548061197416
26315,6443.515735588697
26316,6443.515735588697
26317,6443.515735588697
26318,6408.352381210687
26319,6460.932345691496
26320,6408.352381210687
26321,6460.932345691496
26322,6460.932345691496
26323,6460.932345691496
26324,6460.932345691496
26325,6460.932345691496
26326,6460.932345691496
26327,6474.754480847363
26328,6474.754480847363
26329,6422.174516366554
26330,6474.754480847363
26331,6422.174516366554
26332,6474.754480847363
26333,6474.754480847363
26334,6474.754480847363
26335,6474.754480847363
26336,6474.754480847363
26337,6474.754480847363
26338,6474.754480847363
26339,6402.886759169377
26340,6402.886759169377
26341,6455.466723650186
26342,6455.466723650186
26343,6402.886759169377
26344,6373.9279000482975
26345,6426.507864529107
26346,6373.9279000482975
26347,6373.9279000482975
26348,6398.478654211944
26349,6451.058618692753
26350,6398.478654211944
26351,6451.058618692753
26352,6451.058618692753
26353,6398.478654211944
26354,6451.058618692753
26355,6390.70468976934
26356,6443.284654250149
26357,6443.284654250149
26358,6390.70468976934
26359,6443.284654250149
26360,6443.284654250149
26361,6390.70468976934
26362,6424.529397554364
26363,6424.529397554364
26364,6424.529397554364
26365,6424.529397554364
26366,6424.529397554364
26367,6424.529397554364
26368,6371.949433073554
26369,6445.638742323602
26370,6393.058777842793
26371,6393.058777842793
26372,6416.337843591967
26373,6453.087561260546
26374,6400.507596779737
26375,6400.507596779737
26376,6453.087561260546
26377,6453.087561260546
26378,6400.507596779737
26379,6400.507596779737
26380,6445.5508128055135
26381,6445.5508128055135
26382,6392.970848324704
26383,6445.5508128055135
26384,6392.970848324704
26385,6402.666594703481
26386,6455.24655918429
26387,6402.666594703481
26388,6402.666594703481
26389,6402.666594703481
26390,6455.24655918429
26391,6402.666594703481
26392,6437.805232998924
26393,6437.805232998924
26394,6385.225268518115
26395,6402.087455851688
26396,6402.087455851688
26397,6454.667420332497
26398,6454.667420332497
26399,6454.667420332497
26400,6402.087455851688
26401,6454.667420332497
26402,6402.087455851688
26403,6454.667420332497
26404,6454.667420332497
26405,6454.667420332497
26406,6454.667420332497
26407,6402.087455851688
26408,6454.667420332497
26409,6402.087455851688
26410,6402.087455851688
26411,6454.667420332497
26412,6402.087455851688
26413,6454.667420332497
26414,6454.667420332497
26415,6402.087455851688
26416,6454.667420332497
26417,6454.667420332497
26418,6402.087455851688
26419,6454.667420332497
26420,6402.087455851688
26421,6402.087455851688
26422,6405.620144387796
26423,6405.620144387796
26424,6458.200108868606
26425,6405.620144387796
26426,6405.620144387796
26427,6458.200108868606
26428,6405.620144387796
26429,6458.200108868606
26430,6458.200108868606
26431,6405.620144387796
26432,6458.200108868606
26433,6458.200108868606
26434,6458.200108868606
26435,6458.200108868606
26436,6405.620144387796
26437,6458.200108868606
26438,6453.282813251103
26439,6453.282813251103
26440,6453.282813251103
26441,6400.702848770294
26442,6453.282813251103
26443,6400.702848770294
26444,6453.282813251103
26445,6453.282813251103
26446,6453.282813251103
26447,6400.702848770294
26448,6453.282813251103
26449,6400.702848770294
26450,6453.282813251103
26451,6453.282813251103
26452,6453.282813251103
26453,6388.683394690575
26454,6336.103430209766
26455,6336.103430209766
26456,6414.997389960287
26457,6419.453068139498
26458,6472.0330326203075
26459,6472.0330326203075
26460,6414.442498667576
26461,6414.442498667576
26462,6414.442498667576
26463,6414.442498667576
26464,6414.442498667576
26465,6361.862534186766
26466,6361.862534186766
26467,6420.370085554472
26468,6420.370085554472
26469,6375.262197666722
26470,6322.682233185913
26471,6418.538494596638
26472,6418.538494596638
26473,6353.643942777558
26474,6406.223907258367
26475,6406.223907258367
26476,6406.223907258367
26477,6406.223907258367
26478,6353.643942777558
26479,6406.223907258367
26480,6406.223907258367
26481,6406.223907258367
26482,6353.643942777558
26483,6283.947422120834
26484,6336.527386601643
26485,6417.600439098117
26486,6417.600439098117
26487,6587.186070525494
26488,6631.697857745013
26489,6627.267648133168
26490,6627.267648133168
26491,6671.779435352687
26492,6627.267648133168
26493,6610.456441543967
26494,6610.456441543967
26495,6610.456441543967
26496,6654.968228763486
26497,6610.456441543967
26498,6663.726119061742
26499,6708.237906281261
26500,6663.726119061742
26501,6685.8554084882035
26502,6685.8554084882035
26503,6685.8554084882035
26504,6730.367195707722
26505,6730.367195707722
26506,6682.074749358889
26507,6682.074749358889
26508,6682.074749358889
26509,6620.814679565288
26510,6620.814679565288
26511,6665.326466784807
26512,6665.326466784807
26513,6547.085364254392
26514,6591.59715147391
26515,6591.59715147391
26516,6591.59715147391
26517,6588.482490135889
26518,6632.994277355408
26519,6632.994277355408
26520,6588.482490135889
26521,6538.46865837489
26522,6538.46865837489
26523,6538.46865837489
26524,6538.46865837489
26525,6538.46865837489
26526,6587.995338947084
26527,6587.995338947084
26528,6587.995338947084
26529,6625.833222730494
26530,6625.833222730494
26531,6605.772518461259
26532,6650.284305680778
26533,6605.772518461259
26534,6650.284305680778
26535,6632.376772732051
26536,6632.376772732051
26537,6632.376772732051
26538,6632.376772732051
26539,6618.712171228777
26540,6663.223958448296
26541,6618.712171228777
26542,6618.712171228777
26543,6663.223958448296
26544,6618.712171228777
26545,6618.712171228777
26546,6618.712171228777
26547,6618.712171228777
26548,6618.712171228777
26549,6618.712171228777
26550,6663.223958448296
26551,6663.223958448296
26552,6663.223958448296
26553,6663.223958448296
26554,6618.712171228777
26555,6663.223958448296
26556,6618.712171228777
26557,6663.223958448296
26558,6663.223958448296
26559,6663.223958448296
26560,6597.087524596459
26561,6552.57573737694
26562,6646.231401328033
26563,6646.231401328033
26564,6690.743188547552
26565,6646.231401328033
26566,6646.231401328033
26567,6646.231401328033
26568,6646.231401328033
26569,6646.231401328033
26570,6646.231401328033
26571,6646.231401328033
26572,6646.231401328033
26573,6656.482396578576
26574,6700.994183798095
26575,6656.482396578576
26576,6656.482396578576
26577,6620.85343918256
26578,6620.85343918256
26579,6665.365226402078
26580,6665.365226402078
26581,6620.85343918256
26582,6620.85343918256
26583,6620.85343918256
26584,6617.645098584487
26585,6662.1568858040055
26586,6617.645098584487
26587,6617.645098584487
26588,6617.645098584487
26589,6617.645098584487
26590,6617.645098584487
26591,6617.645098584487
26592,6617.645098584487
26593,6662.1568858040055
26594,6617.645098584487
26595,6617.645098584487
26596,6617.645098584487
26597,6662.1568858040055
26598,6662.1568858040055
26599,6617.645098584487
26600,6617.645098584487
26601,6662.1568858040055
26602,6662.1568858040055
26603,6617.645098584487
26604,6617.645098584487
26605,6662.1568858040055
26606,6617.645098584487
26607,6617.645098584487
26608,6610.370647570074
26609,6654.8824347895925
26610,6610.370647570074
26611,6610.370647570074
26612,6628.003190484066
26613,6672.514977703585
26614,6628.003190484066
26615,6672.514977703585
26616,6672.514977703585
26617,6672.514977703585
26618,6628.003190484066
26619,6628.003190484066
26620,6628.003190484066
26621,6672.514977703585
26622,6672.514977703585
26623,6625.122582843282
26624,6625.122582843282
26625,6625.122582843282
26626,6625.122582843282
26627,6669.6343700628
26628,6581.073487996605
26629,6581.073487996605
26630,6581.073487996605
26631,6581.073487996605
26632,6581.073487996605
26633,6581.073487996605
26634,6581.073487996605
26635,6581.073487996605
26636,6581.073487996605
26637,6625.585275216124
26638,6581.073487996605
26639,6581.073487996605
26640,6625.585275216124
26641,6625.585275216124
26642,6581.073487996605
26643,6581.073487996605
26644,6649.951365152817
26645,6605.439577933298
26646,6605.439577933298
26647,6603.997814625117
26648,6603.997814625117
26649,6648.509601844636
26650,6648.509601844636
26651,6603.997814625117
26652,6648.509601844636
26653,6603.997814625117
26654,6603.997814625117
26655,6648.509601844636
26656,6649.609835822655
26657,6605.098048603137
26658,6605.098048603137
26659,6605.098048603137
26660,6649.609835822655
26661,6649.609835822655
26662,6605.098048603137
26663,6622.355294167976
26664,6622.355294167976
26665,6622.355294167976
26666,6666.867081387495
26667,6622.355294167976
26668,6666.867081387495
26669,6666.867081387495
26670,6666.867081387495
26671,6622.355294167976
26672,6622.355294167976
26673,6666.867081387495
26674,6603.236536933656
26675,6603.236536933656
26676,6603.236536933656
26677,6603.236536933656
26678,6603.236536933656
26679,6616.885113546839
26680,6661.396900766358
26681,6661.396900766358
26682,6661.396900766358
26683,6616.885113546839
26684,6655.611555312796
26685,6655.611555312796
26686,6611.099768093277
26687,6611.099768093277
26688,6611.099768093277
26689,6611.099768093277
26690,6611.099768093277
26691,6611.099768093277
26692,6611.099768093277
26693,6655.611555312796
26694,6618.736792456818
26695,6663.248579676337
26696,6609.563534608212
26697,6609.563534608212
26698,6609.563534608212
26699,6609.563534608212
26700,6609.563534608212
26701,6609.563534608212
26702,6609.563534608212
26703,6609.563534608212
26704,6609.563534608212
26705,6609.563534608212
26706,6609.563534608212
26707,6609.563534608212
26708,6609.563534608212
26709,6654.0753218277305
26710,6609.563534608212
26711,6609.563534608212
26712,6609.563534608212
26713,6609.563534608212
26714,6609.563534608212
26715,6609.563534608212
26716,6609.563534608212
26717,6609.563534608212
26718,6609.563534608212
26719,6654.0753218277305
26720,6609.563534608212
26721,6609.563534608212
26722,6609.563534608212
26723,6654.0753218277305
26724,6654.0753218277305
26725,6609.563534608212
26726,6609.563534608212
26727,6609.563534608212
26728,6654.0753218277305
26729,6609.563534608212
26730,6654.0753218277305
26731,6609.563534608212
26732,6609.563534608212
26733,6609.563534608212
26734,6609.563534608212
26735,6654.0753218277305
26736,6609.563534608212
26737,6654.0753218277305
26738,6654.0753218277305
26739,6654.0753218277305
26740,6615.852325757151
26741,6615.852325757151
26742,6660.36411297667
26743,6660.36411297667
26744,6615.852325757151
26745,6615.852325757151
26746,6615.852325757151
26747,6615.852325757151
26748,6615.852325757151
26749,6660.36411297667
26750,6615.852325757151
26751,6660.36411297667
26752,6615.852325757151
26753,6615.852325757151
26754,6660.36411297667
26755,6615.852325757151
26756,6615.852325757151
26757,6615.852325757151
26758,6660.36411297667
26759,6615.852325757151
26760,6615.852325757151
26761,6660.36411297667
26762,6615.852325757151
26763,6615.852325757151
26764,6660.36411297667
26765,6615.852325757151
26766,6615.852325757151
26767,6615.852325757151
26768,6615.852325757151
26769,6615.852325757151
26770,6615.852325757151
26771,6615.852325757151
26772,6660.36411297667
26773,6615.852325757151
26774,6660.36411297667
26775,6630.874178427813
26776,6630.874178427813
26777,6675.385965647331
26778,6630.874178427813
26779,6675.385965647331
26780,6640.201518196578
26781,6640.201518196578
26782,6684.713305416097
26783,6684.713305416097
26784,6684.713305416097
26785,6640.201518196578
26786,6684.713305416097
26787,6684.713305416097
26788,6684.713305416097
26789,6640.201518196578
26790,6684.713305416097
26791,6684.713305416097
26792,6640.201518196578
26793,6640.201518196578
26794,6682.037093231455
26795,6637.525306011937
26796,6682.037093231455
26797,6627.353230441436
26798,6627.353230441436
26799,6627.353230441436
26800,6627.353230441436
26801,6671.865017660954
26802,6602.720875372009
26803,6602.720875372009
26804,6602.720875372009
26805,6602.720875372009
26806,6602.720875372009
26807,6608.664600133407
26808,6653.176387352925
26809,6653.176387352925
26810,6608.664600133407
26811,6608.664600133407
26812,6608.664600133407
26813,6653.176387352925
26814,6653.176387352925
26815,6653.176387352925
26816,6608.664600133407
26817,6608.664600133407
26818,6608.3018863312445
26819,6608.3018863312445
26820,6652.813673550763
26821,6608.3018863312445
26822,6608.3018863312445
26823,6555.3242961565475
26824,6599.836083376066
26825,6555.3242961565475
26826,6599.836083376066
26827,6555.3242961565475
26828,6599.836083376066
26829,6599.836083376066
26830,6592.123963222304
26831,6636.635750441823
26832,6592.123963222304
26833,6592.123963222304
26834,6592.123963222304
26835,6592.123963222304
26836,6592.123963222304
26837,6592.123963222304
26838,6636.635750441823
26839,6592.123963222304
26840,6592.123963222304
26841,6592.123963222304
26842,6592.123963222304
26843,6636.635750441823
26844,6592.123963222304
26845,6636.635750441823
26846,6636.635750441823
26847,6592.123963222304
26848,6636.635750441823
26849,6592.123963222304
26850,6592.123963222304
26851,6636.635750441823
26852,6636.635750441823
26853,6592.123963222304
26854,6563.386799269972
26855,6515.983300020969
26856,6515.983300020969
26857,6560.495087240488
26858,6515.983300020969
26859,6617.651952033496
26860,6617.651952033496
26861,6617.651952033496
26862,6617.651952033496
26863,6667.9092558780585
26864,6623.39746865854
26865,6623.39746865854
26866,6623.39746865854
26867,6623.39746865854
26868,6623.39746865854
26869,6623.39746865854
26870,6629.084847605675
26871,6629.084847605675
26872,6629.084847605675
26873,6673.596634825194
26874,6673.596634825194
26875,6673.596634825194
26876,6629.084847605675
26877,6673.596634825194
26878,6644.109455126364
26879,6644.109455126364
26880,6644.109455126364
26881,6688.621242345883
26882,6678.271165320071
26883,6633.759378100553
26884,6633.759378100553
26885,6633.759378100553
26886,6633.759378100553
26887,6633.759378100553
26888,6633.759378100553
26889,6633.759378100553
26890,6678.271165320071
26891,6678.271165320071
26892,6633.759378100553
26893,6642.689939109834
26894,6642.689939109834
26895,6687.201726329353
26896,6642.689939109834
26897,6642.689939109834
26898,6687.201726329353
26899,6687.201726329353
26900,6642.689939109834
26901,6642.689939109834
26902,6642.689939109834
26903,6642.689939109834
26904,6687.201726329353
26905,6642.689939109834
26906,6642.689939109834
26907,6697.831516299171
26908,6653.3197290796525
26909,6653.3197290796525
26910,6653.3197290796525
26911,6653.3197290796525
26912,6653.3197290796525
26913,6653.3197290796525
26914,6627.34696334957
26915,6627.34696334957
26916,6627.34696334957
26917,6671.858750569088
26918,6627.34696334957
26919,6671.858750569088
26920,6627.34696334957
26921,6665.3640865165025
26922,6665.3640865165025
26923,6665.3640865165025
26924,6620.852299296984
26925,6665.3640865165025
26926,6620.852299296984
26927,6665.3640865165025
26928,6620.852299296984
26929,6665.3640865165025
26930,6620.852299296984
26931,6620.852299296984
26932,6620.852299296984
26933,6620.852299296984
26934,6620.852299296984
26935,6665.3640865165025
26936,6620.737497943733
26937,6620.737497943733
26938,6620.737497943733
26939,6620.737497943733
26940,6578.0801162830885
26941,6622.591903502607
26942,6578.0801162830885
26943,6578.0801162830885
26944,6578.0801162830885
26945,6578.0801162830885
26946,6578.0801162830885
26947,6622.591903502607
26948,6578.0801162830885
26949,6578.0801162830885
26950,6546.511449556159
26951,6546.511449556159
26952,6546.511449556159
26953,6546.511449556159
26954,6570.669765786605
26955,6570.669765786605
26956,6570.669765786605
26957,6626.776088477228
26958,6582.264301257709
26959,6582.264301257709
26960,6587.021602252568
26961,6631.533389472087
26962,6587.021602252568
26963,6587.021602252568
26964,6587.021602252568
26965,6631.533389472087
26966,6602.136534047081
26967,6646.6483212666
26968,6646.6483212666
26969,6646.6483212666
26970,6605.471750246613
26971,6605.471750246613
26972,6605.471750246613
26973,6605.471750246613
26974,6605.471750246613
26975,6605.471750246613
26976,6605.471750246613
26977,6605.471750246613
26978,6605.471750246613
26979,6649.983537466132
26980,6649.983537466132
26981,6649.983537466132
26982,6649.983537466132
26983,6605.471750246613
26984,6605.471750246613
26985,6605.471750246613
26986,6594.657752099404
26987,6594.657752099404
26988,6594.657752099404
26989,6673.737537479662
26990,6673.737537479662
26991,6673.737537479662
26992,6629.225750260143
26993,6673.737537479662
26994,6673.737537479662
26995,6629.225750260143
26996,6629.225750260143
26997,6629.225750260143
26998,6629.225750260143
26999,6629.225750260143
27000,6629.225750260143
27001,6629.225750260143
27002,6629.225750260143
27003,6629.225750260143
27004,6629.225750260143
27005,6629.225750260143
27006,6616.322841204451
27007,6660.83462842397
27008,6660.83462842397
27009,6616.322841204451
27010,6642.617018549408
27011,6687.128805768927
27012,6642.617018549408
27013,6642.617018549408
27014,6642.617018549408
27015,6677.20602797318
27016,6677.20602797318
27017,6632.694240753662
27018,6677.20602797318
27019,6677.20602797318
27020,6677.20602797318
27021,6632.694240753662
27022,6632.694240753662
27023,6677.20602797318
27024,6632.694240753662
27025,6677.20602797318
27026,6632.694240753662
27027,6632.694240753662
27028,6632.694240753662
27029,6632.694240753662
27030,6677.20602797318
27031,6677.20602797318
27032,6632.694240753662
27033,6677.20602797318
27034,6632.694240753662
27035,6632.694240753662
27036,6634.494649007007
27037,6679.006436226526
27038,6634.494649007007
27039,6634.494649007007
27040,6679.006436226526
27041,6634.494649007007
27042,6634.494649007007
27043,6634.494649007007
27044,6634.494649007007
27045,6634.494649007007
27046,6634.494649007007
27047,6679.006436226526
27048,6634.494649007007
27049,6634.494649007007
27050,6634.494649007007
27051,6679.006436226526
27052,6679.006436226526
27053,6634.494649007007
27054,6679.006436226526
27055,6677.464807715924
27056,6632.953020496405
27057,6677.464807715924
27058,6677.464807715924
27059,6632.953020496405
27060,6632.953020496405
27061,6632.953020496405
27062,6677.464807715924
27063,6654.3733678402805
27064,6654.3733678402805
27065,6672.950771346153
27066,6628.438984126634
27067,6628.438984126634
27068,6672.950771346153
27069,6672.950771346153
27070,6672.950771346153
27071,6668.508147328982
27072,6623.996360109463
27073,6623.996360109463
27074,6668.508147328982
27075,6623.996360109463
27076,6621.170234034885
27077,6621.170234034885
27078,6621.170234034885
27079,6621.170234034885
27080,6621.170234034885
27081,6621.170234034885
27082,6665.6820212544035
27083,6665.6820212544035
27084,6621.170234034885
27085,6621.170234034885
27086,6621.170234034885
27087,6621.170234034885
27088,6621.170234034885
27089,6665.6820212544035
27090,6621.170234034885
27091,6621.170234034885
27092,6621.170234034885
27093,6665.6820212544035
27094,6677.99923854348
27095,6637.724881068371
27096,6637.724881068371
27097,6682.23666828789
27098,6682.23666828789
27099,6682.23666828789
27100,6682.23666828789
27101,6682.23666828789
27102,6637.724881068371
27103,6682.23666828789
27104,6637.724881068371
27105,6637.724881068371
27106,6637.724881068371
27107,6637.724881068371
27108,6637.724881068371
27109,6637.724881068371
27110,6637.724881068371
27111,6637.724881068371
27112,6682.23666828789
27113,6623.116887092702
27114,6623.116887092702
27115,6623.116887092702
27116,6623.116887092702
27117,6667.628674312221
27118,6623.116887092702
27119,6623.116887092702
27120,6623.116887092702
27121,6623.116887092702
27122,6623.116887092702
27123,6623.116887092702
27124,6623.116887092702
27125,6667.628674312221
27126,6623.116887092702
27127,6667.628674312221
27128,6623.116887092702
27129,6623.116887092702
27130,6667.628674312221
27131,6623.116887092702
27132,6623.116887092702
27133,6623.116887092702
27134,6667.628674312221
27135,6667.628674312221
27136,6667.628674312221
27137,6656.498494776164
27138,6611.986707556645
27139,6611.986707556645
27140,6656.498494776164
27141,6607.3257832326735
27142,6607.3257832326735
27143,6607.3257832326735
27144,6607.3257832326735
27145,6607.3257832326735
27146,6607.3257832326735
27147,6607.3257832326735
27148,6607.3257832326735
27149,6607.3257832326735
27150,6607.3257832326735
27151,6607.3257832326735
27152,6607.3257832326735
27153,6607.3257832326735
27154,6651.837570452192
27155,6607.3257832326735
27156,6607.3257832326735
27157,6607.3257832326735
27158,6607.3257832326735
27159,6651.837570452192
27160,6607.3257832326735
27161,6621.495636834819
27162,6621.495636834819
27163,6605.6051586305975
27164,6605.6051586305975
27165,6650.116945850116
27166,6650.116945850116
27167,6650.116945850116
27168,6605.6051586305975
27169,6650.116945850116
27170,6650.116945850116
27171,6609.992868541069
27172,6609.992868541069
27173,6609.992868541069
27174,6671.921265863387
27175,6627.409478643868
27176,6671.921265863387
27177,6627.409478643868
27178,6627.409478643868
27179,6627.409478643868
27180,6627.409478643868
27181,6627.409478643868
27182,6627.409478643868
27183,6641.231613799735
27184,6641.231613799735
27185,6685.743401019254
27186,6641.231613799735
27187,6685.743401019254
27188,6641.231613799735
27189,6641.231613799735
27190,6641.231613799735
27191,6641.231613799735
27192,6641.231613799735
27193,6641.231613799735
27194,6641.231613799735
27195,6666.455643822077
27196,6666.455643822077
27197,6621.943856602558
27198,6621.943856602558
27199,6666.455643822077
27200,6637.4967847009975
27201,6592.984997481479
27202,6637.4967847009975
27203,6637.4967847009975
27204,6662.047538864644
27205,6617.535751645125
27206,6662.047538864644
27207,6617.535751645125
27208,6617.535751645125
27209,6662.047538864644
27210,6617.535751645125
27211,6654.27357442204
27212,6609.761787202521
27213,6609.761787202521
27214,6654.27357442204
27215,6609.761787202521
27216,6609.761787202521
27217,6654.27357442204
27218,6591.0065305067355
27219,6591.0065305067355
27220,6591.0065305067355
27221,6591.0065305067355
27222,6591.0065305067355
27223,6591.0065305067355
27224,6635.518317726254
27225,6612.115875275974
27226,6656.627662495493
27227,6656.627662495493
27228,6679.906728244667
27229,6619.564694212918
27230,6664.076481432437
27231,6664.076481432437
27232,6619.564694212918
27233,6619.564694212918
27234,6664.076481432437
27235,6664.076481432437
27236,6612.027945757885
27237,6612.027945757885
27238,6656.539732977404
27239,6612.027945757885
27240,6656.539732977404
27241,6666.235479356181
27242,6621.723692136662
27243,6666.235479356181
27244,6666.235479356181
27245,6666.235479356181
27246,6621.723692136662
27247,6666.235479356181
27248,6604.282365951296
27249,6604.282365951296
27250,6648.794153170815
27251,6665.94707996928
27252,6665.94707996928
27253,6621.435292749761
27254,6621.435292749761
27255,6621.435292749761
27256,6665.94707996928
27257,6621.435292749761
27258,6665.94707996928
27259,6621.435292749761
27260,6621.435292749761
27261,6621.435292749761
27262,6621.435292749761
27263,6665.94707996928
27264,6621.435292749761
27265,6665.94707996928
27266,6665.94707996928
27267,6621.435292749761
27268,6665.94707996928
27269,6621.435292749761
27270,6621.435292749761
27271,6665.94707996928
27272,6621.435292749761
27273,6621.435292749761
27274,6665.94707996928
27275,6621.435292749761
27276,6665.94707996928
27277,6665.94707996928
27278,6669.479768505388
27279,6669.479768505388
27280,6624.967981285869
27281,6669.479768505388
27282,6669.479768505388
27283,6624.967981285869
27284,6669.479768505388
27285,6624.967981285869
27286,6624.967981285869
27287,6669.479768505388
27288,6624.967981285869
27289,6624.967981285869
27290,6624.967981285869
27291,6624.967981285869
27292,6669.479768505388
27293,6624.967981285869
27294,6620.050685668367
27295,6620.050685668367
27296,6620.050685668367
27297,6664.562472887886
27298,6620.050685668367
27299,6664.562472887886
27300,6620.050685668367
27301,6620.050685668367
27302,6620.050685668367
27303,6676.217669857666
27304,6631.705882638147
27305,6676.217669857666
27306,6631.705882638147
27307,6631.705882638147
27308,6631.705882638147
27309,6567.106464077619
27310,6611.618251297138
27311,6611.618251297138
27312,6680.741901807689
27313,6685.1975799869
27314,6640.685792767381
27315,6640.685792767381
27316,6583.095258814649
27317,6583.095258814649
27318,6583.095258814649
27319,6583.095258814649
27320,6583.095258814649
27321,6627.607046034168
27322,6627.607046034168
27323,6589.0228457015455
27324,6589.0228457015455
27325,6543.914957813796
27326,6588.426745033315
27327,6602.361724458044
27328,6602.361724458044
27329,6621.507895431953
27330,6576.996108212435
27331,6576.996108212435
27332,6568.982777713293
27333,6568.982777713293
27334,6613.494564932812
27335,6580.0854571871205
27336,6580.0854571871205
27337,6580.0854571871205
27338,6624.597244406639
27339,6520.36588749297
27340,6475.854100273451
27341,6561.222163165736
27342,6561.222163165736
27343,7383.869869102985
27344,7383.869869102985
27345,7466.087514449186
27346,7466.087514449186
27347,7466.087514449186
27348,7466.087514449186
27349,7449.276307859985
27350,7449.276307859985
27351,7449.276307859985
27352,7449.276307859985
27353,7449.276307859985
27354,7486.701307250802
27355,7486.701307250802
27356,7486.701307250802
27357,7524.675274804221
27358,7524.675274804221
27359,7524.675274804221
27360,7524.675274804221
27361,7524.675274804221
27362,7476.382828455387
27363,7476.382828455387
27364,7476.382828455387
27365,7459.634545881306
27366,7459.634545881306
27367,7459.634545881306
27368,7459.634545881306
27369,7385.905230570409
27370,7385.905230570409
27371,7385.905230570409
27372,7385.905230570409
27373,7411.029260212851
27374,7411.029260212851
27375,7411.029260212851
27376,7411.029260212851
27377,7345.640085586257
27378,7345.640085586257
27379,7345.640085586257
27380,7345.640085586257
27381,7345.640085586257
27382,7395.166766158451
27383,7395.166766158451
27384,7395.166766158451
27385,7464.653089046511
27386,7464.653089046511
27387,7444.5923847772765
27388,7444.5923847772765
27389,7444.5923847772765
27390,7444.5923847772765
27391,7471.196639048068
27392,7471.196639048068
27393,7471.196639048068
27394,7471.196639048068
27395,7457.532037544795
27396,7457.532037544795
27397,7457.532037544795
27398,7457.532037544795
27399,7457.532037544795
27400,7457.532037544795
27401,7457.532037544795
27402,7457.532037544795
27403,7457.532037544795
27404,7457.532037544795
27405,7457.532037544795
27406,7457.532037544795
27407,7457.532037544795
27408,7457.532037544795
27409,7457.532037544795
27410,7457.532037544795
27411,7457.532037544795
27412,7457.532037544795
27413,7457.532037544795
27414,7457.532037544795
27415,7457.532037544795
27416,7391.395603692958
27417,7391.395603692958
27418,7485.05126764405
27419,7485.05126764405
27420,7485.05126764405
27421,7485.05126764405
27422,7485.05126764405
27423,7485.05126764405
27424,7485.05126764405
27425,7485.05126764405
27426,7485.05126764405
27427,7485.05126764405
27428,7485.05126764405
27429,7495.302262894594
27430,7495.302262894594
27431,7495.302262894594
27432,7495.302262894594
27433,7459.673305498577
27434,7459.673305498577
27435,7459.673305498577
27436,7459.673305498577
27437,7459.673305498577
27438,7459.673305498577
27439,7459.673305498577
27440,7456.464964900504
27441,7456.464964900504
27442,7456.464964900504
27443,7456.464964900504
27444,7456.464964900504
27445,7456.464964900504
27446,7456.464964900504
27447,7456.464964900504
27448,7456.464964900504
27449,7456.464964900504
27450,7456.464964900504
27451,7456.464964900504
27452,7456.464964900504
27453,7456.464964900504
27454,7456.464964900504
27455,7456.464964900504
27456,7456.464964900504
27457,7456.464964900504
27458,7456.464964900504
27459,7456.464964900504
27460,7456.464964900504
27461,7456.464964900504
27462,7456.464964900504
27463,7456.464964900504
27464,7449.190513886091
27465,7449.190513886091
27466,7449.190513886091
27467,7449.190513886091
27468,7466.823056800084
27469,7466.823056800084
27470,7466.823056800084
27471,7466.823056800084
27472,7442.033838015333
27473,7442.033838015333
27474,7442.033838015333
27475,7442.033838015333
27476,7442.033838015333
27477,7442.033838015333
27478,7442.033838015333
27479,7439.153230374548
27480,7439.153230374548
27481,7439.153230374548
27482,7439.153230374548
27483,7439.153230374548
27484,7373.579233913724
27485,7373.579233913724
27486,7373.579233913724
27487,7373.579233913724
27488,7373.579233913724
27489,7373.579233913724
27490,7373.579233913724
27491,7373.579233913724
27492,7373.579233913724
27493,7373.579233913724
27494,7373.579233913724
27495,7373.579233913724
27496,7368.42039666332
27497,7368.42039666332
27498,7368.42039666332
27499,7368.42039666332
27500,7443.016223970604
27501,7443.016223970604
27502,7443.016223970604
27503,7457.404096709542
27504,7457.404096709542
27505,7457.404096709542
27506,7457.404096709542
27507,7457.404096709542
27508,7457.404096709542
27509,7457.404096709542
27510,7457.404096709542
27511,7457.404096709542
27512,7428.365879388793
27513,7428.365879388793
27514,7428.365879388793
27515,7428.365879388793
27516,7428.365879388793
27517,7428.365879388793
27518,7428.365879388793
27519,7459.931940205282
27520,7459.931940205282
27521,7459.931940205282
27522,7459.931940205282
27523,7459.931940205282
27524,7459.931940205282
27525,7459.931940205282
27526,7459.931940205282
27527,7459.931940205282
27528,7459.931940205282
27529,7459.931940205282
27530,7444.0240283928
27531,7444.0240283928
27532,7444.0240283928
27533,7444.0240283928
27534,7444.0240283928
27535,7457.672605005983
27536,7457.672605005983
27537,7457.672605005983
27538,7457.672605005983
27539,7457.672605005983
27540,7451.887259552421
27541,7451.887259552421
27542,7451.887259552421
27543,7451.887259552421
27544,7451.887259552421
27545,7451.887259552421
27546,7451.887259552421
27547,7451.887259552421
27548,7451.887259552421
27549,7451.887259552421
27550,7459.524283915962
27551,7459.524283915962
27552,7450.351026067356
27553,7450.351026067356
27554,7450.351026067356
27555,7450.351026067356
27556,7450.351026067356
27557,7450.351026067356
27558,7450.351026067356
27559,7450.351026067356
27560,7450.351026067356
27561,7450.351026067356
27562,7450.351026067356
27563,7450.351026067356
27564,7450.351026067356
27565,7450.351026067356
27566,7450.351026067356
27567,7450.351026067356
27568,7450.351026067356
27569,7450.351026067356
27570,7450.351026067356
27571,7450.351026067356
27572,7450.351026067356
27573,7450.351026067356
27574,7450.351026067356
27575,7450.351026067356
27576,7450.351026067356
27577,7450.351026067356
27578,7450.351026067356
27579,7450.351026067356
27580,7450.351026067356
27581,7450.351026067356
27582,7450.351026067356
27583,7450.351026067356
27584,7450.351026067356
27585,7450.351026067356
27586,7450.351026067356
27587,7450.351026067356
27588,7450.351026067356
27589,7450.351026067356
27590,7450.351026067356
27591,7450.351026067356
27592,7450.351026067356
27593,7450.351026067356
27594,7450.351026067356
27595,7450.351026067356
27596,7456.639817216295
27597,7456.639817216295
27598,7456.639817216295
27599,7456.639817216295
27600,7456.639817216295
27601,7456.639817216295
27602,7456.639817216295
27603,7456.639817216295
27604,7456.639817216295
27605,7456.639817216295
27606,7456.639817216295
27607,7456.639817216295
27608,7456.639817216295
27609,7456.639817216295
27610,7456.639817216295
27611,7456.639817216295
27612,7456.639817216295
27613,7456.639817216295
27614,7456.639817216295
27615,7456.639817216295
27616,7456.639817216295
27617,7456.639817216295
27618,7456.639817216295
27619,7456.639817216295
27620,7456.639817216295
27621,7456.639817216295
27622,7456.639817216295
27623,7456.639817216295
27624,7456.639817216295
27625,7456.639817216295
27626,7456.639817216295
27627,7456.639817216295
27628,7456.639817216295
27629,7456.639817216295
27630,7456.639817216295
27631,7471.661669886957
27632,7471.661669886957
27633,7471.661669886957
27634,7471.661669886957
27635,7471.661669886957
27636,7480.989009655722
27637,7480.989009655722
27638,7480.989009655722
27639,7480.989009655722
27640,7480.989009655722
27641,7480.989009655722
27642,7480.989009655722
27643,7480.989009655722
27644,7480.989009655722
27645,7480.989009655722
27646,7480.989009655722
27647,7480.989009655722
27648,7480.989009655722
27649,7480.989009655722
27650,7478.312797471081
27651,7478.312797471081
27652,7478.312797471081
27653,7468.14072190058
27654,7468.14072190058
27655,7468.14072190058
27656,7468.14072190058
27657,7468.14072190058
27658,7443.508366831153
27659,7443.508366831153
27660,7443.508366831153
27661,7443.508366831153
27662,7443.508366831153
27663,7449.4520915925505
27664,7449.4520915925505
27665,7449.4520915925505
27666,7449.4520915925505
27667,7449.4520915925505
27668,7449.4520915925505
27669,7449.4520915925505
27670,7449.4520915925505
27671,7449.4520915925505
27672,7449.4520915925505
27673,7449.4520915925505
27674,7449.089377790388
27675,7449.089377790388
27676,7449.089377790388
27677,7449.089377790388
27678,7449.089377790388
27679,7396.111787615691
27680,7396.111787615691
27681,7396.111787615691
27682,7396.111787615691
27683,7396.111787615691
27684,7396.111787615691
27685,7396.111787615691
27686,7432.911454681448
27687,7432.911454681448
27688,7432.911454681448
27689,7432.911454681448
27690,7432.911454681448
27691,7432.911454681448
27692,7432.911454681448
27693,7432.911454681448
27694,7432.911454681448
27695,7432.911454681448
27696,7432.911454681448
27697,7432.911454681448
27698,7432.911454681448
27699,7432.911454681448
27700,7432.911454681448
27701,7432.911454681448
27702,7432.911454681448
27703,7432.911454681448
27704,7432.911454681448
27705,7432.911454681448
27706,7432.911454681448
27707,7432.911454681448
27708,7432.911454681448
27709,7432.911454681448
27710,7404.1742907291155
27711,7356.770791480113
27712,7356.770791480113
27713,7356.770791480113
27714,7356.770791480113
27715,7458.43944349264
27716,7458.43944349264
27717,7458.43944349264
27718,7458.43944349264
27719,7464.184960117684
27720,7464.184960117684
27721,7464.184960117684
27722,7464.184960117684
27723,7464.184960117684
27724,7464.184960117684
27725,7464.184960117684
27726,7469.872339064819
27727,7469.872339064819
27728,7469.872339064819
27729,7469.872339064819
27730,7469.872339064819
27731,7469.872339064819
27732,7469.872339064819
27733,7469.872339064819
27734,7484.896946585508
27735,7484.896946585508
27736,7484.896946585508
27737,7484.896946585508
27738,7474.5468695596965
27739,7474.5468695596965
27740,7474.5468695596965
27741,7474.5468695596965
27742,7474.5468695596965
27743,7474.5468695596965
27744,7474.5468695596965
27745,7474.5468695596965
27746,7474.5468695596965
27747,7474.5468695596965
27748,7474.5468695596965
27749,7483.477430568978
27750,7483.477430568978
27751,7483.477430568978
27752,7483.477430568978
27753,7483.477430568978
27754,7483.477430568978
27755,7483.477430568978
27756,7483.477430568978
27757,7483.477430568978
27758,7483.477430568978
27759,7483.477430568978
27760,7483.477430568978
27761,7483.477430568978
27762,7483.477430568978
27763,7494.107220538796
27764,7494.107220538796
27765,7494.107220538796
27766,7494.107220538796
27767,7494.107220538796
27768,7494.107220538796
27769,7494.107220538796
27770,7468.134454808714
27771,7468.134454808714
27772,7468.134454808714
27773,7468.134454808714
27774,7468.134454808714
27775,7468.134454808714
27776,7468.134454808714
27777,7461.639790756128
27778,7461.639790756128
27779,7461.639790756128
27780,7461.639790756128
27781,7461.639790756128
27782,7461.639790756128
27783,7461.639790756128
27784,7461.639790756128
27785,7461.639790756128
27786,7461.639790756128
27787,7461.639790756128
27788,7461.639790756128
27789,7461.639790756128
27790,7461.639790756128
27791,7461.639790756128
27792,7461.524989402877
27793,7461.524989402877
27794,7461.524989402877
27795,7461.524989402877
27796,7418.867607742232
27797,7418.867607742232
27798,7418.867607742232
27799,7418.867607742232
27800,7418.867607742232
27801,7418.867607742232
27802,7418.867607742232
27803,7418.867607742232
27804,7418.867607742232
27805,7418.867607742232
27806,7387.298941015303
27807,7387.298941015303
27808,7387.298941015303
27809,7387.298941015303
27810,7411.457257245749
27811,7411.457257245749
27812,7411.457257245749
27813,7423.051792716853
27814,7423.051792716853
27815,7423.051792716853
27816,7427.809093711712
27817,7427.809093711712
27818,7427.809093711712
27819,7427.809093711712
27820,7427.809093711712
27821,7427.809093711712
27822,7442.924025506225
27823,7442.924025506225
27824,7442.924025506225
27825,7442.924025506225
27826,7446.259241705757
27827,7446.259241705757
27828,7446.259241705757
27829,7446.259241705757
27830,7446.259241705757
27831,7446.259241705757
27832,7446.259241705757
27833,7446.259241705757
27834,7446.259241705757
27835,7446.259241705757
27836,7446.259241705757
27837,7446.259241705757
27838,7446.259241705757
27839,7446.259241705757
27840,7446.259241705757
27841,7446.259241705757
27842,7435.445243558548
27843,7435.445243558548
27844,7435.445243558548
27845,7470.013241719287
27846,7470.013241719287
27847,7470.013241719287
27848,7470.013241719287
27849,7470.013241719287
27850,7470.013241719287
27851,7470.013241719287
27852,7470.013241719287
27853,7470.013241719287
27854,7470.013241719287
27855,7470.013241719287
27856,7470.013241719287
27857,7470.013241719287
27858,7470.013241719287
27859,7470.013241719287
27860,7470.013241719287
27861,7470.013241719287
27862,7457.110332663595
27863,7457.110332663595
27864,7457.110332663595
27865,7457.110332663595
27866,7488.8402475210805
27867,7488.8402475210805
27868,7488.8402475210805
27869,7488.8402475210805
27870,7488.8402475210805
27871,7478.917469725334
27872,7478.917469725334
27873,7478.917469725334
27874,7478.917469725334
27875,7478.917469725334
27876,7478.917469725334
27877,7478.917469725334
27878,7478.917469725334
27879,7478.917469725334
27880,7478.917469725334
27881,7478.917469725334
27882,7478.917469725334
27883,7478.917469725334
27884,7478.917469725334
27885,7478.917469725334
27886,7478.917469725334
27887,7478.917469725334
27888,7478.917469725334
27889,7478.917469725334
27890,7478.917469725334
27891,7478.917469725334
27892,7475.282140466151
27893,7475.282140466151
27894,7475.282140466151
27895,7475.282140466151
27896,7475.282140466151
27897,7475.282140466151
27898,7475.282140466151
27899,7475.282140466151
27900,7475.282140466151
27901,7475.282140466151
27902,7475.282140466151
27903,7475.282140466151
27904,7475.282140466151
27905,7475.282140466151
27906,7475.282140466151
27907,7475.282140466151
27908,7475.282140466151
27909,7475.282140466151
27910,7475.282140466151
27911,7473.740511955549
27912,7473.740511955549
27913,7473.740511955549
27914,7473.740511955549
27915,7473.740511955549
27916,7473.740511955549
27917,7473.740511955549
27918,7473.740511955549
27919,7495.160859299424
27920,7495.160859299424
27921,7469.226475585778
27922,7469.226475585778
27923,7469.226475585778
27924,7469.226475585778
27925,7469.226475585778
27926,7469.226475585778
27927,7464.783851568607
27928,7464.783851568607
27929,7464.783851568607
27930,7464.783851568607
27931,7464.783851568607
27932,7461.957725494029
27933,7461.957725494029
27934,7461.957725494029
27935,7461.957725494029
27936,7461.957725494029
27937,7461.957725494029
27938,7461.957725494029
27939,7461.957725494029
27940,7461.957725494029
27941,7461.957725494029
27942,7461.957725494029
27943,7461.957725494029
27944,7461.957725494029
27945,7461.957725494029
27946,7461.957725494029
27947,7461.957725494029
27948,7461.957725494029
27949,7461.957725494029
27950,7474.274942783105
27951,7478.512372527515
27952,7478.512372527515
27953,7478.512372527515
27954,7478.512372527515
27955,7478.512372527515
27956,7478.512372527515
27957,7478.512372527515
27958,7478.512372527515
27959,7478.512372527515
27960,7478.512372527515
27961,7478.512372527515
27962,7478.512372527515
27963,7478.512372527515
27964,7478.512372527515
27965,7478.512372527515
27966,7478.512372527515
27967,7478.512372527515
27968,7478.512372527515
27969,7463.904378551846
27970,7463.904378551846
27971,7463.904378551846
27972,7463.904378551846
27973,7463.904378551846
27974,7463.904378551846
27975,7463.904378551846
27976,7463.904378551846
27977,7463.904378551846
27978,7463.904378551846
27979,7463.904378551846
27980,7463.904378551846
27981,7463.904378551846
27982,7463.904378551846
27983,7463.904378551846
27984,7463.904378551846
27985,7463.904378551846
27986,7463.904378551846
27987,7463.904378551846
27988,7463.904378551846
27989,7463.904378551846
27990,7463.904378551846
27991,7463.904378551846
27992,7463.904378551846
27993,7452.774199015789
27994,7452.774199015789
27995,7452.774199015789
27996,7452.774199015789
27997,7448.113274691817
27998,7448.113274691817
27999,7448.113274691817
28000,7448.113274691817
28001,7448.113274691817
28002,7448.113274691817
28003,7448.113274691817
28004,7448.113274691817
28005,7448.113274691817
28006,7448.113274691817
28007,7448.113274691817
28008,7448.113274691817
28009,7448.113274691817
28010,7448.113274691817
28011,7448.113274691817
28012,7448.113274691817
28013,7448.113274691817
28014,7448.113274691817
28015,7448.113274691817
28016,7448.113274691817
28017,7462.283128293963
28018,7462.283128293963
28019,7446.392650089741
28020,7446.392650089741
28021,7446.392650089741
28022,7446.392650089741
28023,7446.392650089741
28024,7446.392650089741
28025,7446.392650089741
28026,7446.392650089741
28027,7450.780360000213
28028,7450.780360000213
28029,7450.780360000213
28030,7468.196970103012
28031,7468.196970103012
28032,7468.196970103012
28033,7468.196970103012
28034,7468.196970103012
28035,7468.196970103012
28036,7468.196970103012
28037,7468.196970103012
28038,7468.196970103012
28039,7482.019105258879
28040,7482.019105258879
28041,7482.019105258879
28042,7482.019105258879
28043,7482.019105258879
28044,7482.019105258879
28045,7482.019105258879
28046,7482.019105258879
28047,7482.019105258879
28048,7482.019105258879
28049,7482.019105258879
28050,7482.019105258879
28051,7462.731348061702
28052,7462.731348061702
28053,7462.731348061702
28054,7462.731348061702
28055,7462.731348061702
28056,7433.772488940623
28057,7433.772488940623
28058,7433.772488940623
28059,7433.772488940623
28060,7458.323243104269
28061,7458.323243104269
28062,7458.323243104269
28063,7458.323243104269
28064,7458.323243104269
28065,7458.323243104269
28066,7458.323243104269
28067,7439.818405297676
28068,7439.818405297676
28069,7439.818405297676
28070,7439.818405297676
28071,7439.818405297676
28072,7439.818405297676
28073,7439.818405297676
28074,7421.06314860189
28075,7421.06314860189
28076,7421.06314860189
28077,7421.06314860189
28078,7421.06314860189
28079,7421.06314860189
28080,7421.06314860189
28081,7442.172493371128
28082,7442.172493371128
28083,7442.172493371128
28084,7476.182432484292
28085,7460.352185672062
28086,7460.352185672062
28087,7460.352185672062
28088,7460.352185672062
28089,7460.352185672062
28090,7460.352185672062
28091,7460.352185672062
28092,7452.815437217029
28093,7452.815437217029
28094,7452.815437217029
28095,7452.815437217029
28096,7452.815437217029
28097,7462.511183595806
28098,7462.511183595806
28099,7462.511183595806
28100,7462.511183595806
28101,7462.511183595806
28102,7462.511183595806
28103,7462.511183595806
28104,7445.06985741044
28105,7445.06985741044
28106,7445.06985741044
28107,7462.222784208905
28108,7462.222784208905
28109,7462.222784208905
28110,7462.222784208905
28111,7462.222784208905
28112,7462.222784208905
28113,7462.222784208905
28114,7462.222784208905
28115,7462.222784208905
28116,7462.222784208905
28117,7462.222784208905
28118,7462.222784208905
28119,7462.222784208905
28120,7462.222784208905
28121,7462.222784208905
28122,7462.222784208905
28123,7462.222784208905
28124,7462.222784208905
28125,7462.222784208905
28126,7462.222784208905
28127,7462.222784208905
28128,7462.222784208905
28129,7462.222784208905
28130,7462.222784208905
28131,7462.222784208905
28132,7462.222784208905
28133,7462.222784208905
28134,7465.755472745013
28135,7465.755472745013
28136,7465.755472745013
28137,7465.755472745013
28138,7465.755472745013
28139,7465.755472745013
28140,7465.755472745013
28141,7465.755472745013
28142,7465.755472745013
28143,7465.755472745013
28144,7465.755472745013
28145,7465.755472745013
28146,7465.755472745013
28147,7465.755472745013
28148,7465.755472745013
28149,7465.755472745013
28150,7460.838177127511
28151,7460.838177127511
28152,7460.838177127511
28153,7460.838177127511
28154,7460.838177127511
28155,7460.838177127511
28156,7460.838177127511
28157,7460.838177127511
28158,7460.838177127511
28159,7461.217725279985
28160,7461.217725279985
28161,7461.217725279985
28162,7461.217725279985
28163,7461.217725279985
28164,7461.217725279985
28165,7396.618306719457
28166,7396.618306719457
28167,7396.618306719457
28168,7472.50448597696
28169,7476.96016415617
28170,7476.96016415617
28171,7476.96016415617
28172,7419.369630203439
28173,7419.369630203439
28174,7419.369630203439
28175,7419.369630203439
28176,7419.369630203439
28177,7419.369630203439
28178,7419.369630203439
28179,7425.297217090335
28180,7425.297217090335
28181,7380.189329202585
28182,7380.189329202585
28183,7438.636095846833
28184,7438.636095846833
28185,7413.270479601224
28186,7413.270479601224
28187,7413.270479601224
28188,7406.762488679418
28189,7406.762488679418
28190,7406.762488679418
28191,7417.865168153246
28192,7417.865168153246
28193,7417.865168153246
28194,7417.865168153246
28195,7313.633811239576
28196,7313.633811239576
28197,7390.430504434665
28198,7390.430504434665
28199,7960.28389344258
28200,7960.28389344258
28201,8064.977514124823
28202,8064.977514124823
28203,8064.977514124823
28204,8064.977514124823
28205,8048.166307535622
28206,8048.166307535622
28207,8054.371917596054
28208,8048.166307535622
28209,8048.166307535622
28210,8047.217151273912
28211,8047.217151273912
28212,8047.217151273912
28213,8234.126868623951
28214,8234.126868623951
28215,8234.126868623951
28216,8234.126868623951
28217,8234.126868623951
28218,8185.834422275117
28219,8185.834422275117
28220,8185.834422275117
28221,8128.019351951301
28222,8008.474972046583
28223,8128.019351951301
28224,8128.019351951301
28225,8054.290036640402
28226,8054.290036640402
28227,8054.290036640402
28228,8054.290036640402
28229,8064.38657006717
28230,8064.38657006717
28231,8064.38657006717
28232,8064.38657006717
28233,7998.997395440576
28234,7998.997395440576
28235,7998.997395440576
28236,7998.997395440576
28237,7998.997395440576
28238,8048.52407601277
28239,8048.52407601277
28240,8048.52407601277
28241,8105.458467772347
28242,8105.458467772347
28243,8080.371302941503
28244,8080.371302941503
28245,8080.371302941503
28246,8080.371302941503
28247,8106.975557212295
28248,8106.975557212295
28249,8106.975557212295
28250,8106.975557212295
28251,8098.314488927308
28252,8098.314488927308
28253,8098.314488927308
28254,8098.314488927308
28255,8098.314488927308
28256,8098.314488927308
28257,8098.314488927308
28258,8098.314488927308
28259,8098.314488927308
28260,8099.114768281754
28261,8099.114768281754
28262,8099.114768281754
28263,8099.114768281754
28264,8099.114768281754
28265,8099.114768281754
28266,8099.114768281754
28267,8099.114768281754
28268,8099.114768281754
28269,8099.114768281754
28270,8099.114768281754
28271,8099.114768281754
28272,8032.978334429917
28273,8032.978334429917
28274,8126.63399838101
28275,8126.63399838101
28276,8126.63399838101
28277,8126.63399838101
28278,8126.63399838101
28279,8126.63399838101
28280,8126.63399838101
28281,8126.63399838101
28282,8126.63399838101
28283,8126.63399838101
28284,8126.63399838101
28285,8136.884993631556
28286,8136.884993631556
28287,8136.884993631556
28288,8136.884993631556
28289,8101.256036235536
28290,8101.256036235536
28291,8101.256036235536
28292,8101.256036235536
28293,8101.256036235536
28294,8101.256036235536
28295,8101.256036235536
28296,8098.047695637463
28297,8098.047695637463
28298,8098.047695637463
28299,8098.047695637463
28300,8098.047695637463
28301,8098.047695637463
28302,8098.047695637463
28303,8098.047695637463
28304,8098.047695637463
28305,8098.047695637463
28306,8098.047695637463
28307,8098.047695637463
28308,8404.490119531985
28309,8098.047695637463
28310,8098.047695637463
28311,8098.047695637463
28312,8098.047695637463
28313,8098.047695637463
28314,8098.047695637463
28315,8098.047695637463
28316,8088.397194935397
28317,8088.397194935397
28318,8088.397194935397
28319,8088.397194935397
28320,8081.122743920984
28321,8081.122743920984
28322,8081.122743920984
28323,8081.122743920984
28324,8098.755286834977
28325,8098.755286834977
28326,8098.755286834977
28327,8098.755286834977
28328,8085.294697867428
28329,8085.294697867428
28330,8085.294697867428
28331,8085.294697867428
28332,8085.294697867428
28333,8085.294697867428
28334,8085.294697867428
28335,8082.414090226644
28336,8082.414090226644
28337,8082.414090226644
28338,8082.414090226644
28339,8082.414090226644
28340,7959.732221802548
28341,7959.732221802548
28342,7959.732221802548
28343,7959.732221802548
28344,7959.732221802548
28345,7959.732221802548
28346,7959.732221802548
28347,7959.732221802548
28348,7959.732221802548
28349,8010.836546434452
28350,8010.836546434452
28351,8010.836546434452
28352,7875.5754251249
28353,7875.5754251249
28354,7875.5754251249
28355,7875.5754251249
28356,8085.2187942047085
28357,8085.2187942047085
28358,8085.2187942047085
28359,8093.62648897312
28360,8093.62648897312
28361,8093.62648897312
28362,8093.62648897312
28363,8154.457867299154
28364,8093.62648897312
28365,8093.62648897312
28366,8093.62648897312
28367,8093.62648897312
28368,8064.588271652371
28369,8064.588271652371
28370,8064.588271652371
28371,8064.588271652371
28372,8064.588271652371
28373,8064.588271652371
28374,8064.588271652371
28375,8076.4557863501905
28376,8076.4557863501905
28377,8076.4557863501905
28378,8076.4557863501905
28379,8076.4557863501905
28380,8076.4557863501905
28381,8076.4557863501905
28382,8076.4557863501905
28383,8076.4557863501905
28384,8076.4557863501905
28385,8076.4557863501905
28386,8080.246420656378
28387,8080.246420656378
28388,8080.246420656378
28389,8080.246420656378
28390,8080.246420656378
28391,8138.191873730653
28392,8138.191873730653
28393,8138.191873730653
28394,8138.191873730653
28395,8138.191873730653
28396,8088.109651815999
28397,8088.109651815999
28398,8088.109651815999
28399,8088.109651815999
28400,8088.109651815999
28401,8088.109651815999
28402,8088.109651815999
28403,8088.109651815999
28404,8088.109651815999
28405,8088.109651815999
28406,8095.74667617954
28407,8095.74667617954
28408,8086.573418330934
28409,8086.573418330934
28410,8086.573418330934
28411,8086.573418330934
28412,8086.573418330934
28413,8086.573418330934
28414,8086.573418330934
28415,8086.573418330934
28416,8086.573418330934
28417,8086.573418330934
28418,8086.573418330934
28419,8086.573418330934
28420,8099.203851712366
28421,8099.203851712366
28422,8086.217618359838
28423,8086.217618359838
28424,8086.217618359838
28425,8086.217618359838
28426,8086.217618359838
28427,8086.217618359838
28428,8086.217618359838
28429,8086.217618359838
28430,8086.217618359838
28431,8086.217618359838
28432,8086.217618359838
28433,8086.217618359838
28434,8086.217618359838
28435,8086.217618359838
28436,8086.217618359838
28437,8086.217618359838
28438,8086.217618359838
28439,8084.685282794837
28440,8084.685282794837
28441,8084.685282794837
28442,8084.685282794837
28443,8085.7860052620235
28444,8085.7860052620235
28445,8085.7860052620235
28446,8085.7860052620235
28447,8085.7860052620235
28448,8085.7860052620235
28449,8085.7860052620235
28450,8085.7860052620235
28451,8085.7860052620235
28452,8092.074796410963
28453,8092.074796410963
28454,8092.074796410963
28455,8092.074796410963
28456,8092.074796410963
28457,8092.074796410963
28458,8092.074796410963
28459,8092.074796410963
28460,8092.074796410963
28461,8092.074796410963
28462,8092.074796410963
28463,8092.074796410963
28464,8092.074796410963
28465,8092.074796410963
28466,8092.074796410963
28467,8092.074796410963
28468,8092.074796410963
28469,8092.074796410963
28470,8092.074796410963
28471,8092.074796410963
28472,8092.074796410963
28473,8094.171343754692
28474,8094.171343754692
28475,8094.171343754692
28476,8094.171343754692
28477,8094.171343754692
28478,8094.171343754692
28479,8094.171343754692
28480,8099.9538545336845
28481,8094.171343754692
28482,8094.171343754692
28483,8094.171343754692
28484,8094.171343754692
28485,8094.171343754692
28486,8094.171343754692
28487,8109.193196425354
28488,8109.193196425354
28489,8109.193196425354
28490,8109.193196425354
28491,8109.193196425354
28492,8118.520536194116
28493,8118.520536194116
28494,8118.520536194116
28495,8118.520536194116
28496,8118.520536194116
28497,8118.520536194116
28498,8118.520536194116
28499,8118.520536194116
28500,8118.520536194116
28501,8118.520536194116
28502,8118.520536194116
28503,8118.520536194116
28504,8118.520536194116
28505,8118.520536194116
28506,8115.844324009473
28507,8115.844324009473
28508,8115.844324009473
28509,8105.672248438977
28510,8105.672248438977
28511,8105.672248438977
28512,8105.672248438977
28513,8105.672248438977
28514,8081.03989336955
28515,8081.03989336955
28516,8081.03989336955
28517,8081.03989336955
28518,8081.03989336955
28519,8086.983618130947
28520,8086.983618130947
28521,8086.983618130947
28522,8086.983618130947
28523,8086.983618130947
28524,8086.983618130947
28525,8086.983618130947
28526,8086.983618130947
28527,8086.983618130947
28528,8086.983618130947
28529,8086.983618130947
28530,8086.620904328785
28531,8086.620904328785
28532,8086.620904328785
28533,8086.620904328785
28534,8086.620904328785
28535,8033.643314154088
28536,8033.643314154088
28537,8031.492007442183
28538,8031.492007442183
28539,8031.492007442183
28540,8031.492007442183
28541,8031.492007442183
28542,8068.29167450794
28543,8068.29167450794
28544,8068.29167450794
28545,8068.29167450794
28546,8068.29167450794
28547,8068.29167450794
28548,8068.29167450794
28549,8068.29167450794
28550,8068.29167450794
28551,8068.29167450794
28552,8068.29167450794
28553,8068.29167450794
28554,8068.29167450794
28555,8068.29167450794
28556,8068.29167450794
28557,8068.29167450794
28558,8068.29167450794
28559,8068.29167450794
28560,8068.29167450794
28561,8068.29167450794
28562,8068.29167450794
28563,8068.29167450794
28564,8068.29167450794
28565,8068.29167450794
28566,8039.5545105556075
28567,7992.151011306605
28568,7992.151011306605
28569,7992.151011306605
28570,7992.151011306605
28571,8093.819663319132
28572,8093.819663319132
28573,8093.819663319132
28574,8093.819663319132
28575,8099.565179944176
28576,8099.565179944176
28577,8099.565179944176
28578,8099.565179944176
28579,8099.565179944176
28580,8099.565179944176
28581,8099.565179944176
28582,8105.252558891311
28583,8105.252558891311
28584,8105.252558891311
28585,8105.252558891311
28586,8105.252558891311
28587,8105.252558891311
28588,8105.252558891311
28589,8105.252558891311
28590,8120.277166411997
28591,8120.277166411997
28592,8120.277166411997
28593,8120.277166411997
28594,8109.9270893861885
28595,8109.9270893861885
28596,8109.9270893861885
28597,8109.9270893861885
28598,8109.9270893861885
28599,8109.9270893861885
28600,8109.9270893861885
28601,8109.9270893861885
28602,8109.9270893861885
28603,8109.9270893861885
28604,8109.9270893861885
28605,8118.857650395469
28606,8118.857650395469
28607,8118.857650395469
28608,8118.857650395469
28609,8118.857650395469
28610,8118.857650395469
28611,8118.857650395469
28612,8118.857650395469
28613,8118.857650395469
28614,8118.857650395469
28615,8118.857650395469
28616,8118.857650395469
28617,8118.857650395469
28618,8118.857650395469
28619,8129.487440365285
28620,8129.487440365285
28621,8129.487440365285
28622,8129.487440365285
28623,8129.487440365285
28624,8129.487440365285
28625,8129.487440365285
28626,8103.514674635206
28627,8103.514674635206
28628,8103.514674635206
28629,8103.514674635206
28630,8103.514674635206
28631,8103.514674635206
28632,8103.514674635206
28633,8097.02001058262
28634,8097.02001058262
28635,8097.02001058262
28636,8097.02001058262
28637,8097.02001058262
28638,8097.02001058262
28639,8097.02001058262
28640,8097.02001058262
28641,8097.02001058262
28642,8097.02001058262
28643,8097.02001058262
28644,8097.02001058262
28645,8097.02001058262
28646,8097.02001058262
28647,8097.02001058262
28648,8096.905209229369
28649,8096.905209229369
28650,8096.905209229369
28651,8096.905209229369
28652,8054.2478275687245
28653,8054.2478275687245
28654,8054.2478275687245
28655,8054.2478275687245
28656,8054.2478275687245
28657,8054.2478275687245
28658,8054.2478275687245
28659,8054.2478275687245
28660,8054.2478275687245
28661,8054.2478275687245
28662,8022.679160841795
28663,8022.679160841795
28664,8022.679160841795
28665,8022.679160841795
28666,8046.837477072241
28667,8046.837477072241
28668,8046.837477072241
28669,8058.432012543345
28670,8058.432012543345
28671,8058.432012543345
28672,8063.189313538204
28673,8063.189313538204
28674,8063.189313538204
28675,8063.189313538204
28676,8063.189313538204
28677,8063.189313538204
28678,8078.304245332717
28679,8078.304245332717
28680,8078.304245332717
28681,8078.304245332717
28682,8081.639461532249
28683,8081.639461532249
28684,8081.639461532249
28685,8081.639461532249
28686,8081.639461532249
28687,8081.639461532249
28688,8081.639461532249
28689,8081.639461532249
28690,8081.639461532249
28691,8081.639461532249
28692,8081.639461532249
28693,8018.244898419722
28694,8018.244898419722
28695,8018.244898419722
28696,8018.244898419722
28697,8018.244898419722
28698,8007.430900272513
28699,8007.430900272513
28700,8007.430900272513
28701,8146.151841331886
28702,8146.151841331886
28703,8146.151841331886
28704,8146.151841331886
28705,8146.151841331886
28706,8146.151841331886
28707,8107.891266862127
28708,8107.891266862127
28709,8107.891266862127
28710,8107.891266862127
28711,8107.891266862127
28712,8107.891266862127
28713,8107.891266862127
28714,8107.891266862127
28715,8107.891266862127
28716,8332.59441828523
28717,8107.891266862127
28718,8094.988357806435
28719,8094.988357806435
28720,8094.988357806435
28721,8094.988357806435
28722,8126.718272663915
28723,8126.718272663915
28724,8126.718272663915
28725,8126.718272663915
28726,8126.718272663915
28727,8116.795494868172
28728,8116.795494868172
28729,8116.795494868172
28730,8116.795494868172
28731,8116.795494868172
28732,8116.795494868172
28733,8116.795494868172
28734,8116.795494868172
28735,8116.795494868172
28736,8116.795494868172
28737,8116.795494868172
28738,8116.795494868172
28739,8116.795494868172
28740,8116.795494868172
28741,8116.795494868172
28742,8116.795494868172
28743,8116.795494868172
28744,8116.795494868172
28745,8116.795494868172
28746,8116.795494868172
28747,8116.795494868172
28748,8113.160165608991
28749,8113.160165608991
28750,8113.160165608991
28751,8113.160165608991
28752,8113.160165608991
28753,8113.160165608991
28754,8113.160165608991
28755,8113.160165608991
28756,8113.160165608991
28757,8113.160165608991
28758,8113.160165608991
28759,8113.160165608991
28760,8113.160165608991
28761,8113.160165608991
28762,8113.160165608991
28763,8113.160165608991
28764,8113.294142007174
28765,8113.294142007174
28766,8113.294142007174
28767,8120.917074184288
28768,8120.917074184288
28769,8120.917074184288
28770,8120.917074184288
28771,8120.917074184288
28772,8120.917074184288
28773,8120.917074184288
28774,8120.917074184288
28775,8155.808621148493
28776,8155.808621148493
28777,8129.874237434844
28778,8129.874237434844
28779,8129.874237434844
28780,8129.874237434844
28781,8129.874237434844
28782,8129.874237434844
28783,8119.4150075859625
28784,8119.4150075859625
28785,8119.4150075859625
28786,8119.4150075859625
28787,8119.4150075859625
28788,8116.588881511382
28789,8116.588881511382
28790,8116.588881511382
28791,8116.588881511382
28792,8116.588881511382
28793,8116.588881511382
28794,8116.588881511382
28795,8116.588881511382
28796,8116.588881511382
28797,8116.588881511382
28798,8116.588881511382
28799,8116.588881511382
28800,8116.588881511382
28801,8116.588881511382
28802,8116.588881511382
28803,8116.588881511382
28804,8116.588881511382
28805,8116.588881511382
28806,8128.906098800455
28807,8133.143528544866
28808,8133.143528544866
28809,8133.143528544866
28810,8133.143528544866
28811,8133.143528544866
28812,8133.143528544866
28813,8133.143528544866
28814,8133.143528544866
28815,8133.143528544866
28816,8133.143528544866
28817,8133.143528544866
28818,8133.143528544866
28819,8133.143528544866
28820,8133.143528544866
28821,8133.143528544866
28822,8133.143528544866
28823,8133.143528544866
28824,8133.143528544866
28825,8118.5355345692
28826,8118.5355345692
28827,8118.5355345692
28828,8118.5355345692
28829,8118.5355345692
28830,8118.5355345692
28831,8118.5355345692
28832,8118.5355345692
28833,8084.94559651029
28834,8084.94559651029
28835,8084.94559651029
28836,8084.94559651029
28837,8084.94559651029
28838,8084.94559651029
28839,8084.94559651029
28840,8084.94559651029
28841,8084.94559651029
28842,8153.5525377076065
28843,8153.5525377076065
28844,8153.5525377076065
28845,8092.308233558025
28846,8092.308233558025
28847,8092.308233558025
28848,8092.308233558025
28849,8081.178054021968
28850,8081.178054021968
28851,8081.178054021968
28852,8081.178054021968
28853,8062.597770700315
28854,8062.597770700315
28855,8062.597770700315
28856,8062.597770700315
28857,8062.597770700315
28858,8062.597770700315
28859,8062.597770700315
28860,8062.597770700315
28861,8062.597770700315
28862,8062.597770700315
28863,8062.597770700315
28864,8062.597770700315
28865,8062.597770700315
28866,8062.597770700315
28867,8062.597770700315
28868,8067.662686789092
28869,8067.662686789092
28870,8067.662686789092
28871,8067.662686789092
28872,8067.662686789092
28873,8081.832540391238
28874,8081.832540391238
28875,8065.942062187016
28876,8065.942062187016
28877,8065.942062187016
28878,8065.942062187016
28879,8065.942062187016
28880,8065.942062187016
28881,8065.942062187016
28882,8065.942062187016
28883,8084.249131095168
28884,8084.249131095168
28885,8084.249131095168
28886,8101.665741197968
28887,8101.665741197968
28888,8101.665741197968
28889,8101.665741197968
28890,8101.665741197968
28891,8101.665741197968
28892,8101.665741197968
28893,8101.665741197968
28894,8101.665741197968
28895,8115.487876353834
28896,8115.487876353834
28897,8115.487876353834
28898,8115.487876353834
28899,8115.487876353834
28900,8115.487876353834
28901,8807.45359057597
28902,8115.487876353834
28903,8109.146201379216
28904,8109.146201379216
28905,8109.146201379216
28906,8109.146201379216
28907,8093.906137191094
28908,8093.906137191094
28909,8101.893905677244
28910,8093.906137191094
28911,8093.906137191094
28912,8064.947278070014
28913,8064.947278070014
28914,8064.947278070014
28915,8064.947278070014
28916,8089.4980322336605
28917,8089.4980322336605
28918,8089.4980322336605
28919,8089.4980322336605
28920,8089.4980322336605
28921,8089.4980322336605
28922,8089.4980322336605
28923,8070.9931944270675
28924,8070.9931944270675
28925,8070.9931944270675
28926,8070.9931944270675
28927,8070.9931944270675
28928,8070.9931944270675
28929,8070.9931944270675
28930,8052.237937731282
28931,8052.237937731282
28932,8052.237937731282
28933,8052.237937731282
28934,8052.237937731282
28935,8052.237937731282
28936,8052.237937731282
28937,8071.153071712297
28938,8071.153071712297
28939,8071.153071712297
28940,8103.000676933785
28941,8087.170430121555
28942,8087.170430121555
28943,8087.170430121555
28944,8087.170430121555
28945,8087.170430121555
28946,8087.170430121555
28947,8087.170430121555
28948,8079.6336816665225
28949,8079.6336816665225
28950,8079.6336816665225
28951,8079.6336816665225
28952,8079.6336816665225
28953,8094.62290204236
28954,8094.62290204236
28955,8094.62290204236
28956,8094.62290204236
28957,8090.811032467406
28958,8090.811032467406
28959,8090.811032467406
28960,8073.36970628204
28961,8073.36970628204
28962,8073.36970628204
28963,8090.522633080505
28964,8090.522633080505
28965,8090.522633080505
28966,8090.522633080505
28967,8090.522633080505
28968,8090.522633080505
28969,8090.522633080505
28970,8090.522633080505
28971,8090.522633080505
28972,8090.522633080505
28973,8090.522633080505
28974,8090.522633080505
28975,8090.522633080505
28976,8090.522633080505
28977,8090.522633080505
28978,8090.522633080505
28979,8090.522633080505
28980,8090.522633080505
28981,8090.522633080505
28982,8090.522633080505
28983,8090.522633080505
28984,8076.058737598912
28985,8076.058737598912
28986,8076.058737598912
28987,8076.058737598912
28988,8086.86635212764
28989,8086.86635212764
28990,8085.706311938072
28991,8085.706311938072
28992,8085.706311938072
28993,8085.706311938072
28994,8085.706311938072
28995,8085.706311938072
28996,8085.706311938072
28997,8085.706311938072
28998,8085.706311938072
28999,8085.706311938072
29000,8085.706311938072
29001,8085.706311938072
29002,8085.706311938072
29003,8085.706311938072
29004,8085.706311938072
29005,8085.706311938072
29006,8076.537900615523
29007,8076.537900615523
29008,8076.537900615523
29009,8073.253813181155
29010,8073.253813181155
29011,8073.253813181155
29012,8073.253813181155
29013,8073.253813181155
29014,8073.253813181155
29015,8073.633361333629
29016,8073.633361333629
29017,8073.633361333629
29018,8073.633361333629
29019,8073.633361333629
29020,8073.633361333629
29021,7993.921778506781
29022,7993.921778506781
29023,7993.921778506781
29024,8005.062427627627
29025,8024.630270073158
29026,8024.630270073158
29027,8024.630270073158
29028,8031.785266257083
29029,8031.785266257083
29030,8031.785266257083
29031,8031.785266257083
29032,8031.785266257083
29033,8031.785266257083
29034,8031.785266257083
29035,8045.6928013114075
29036,8045.6928013114075
29037,8000.584913423658
29038,8000.584913423658
29039,8092.215431465156
29040,8092.215431465156
29041,8087.813293464443
29042,8087.813293464443
29043,8087.813293464443
29044,8081.305302542637
29045,8081.305302542637
29046,8081.305302542637
29047,8092.6259459183875
29048,8092.6259459183875
29049,8092.6259459183875
29050,8092.6259459183875
29051,8106.4112556025875
29052,8106.4112556025875
29053,8183.207948797655
29054,8183.207948797655
29055,6673.43467595286
29056,6899.274202054907
29057,7410.440696228823
29058,7371.604247357589
29059,7193.4642660160525
29060,5572.817125732997
29061,5531.299009025837
29062,5528.501650035597
29063,6522.695245747574
29064,5535.619356639957
29065,5492.695846920167
29066,6248.705205873382
29067,5857.711928241934
29068,5762.724351733161
29069,5943.3226274462295
29070,5361.148235949094
29071,6145.32204190802
29072,5632.2264553408195
29073,5632.2264553408195
29074,5585.103271219547
29075,5085.908801964333
29076,5026.618018423853
29077,5708.252012525476
29078,6099.613084630254
29079,5676.677249707548
29080,5769.130682330792
29081,5769.130682330792
29082,5971.3213196065935
29083,5091.224349381262
29084,4926.042987609655
29085,4911.091310484166
29086,4877.197281232038
29087,4924.905341939042
29088,4918.71220076518
29089,4860.946338537695
29090,4752.124338442135
29091,4860.946338537695
29092,4579.247432123366
29093,4554.931727173779
29094,4523.8994890063595
29095,5148.341250693609
29096,5042.930794374552
29097,5084.424255166227
29098,5254.5944712007185
29099,5254.5944712007185
29100,5767.591614187949
29101,5529.127789828535
29102,6497.330783680776
29103,5467.948529704581
29104,5662.263304394063
29105,5832.269943497011
29106,6114.645745856161
29107,5710.143823770524
29108,5904.600085152994
29109,6459.444048724055
29110,5212.20396525912
29111,5440.065754092502
29112,5272.705407092541
29113,5354.7736934098675
29114,5250.981427600384
29115,5365.66156581104
29116,6860.291540360474
29117,5431.678465844135
29118,5797.780388756233
29119,5890.7011883486275
29120,5873.491586830531
29121,5785.791972073324
29122,5611.072654043811
29123,5360.227391718845
29124,5967.489746226299
29125,5331.990441905909
29126,5603.232373723374
29127,5679.111738119298
29128,5431.904195068599
29129,5567.073492020306
29130,5578.660097049314
29131,5768.5862194291185
29132,5618.707205212234
29133,5610.305515845003
29134,6218.996045409214
29135,5737.814874846585
29136,5339.063584027539
29137,5333.478990488717
29138,5686.639846307628
29139,5734.851080649409
29140,5345.828021699665
29141,5727.483591527745
29142,5707.170699655235
29143,5811.700613401635
29144,7121.956726384967
29145,5450.766901362452
29146,5832.3577578958275
29147,5222.634396845723
29148,5522.312598607435
29149,5560.462639941711
29150,5379.509006661281
29151,5233.218571193748
29152,5393.330995540388
29153,5032.6594838066585
29154,5005.038858589747
29155,5658.979050784944
29156,5703.869876621176
29157,5743.482856345367
29158,5332.701138040344
29159,5598.458757194891
29160,5410.977102434808
29161,5427.181435508487
29162,5780.54683058538
29163,5673.954043542333
29164,5591.390765066008
29165,5540.027834331044
29166,5599.628585640587
29167,6650.21721995166
29168,5624.279377138401
29169,5419.608727908213
29170,5376.493089373011
29171,4999.621495442268
29172,4984.551022659584
29173,5217.843533245936
29174,5218.021300546535
29175,5450.070631581937
29176,5263.091837606945
29177,5813.442372543592
29178,5754.980273231959
29179,5096.1709840370095
29180,5044.250800930097
29181,5032.560828506143
29182,5002.625763620288
29183,4918.750073472951
29184,5350.559407120106
29185,5078.67149044345
29186,5818.371340755541
29187,5112.743286996177
29188,5078.849257744049
29189,5381.21485819783
29190,5486.29676712281
29191,5170.524957673103
29192,5397.354185655982
29193,5178.980060726426
29194,5317.196721922915
29195,5590.405724586754
29196,5486.125922162279
29197,5600.177415147474
29198,5689.119996614301
29199,5564.784532607563
29200,5367.5571981406565
29201,5284.818242495327
29202,5589.4032700695325
29203,5278.988154616367
29204,6141.982106807195
29205,5161.7563248518145
29206,5406.010305126983
29207,5186.027015813681
29208,5603.14299104935
29209,5294.215548011372
29210,5162.332907539012
29211,5159.621746776983
29212,5208.372953612658
29213,5181.615580314287
29214,5380.807263783245
29215,5375.7117015572985
29216,5330.9471203641415
29217,5353.823028160291
29218,5815.632922493637
29219,5276.38640637093
29220,6141.825192837708
29221,5273.5697166014
29222,5318.032925996236
29223,5438.202851764748
29224,5463.046421982357
29225,5382.078582674841
29226,5977.497385371941
29227,5690.828258412219
29228,5313.145334141731
29229,5732.745583513047
29230,5377.244348775762
29231,5401.276550161441
29232,5535.608558046482
29233,5166.9979403171355
29234,5392.690333679111
29235,5192.598595549612
29236,5412.045744355313
29237,5550.672801902415
29238,5182.372363957446
29239,6751.834155798925
29240,5597.095204175868
29241,5442.2995721776015
29242,5497.408836265148
29243,5440.931405399908
29244,5226.912720165519
29245,5780.310268348013
29246,6937.382489499402
29247,5984.262279177915
29248,5164.814673665074
29249,5309.646768639122
29250,5447.485718383354
29251,5180.727891624614
29252,5416.492168409951
29253,5660.234141271982
29254,5452.95375845314
29255,5332.260908579007
29256,5673.552864884713
29257,5639.7514367954855
29258,5355.136816375157
29259,5489.112640156208
29260,5214.847938793148
29261,5298.36687932688
29262,6249.529180540786
29263,5489.112640156208
29264,5191.876325195273
29265,5589.868288061825
29266,5380.677421672901
29267,5670.199555326386
29268,5485.759330597881
29269,5185.099149040988
29270,5876.245756663255
29271,6149.426623825733
29272,5696.755104566849
29273,5339.38742153662
29274,6760.163992526264
29275,5313.370167080218
29276,5504.293695210145
29277,5230.028993847086
29278,5343.780518536876
29279,5213.8525520089315
29280,6076.560922823726
29281,5425.872060876265
29282,5667.891684913079
29283,5580.613607731244
29284,5666.9773149425955
29285,5404.138882772081
29286,5232.861561085677
29287,5263.315463265105
29288,5233.082879109046
29289,5297.205646653391
29290,5269.112075058461
29291,5812.973406356793
29292,5420.828176714517
29293,5420.828176714517
29294,5476.123521805454
29295,5525.474855378767
29296,5660.171944177571
29297,5693.920254867473
29298,5525.474855378767
29299,5196.20062284037
29300,5183.719404735809
29301,5200.34924246686
29302,5018.3003721570085
29303,5321.102697170086
29304,5183.719404735809
29305,5241.005613563677
29306,5094.578529258027
29307,5416.243244885032
29308,5135.701574150867
29309,5913.8028224544405
29310,5165.436671725401
29311,5383.986168883093
29312,5209.491953333505
29313,5343.741247958879
29314,5234.45728901086
29315,5162.938938676218
29316,5053.060412550867
29317,5334.394027663221
29318,5234.472335025715
29319,5021.368860930921
29320,5471.866381714195
29321,5262.004856511661
29322,5019.458885900726
29323,5136.920027690475
29324,5782.735929707466
29325,5112.31389102381
29326,5162.057415452456
29327,5142.4500212357325
29328,5612.191622214949
29329,5165.436671725401
29330,5703.3517134245985
29331,5051.953047488286
29332,5309.1036858957395
29333,5027.682356526419
29334,5050.263053560627
29335,6081.881961121831
29336,5284.601409445425
29337,5402.045314145151
29338,5120.853571731182
29339,5255.114542139181
29340,5196.93485086782
29341,5415.110793969367
29342,5314.04532321992
29343,5505.39677724316
29344,6139.739806651759
29345,5278.101192628849
29346,5167.414927381975
29347,5350.723171426178
29348,5572.775566703384
29349,5367.604215764853
29350,5387.676256137873
29351,5257.547922338903
29352,5404.964230466013
29353,5607.028949232602
29354,5402.738816425017
29355,5592.974234953921
29356,5367.604215764853
29357,5658.475117324313
29358,5239.922421468275
29359,5244.333856967669
29360,6422.163867066047
29361,5640.047398852605
29362,5770.163168370529
29363,5675.000718629093
29364,5817.434866367032
29365,5049.5868251978045
29366,4778.6596551247185
29367,5235.300741757358
29368,5949.10334865958
29369,5450.047745127025
29370,5905.773961816494
29371,5306.565818339511
29372,5307.303044768103
29373,5255.120212513852
29374,5334.668294897811
29375,5348.306107872178
29376,5340.637614892237
29377,5191.900161950867
29378,5286.0769008990255
29379,5506.930107896529
29380,6122.608588353103
29381,5196.664719312081
29382,5237.403444426185
29383,5152.67034360248
29384,5206.629816622514
29385,5204.672565555237
29386,5792.18564546997
29387,5457.16360328178
29388,5572.46211935675
29389,5413.2631267824045
29390,5564.4476073064225
29391,5413.2631267824045
29392,5787.415273286208
29393,5596.067033615535
29394,5648.956652401872
29395,5678.820513299139
29396,5498.498968695371
29397,5339.032915309708
29398,5381.282670663549
29399,5371.081250652947
29400,5942.607558668485
29401,5610.083736869987
29402,6743.925359195853
29403,5534.741120834607
29404,6556.366181124685
29405,6032.169226917655
29406,5558.773322220286
29407,5452.507868470134
29408,5370.127688838996
29409,5372.173930882287
29410,5380.177550255698
29411,5315.0133189500475
29412,5338.917771425491
29413,5862.397004730197
29414,7789.131441516374
29415,5816.784865307773
29416,5752.108680729982
29417,5680.139232166595
29418,5889.5315131896205
29419,5925.641536073734
29420,6058.250144628726
29421,5555.132788026058
29422,5562.899616851025
29423,5433.797933642515
29424,5506.285319841349
29425,5400.227189077064
29426,5397.687993879286
29427,6205.103203616443
29428,6118.632517340477
29429,6124.865286426331
29430,6419.619206578895
29431,5287.935227426911
29432,5720.155161833988
29433,5544.75107534913
29434,6122.150902911925
29435,5920.908038451245
29436,5941.685059495895
29437,5940.323321447775
29438,5407.5359201251185
29439,5683.526894055101
29440,5632.625837614409
29441,7224.59916596973
29442,5427.952345921525
29443,5447.103817436692
29444,6030.529717506178
29445,5781.771511647655
29446,5739.311679888699
29447,6024.258853815122
29448,5863.195345753452
29449,7106.294560125208
29450,5682.476292969506
29451,5679.110996612885
29452,5646.2399327597195
29453,5340.71021658029
29454,5306.259496481231
29455,5573.851572617607
29456,5262.5943837813
29457,5262.5943837813
29458,5285.8795916434765
29459,5251.522340791958
29460,5460.1276645127955
29461,5536.0055522923885
29462,5269.6610892624
29463,5347.504524259941
29464,5301.551584453313
29465,5344.379107708974
29466,5496.986146385408
29467,5381.41673875098
29468,5520.628828954513
29469,5398.639607479556
29470,5401.178802677334
29471,5593.544931865436
29472,5364.245565820583
29473,5485.192501667219
29474,5425.30890301269
29475,5425.30890301269
29476,6197.168483321582
29477,5479.869617005902
29478,5474.9529178463545
29479,5335.070093057706
29480,5452.737300380433
29481,5452.737300380433
29482,5490.036537252728
29483,5197.795474187507
29484,5897.472579309585
29485,5278.690437210634
29486,5203.770351116873
29487,5225.906737446874
29488,5308.523201582977
29489,5346.718313415892
29490,5328.773009256596
29491,6427.8666420319
29492,5447.729510625517
29493,5327.736273426403
29494,5327.736273426403
29495,5208.678056524097
29496,7010.120090616756
29497,5188.8909213916595
29498,5213.864684598892
29499,6212.5361964511085
29500,5600.019134423533
29501,5351.985639993655
29502,5290.834232628326
29503,5475.885864671807
29504,5464.252275444365
29505,6240.329891748527
29506,6240.329891748527
29507,6571.289500627561
29508,6630.808186620985
29509,5347.72755739274
29510,5360.058577072418
29511,5734.385949517793
29512,5703.189142618218
29513,5417.554147292329
29514,5278.29227706742
29515,5426.00669362793
29516,5392.980499416953
29517,5586.911967093814
29518,5555.290643334794
29519,5608.793169104238
29520,6522.008598251311
29521,5586.780432114339
29522,5523.832097929286
29523,5491.606353416734
29524,5472.693589659266
29525,5689.142700419269
29526,5358.285544025953
29527,5247.5500399083085
29528,5406.147692898599
29529,5387.838917490317
29530,5336.098854815786
29531,5629.99914864076
29532,5432.736037910565
29533,5376.83757992989
29534,5440.71008787295
29535,5280.109306338228
29536,5372.102037276828
29537,6095.988555649371
29538,5362.138221342898
29539,5314.579819207923
29540,5499.080979970114
29541,5761.342073976811
29542,5900.775606298206
29543,5621.705691634817
29544,5344.140191525942
29545,5365.258006520642
29546,5359.971588834681
29547,6676.10388265052
29548,5163.984338687424
29549,5213.56345566378
29550,5441.028443149891
29551,5270.712256465857
29552,5457.335005029686
29553,5095.329621323633
29554,5270.712256465857
29555,5146.994710461123
29556,5264.373856502958
29557,5205.524523813436
29558,5229.508014022969
29559,5127.0247812612815
29560,5435.678411467991
29561,5477.536702027595
29562,5182.721548430529
29563,5182.183226501337
29564,5328.677863585232
29565,5193.584986055014
29566,5319.120947685811
29567,5539.8474255401425
29568,5354.602069970639
29569,5888.511567387858
29570,5390.951198345872
29571,5270.096921497243
29572,6981.617679661622
29573,5607.395164749001
29574,5456.009558471707
29575,6032.317090240841
29576,5673.256527242032
29577,5457.2141828017175
29578,5256.088457066224
29579,5376.380734918495
29580,5289.22572884877
29581,5459.94719641494
29582,6585.0581164882105
29583,5439.932352892637
29584,5294.8284802859025
29585,5374.250333485088
29586,5296.86292493653
29587,5422.933749575783
29588,5590.7411159238145
29589,5355.89181747801
29590,5648.185159274287
29591,5439.932352892637
29592,5459.94719641494
29593,5536.367781505589
29594,5373.869901766302
29595,5426.054035132632
29596,5558.529512876877
29597,6641.064398252091
29598,5312.372827724986
29599,5372.121567228716
29600,5466.993504400079
29601,5240.344163834188
29602,6464.8599315666825
29603,5314.320148260602
29604,5220.785683822389
29605,5395.26131366173
29606,5364.75568205392
29607,5214.239741696505
29608,5360.017495484954
29609,5216.637064195898
29610,5475.614000639509
29611,5367.8632188734155
29612,5255.22091389096
29613,5434.386547739559
29614,5434.386547739559
29615,5632.368695488689
29616,5773.020317687897
29617,5325.003363694189
29618,5484.812642980683
29619,6943.322346456037
29620,5378.0147743701145
29621,5202.522583284879
29622,5328.210002026493
29623,5467.648252049695
29624,5195.392733560535
29625,5203.100329455033
29626,5358.9893355532795
29627,5215.45624235139
29628,5211.307622724899
29629,5215.45624235139
29630,5490.773476608995
29631,5239.978344940626
29632,5375.367586559823
29633,5338.610399573091
29634,5520.405897639793
29635,5594.858731601663
29636,5353.567951475317
29637,5227.68119128459
29638,5497.3606947414655
29639,5239.978344940626
29640,5339.678174407023
29641,5321.454363914219
29642,5208.768427527121
29643,5208.768427527121
29644,5212.960460498108
29645,5627.459377976923
29646,5335.181460028876
29647,5367.552535925261
29648,5467.737141173169
29649,5542.273987429571
29650,5641.358583937705
29651,5410.691475791411
29652,5303.151354061451
29653,5479.755750537331
29654,5186.577761293293
29655,5160.554307745436
29656,5340.549248997718
29657,6332.563188970657
29658,5171.090946288491
29659,5337.091646986983
29660,5678.506722448111
29661,5262.3551900576595
29662,5468.638109170107
29663,5308.877117124636
29664,5144.839112345073
29665,5228.158367342959
29666,5581.877822366253
29667,5313.078075588227
29668,5247.765761559682
29669,5248.825052084043
29670,5832.120437098776
29671,5161.645243405849
29672,5165.210982700192
29673,5248.825052084043
29674,6044.925293084247
29675,5328.471473880076
29676,5188.182596298067
29677,5240.003668420377
29678,5465.600646841849
29679,5453.752688610937
29680,5164.310942637421
29681,5164.310942637421
29682,5282.765345009575
29683,5258.99071553409
29684,6762.104469682974
29685,5497.950060356167
29686,5405.196834193614
29687,5280.152939922913
29688,5345.597716195045
29689,6080.574376241107
29690,5289.801210030379
29691,5648.723712422688
29692,5485.67206108529
29693,5574.6370818517225
29694,5167.900542472746
29695,5345.545089822924
29696,5641.538607580717
29697,5172.57905145367
29698,5345.597716195045
29699,5355.466123504813
29700,5726.83088337668
29701,5338.633045828201
29702,5161.499841766943
29703,6065.9663822654375
29704,5269.866141265234
29705,5249.199456524149
29706,5182.828205285425
29707,5323.117082867433
29708,5160.105635552833
29709,5335.924177344593
29710,5296.666239434736
29711,5189.712599688919
29712,5264.020228647128
29713,5609.85942593626
29714,5335.262753954546
29715,5313.900915475054
29716,5231.567895428269
29717,5409.313355392714
29718,5151.2628117202285
29719,5126.772360953633
29720,5941.615869946852
29721,5212.013201990721
29722,5910.868821543185
29723,5339.474719249559
29724,6156.470038617192
29725,5633.67360131664
29726,5430.84463078513
29727,5480.796287561413
29728,5667.473957465835
29729,5443.668519630395
29730,5419.631458778012
29731,5971.885917865853
29732,5535.203259811243
29733,5426.612017804317
29734,5390.206034384445
29735,5548.507671237909
29736,5947.268383596641
29737,5301.956152706964
29738,5301.956152706964
29739,6013.10985989897
29740,5322.573482259192
29741,5234.923564850669
29742,5276.046609743509
29743,5364.448948415659
29744,5564.853714434738
29745,5175.632781310189
29746,5787.259597234077
29747,5510.007952438203
29748,5319.236987277836
29749,5494.562063771775
29750,5177.519065552925
29751,5298.966567529373
29752,5624.485166637338
29753,5307.852265853915
29754,5182.392974761216
29755,5182.392974761216
29756,5623.41147237152
29757,5181.560009877005
29758,5226.6371154793505
29759,5205.833424068721
29760,5471.751150333541
29761,5369.360402302799
29762,5337.248306691971
29763,5369.360402302799
29764,5201.766030925869
29765,5369.360402302799
29766,5429.913938107918
29767,5303.176510139245
29768,6410.947607969812
29769,5207.1531717291755
29770,5323.426317812864
29771,6320.741359939197
29772,5518.758285401222
29773,5225.703036142159
29774,5291.056713100388
29775,5577.004710750495
29776,5345.6174270936
29777,5973.602796128435
29778,5484.037641399467
29779,5337.432636421166
29780,5404.385591078856
29781,5412.082535310639
29782,5327.011040747302
29783,5445.696951521868
29784,5185.51726367484
29785,5168.363083986468
29786,5324.737893647905
29787,6603.187686844683
29788,5498.563553797998
29789,5483.892729686004
29790,5451.356150843072
29791,5655.116890157612
29792,5485.2501800951995
29793,5463.502269590143
29794,5352.489345900832
29795,5060.8067898656855
29796,5064.0672102882145
29797,5049.040642748436
29798,5277.568353033102
29799,5546.740461728695
29800,5749.331524506106
29801,5268.156131068361
29802,5234.126173240761
29803,5546.740461728695
29804,5355.855745825567
29805,5819.115991988493
29806,5903.400955972773
29807,6052.242264981704
29808,5587.465750781368
29809,5264.712769758131
29810,5417.909478248906
29811,5430.374016718818
29812,5238.007083368747
29813,5385.958090519712
29814,5261.447532676252
29815,6191.226470320145
29816,5360.092330819931
29817,5188.8150091335265
29818,5179.881599352199
29819,5403.810887469308
29820,5407.9011453230405
29821,5905.687873918242
29822,5221.856381300027
29823,5968.483123412316
29824,7531.816333295199
29825,5145.053297011622
29826,5144.047758110428
29827,5198.559095249367
29828,5241.061858804904
29829,5512.779580421602
29830,5374.367878331487
29831,5450.874789045428
29832,5255.104213964411
29833,5436.606407395361
29834,5272.952874488713
29835,5908.255373646395
29836,5292.28510715143
29837,5248.842927359089
29838,5128.1184796354
29839,5128.1184796354
29840,5326.078652927026
29841,5119.951455343139
29842,5347.447121147976
29843,5346.458165363743
29844,5383.3812088011255
29845,5427.573438757474
29846,5764.32874584456
29847,5392.425431718489
29848,5975.02017305508
29849,6272.898644496316
29850,5622.191242550543
29851,5205.436945718738
29852,5857.536602198819
29853,6058.810957987472
29854,5327.917726128047
29855,5219.402753199177
29856,5571.894550321522
29857,5985.560855569408
29858,5578.394489513532
29859,5378.927339952161
29860,5339.456013107185
29861,5432.94382978345
29862,5889.138928965563
29863,5162.98223771497
29864,5552.672388731776
29865,5395.306432102296
29866,5517.010122717668
29867,5395.306432102296
29868,5540.970100038774
29869,5506.278977570373
29870,5361.381421332233
29871,5392.591338745738
29872,5261.322791187005
29873,5183.122670985849
29874,5281.811708627491
29875,5314.825820241955
29876,6056.618143490427
29877,5499.753820352555
29878,5340.175622524489
29879,5287.378138566244
29880,5568.278081768595
29881,5280.452138841403
29882,5156.791314955611
29883,5200.419353822118
29884,5272.73240191637
29885,5452.63647763367
29886,5460.333421865454
29887,5424.775185124169
29888,5285.7080867493105
29889,6313.0268292906185
29890,5609.462747330384
29891,5472.935180674106
29892,5326.519146057134
29893,5187.240251546238
29894,5627.374772270584
29895,5513.136687858292
29896,4903.309373404387
29897,5035.0590598715125
29898,5012.707290233055
29899,5618.503091617033
29900,5670.447636277947
29901,5158.815474966033
29902,5400.871247497603
29903,5350.244072125626
29904,5206.4798550905625
29905,5384.893347248511
29906,5365.404805751922
29907,5388.864838277339
29908,5064.288608214266
29909,5667.87532952911
29910,5254.379641825857
29911,5985.377331193716
29912,5413.610327964502
29913,5323.830748765222
29914,4989.720877128193
29915,4989.720877128193
29916,5056.545026276125
29917,5585.459208325906
29918,5037.632262518657
29919,5392.745033866072
29920,5111.700876701436
29921,5134.134938809343
29922,5436.279762064865
29923,5136.306621241144
29924,5894.788932775994
29925,5550.558779471609
29926,5205.389161006136
29927,5089.838695994282
29928,6755.744201744443
29929,6025.824120766751
29930,9261.369717306674
29931,8171.2236289972525
29932,8249.447668925794
29933,8229.475383333882
29934,8307.358254249708
29935,8776.825393924333
29936,8419.928518106555
29937,8261.739225020767
29938,8303.418598961902
29939,8947.35862961972
29940,8238.508464941378
29941,8322.493929486474
29942,8282.021582571288
29943,8306.611361556415
29944,8554.386416597163
29945,9084.891850121041
29946,8982.037833209044
29947,8376.091290527824
29948,8364.140761140585
29949,8386.002763033475
29950,8382.476434284332
29951,9513.320830792858
29952,8481.568911598197
29953,8841.40492590784
29954,8266.177183824117
29955,8235.362641020185
29956,8173.5791270796835
29957,8374.08196873823
29958,8795.32584858866
29959,9102.778313533077
29960,8633.549949013444
29961,8248.700642503363
29962,8782.289135765683
29963,8758.03906262675
29964,8312.04482970427
29965,8238.631578906774
29966,10103.384841468944
29967,8173.721444886236
29968,9049.89459060569
29969,8184.22313305452
29970,8316.294819965644
29971,8341.270055081348
29972,8310.820838862595
29973,8292.875659753121
29974,8835.99803597698
29975,8392.889267666418
29976,8331.882769896725
29977,8217.622042108005
29978,8427.765004124232
29979,8267.016399813007
29980,8288.945564763886
29981,8281.471088188859
29982,8283.776616043742
29983,8278.381619650918
29984,9074.866999475069
29985,9331.961030630613
29986,8693.090705828774
29987,8323.930070089438
29988,8275.470956148083
29989,8286.399315774786
29990,8695.713405559818
29991,8263.168555695403
29992,8351.310609318827
29993,8281.004319381962
29994,10114.522407399558
29995,8245.943460820743
29996,9486.152772910109
29997,8536.937259757313
29998,8245.540570915971
29999,8786.66314090392
30000,8478.934902042414
30001,8826.824607532622
30002,8268.77133099535
30003,8625.26511670131
30004,8802.57453439369
30005,8206.382052546449
30006,8188.017682877632
30007,8319.486208599375
30008,8456.041562798413
30009,8206.840754633622
30010,8189.45203464988
30011,8757.394103472905
30012,8917.092815374013
30013,8169.894736467574
30014,8757.394103472905
30015,8385.392627735035
30016,8212.549909108488
30017,9873.15043035267
30018,8204.587179738231
30019,8909.868817747052
30020,8346.0401851252
30021,8296.9441523784
30022,9912.541819035829
30023,8534.02234292899
30024,8543.13319751473
30025,8302.769446365743
30026,8369.00669149895
30027,8880.684197264838
30028,9540.931654292166
30029,8258.474894699802
30030,8503.54351900476
30031,8286.410527935153
30032,8286.410527935153
30033,8286.410527935153
30034,8285.951825847987
30035,8503.54351900476
30036,9870.69196324202
30037,8487.480210110387
30038,8258.474894699802
30039,8330.415142543086
30040,8275.962862319067
30041,8247.495681768783
30042,8693.58318315699
30043,8331.709142493011
30044,8806.13242435613
30045,8336.643075316768
30046,8321.154101837865
30047,8298.221060863229
30048,8321.154101837865
30049,8261.322074066029
30050,8275.962862319067
30051,8567.12878094558
30052,8496.269067990346
30053,8287.230548274048
30054,8264.458490281833
30055,9665.453396960325
30056,8448.817244920432
30057,8322.93693649742
30058,8387.847070517948
30059,9574.822740313964
30060,8322.93693649742
30061,8452.559031363038
30062,8580.893950534488
30063,9002.406912592538
30064,9121.0696772423
30065,8312.526069267204
30066,8238.390461512085
30067,8278.593839165707
30068,8842.113532970852
30069,8785.268837981741
30070,8673.95596145948
30071,9803.918353771627
30072,8440.63458215639
30073,8282.844993054143
30074,8213.374985563425
30075,8217.93485903361
30076,8278.696373427649
30077,8488.672885083944
30078,8752.3343420935
30079,8449.745436742129
30080,8243.858316308171
30081,8244.422978600587
30082,8243.016145888065
30083,8343.815167456623
30084,8788.524287646598
30085,8414.47359403729
30086,8788.524287646598
30087,8351.52220240487
30088,8373.037971356005
30089,8347.11451408145
30090,9828.869954915384
30091,9884.928614829223
30092,8326.56609592468
30093,8301.484809070233
30094,8324.71556914962
30095,8477.865866893015
30096,9561.565078743926
30097,8867.666581560885
30098,10006.280884383998
30099,9542.033912785679
30100,8439.90238374989
30101,8307.034929966432
30102,8439.90238374989
30103,8509.356564698168
30104,8281.953643111985
30105,8308.11916986859
30106,8348.355575021358
30107,8404.91809330151
30108,8319.923938930533
30109,8318.629938980608
30110,8809.465746862781
30111,8269.730182914176
30112,8958.507760973618
30113,8700.888026739245
30114,9395.617808634535
30115,8360.61421153723
30116,8809.465746862781
30117,8334.22160660448
30118,8336.57546663758
30119,8300.89523909799
30120,8487.153564935354
30121,8880.357552089805
30122,8356.134007914767
30123,8955.609771892086
30124,8366.689048569913
30125,8548.502617640655
30126,10082.40392943328
30127,8335.524113154337
30128,8266.660960392315
30129,8493.054665760745
30130,8282.135264671637
30131,8895.878757121654
30132,9766.031353747958
30133,8518.034289335235
30134,8256.743650602231
30135,9293.966535600079
30136,8286.026964248134
30137,8328.690236005528
30138,8299.877527042134
30139,8438.590820783393
30140,8438.590820783393
30141,8303.872840224878
30142,8341.403594539519
30143,8248.291848606706
30144,8472.779687415627
30145,8438.590820783393
30146,8286.41912911706
30147,8521.354109557744
30148,9074.367164768037
30149,8311.500415971506
30150,8841.898754804019
30151,8818.212732343956
30152,8348.982419800433
30153,8314.709024973383
30154,8417.84300027202
30155,8314.709024973383
30156,8274.505647319751
30157,8275.915692910416
30158,8251.809481270888
30159,8294.916531966985
30160,8689.128357626008
30161,9847.337654448227
30162,8401.307866753212
30163,8463.823379157733
30164,8525.235129802331
30165,8960.139946049378
30166,8373.149991146664
30167,8305.013500260664
30168,8230.189063484795
30169,8350.965686032725
30170,8818.959633899369
30171,8707.646757377108
30172,9556.061490283959
30173,8228.895063534872
30174,8801.464829532944
30175,8294.703762674771
30176,8552.519180349016
30177,8336.383136615912
30178,8277.250051566962
30179,8688.915588333804
30180,9455.168408221149
30181,8468.011737599065
30182,9860.693857325952
30183,8843.293439793491
30184,8389.843305364435
30185,8855.233312207658
30186,8881.320328339598
30187,8770.243339761118
30188,8871.205278021947
30189,8374.06312724997
30190,9036.915456721554
30191,8511.544499192072
30192,9131.677052842355
30193,8296.563113974942
30194,8286.489628413605
30195,8251.430476821231
30196,8957.531112644618
30197,8198.037593425644
30198,8838.868347994856
30199,8113.2209833505685
30200,8214.528997862417
30201,8241.058946852889
30202,8215.064402308702
30203,8206.785552025827
30204,8305.025952178576
30205,8284.542738367627
30206,8342.556706493227
30207,8192.344748165127
30208,8316.562161949038
30209,8234.09094965734
30210,8811.787019036743
30211,8296.604520721155
30212,9326.389133932049
30213,8348.298166720759
30214,8538.751561968451
30215,8443.709551576996
30216,8474.587440792946
30217,8423.279778741053
30218,9485.99253251615
30219,8447.480490125125
30220,8436.679005399936
30221,9690.764504891775
30222,8573.181100552885
30223,8870.404020658432
30224,8509.192794322666
30225,8498.916612647763
30226,8394.049817817886
30227,8405.13551720783
30228,8408.379913416848
30229,8607.479916974858
30230,8607.479916974858
30231,8608.674671089959
30232,8508.458069277392
30233,10254.882006902537
30234,8679.195705623319
30235,8589.32874523219
30236,8625.804833569413
30237,8236.025892790325
30238,8417.632122184827
30239,9291.85648971754
30240,8186.430245428384
30241,9373.83417179337
30242,8728.944302508631
30243,8177.689551538264
30244,8359.677983169478
30245,8094.253879167799
30246,8099.44752683843
30247,8184.432914036355
30248,8358.562197457626
30249,8293.74763079217
30250,7991.428659235392
30251,8226.647365016846
30252,8766.771386574088
30253,8738.253279104003
30254,7839.890351142759
30255,9383.075593466227
30256,8342.084220604836
30257,10162.081901127924
30258,9216.44014272465
30259,7932.088351973927
30260,8234.281080865252
30261,8722.337011904168
30262,8017.748382414497
30263,8001.12931979067
30264,7928.5693104884795
30265,8121.196551384024
30266,7925.155198653444
30267,9958.791504108049
30268,8358.520835082658
30269,8504.851049741554
30270,8725.828925332
30271,7888.482177275868
30272,8686.139878813803
30273,9431.026050842174
30274,8103.3161338335385
30275,8003.547668498152
30276,7864.378565840606
30277,8599.102722372103
30278,8711.651963571243
30279,7831.265685066522
30280,7951.448939777468
30281,8120.7345481276225
30282,8440.698678680372
30283,8045.391503329969
30284,8160.708899221008
30285,9458.315649081705
30286,8863.44700051115
30287,8128.350218781694
30288,8128.350218781694
30289,7906.7823838806025
30290,8120.797171213348
30291,7905.746954491472
30292,8208.45114889902
30293,8734.49664777377
30294,9795.694195835022
30295,8790.104978086003
30296,8408.21119583604
30297,8484.879762604096
30298,8209.975502383517
30299,8362.78316084352
30300,8881.091494293505
30301,8165.194422272625
30302,10186.40236022794
30303,8206.716485698316
30304,8249.347808646853
30305,8196.526336879864
30306,8089.109874388879
30307,8490.399109466638
30308,8278.973884794941
30309,8430.055783104104
30310,8490.399109466638
30311,8279.310730016581
30312,8798.127348328144
30313,8004.421364915911
30314,8433.332523209769
30315,8535.379746029083
30316,8317.31509006811
30317,8200.042007748727
30318,8314.05773058052
30319,8468.060143155635
30320,8256.531385657563
30321,9095.994005752622
30322,8243.45810033968
30323,8454.723867005818
30324,8170.733349457051
30325,8318.732261075396
30326,8321.989620562987
30327,8356.263015390045
30328,8732.22851875102
30329,9876.973918865699
30330,8844.77775995016
30331,8140.324545325408
30332,8134.307900829207
30333,8154.741830857249
30334,8071.1604947968035
30335,8309.804619851504
30336,8258.002053780361
30337,9322.817551258817
30338,8087.823442506136
30339,8044.475029718085
30340,8286.43127695775
30341,8299.804826415244
30342,8141.0314047699185
30343,8349.852263069972
30344,10038.500460096604
30345,8090.579181708872
30346,8341.430831612552
30347,8326.507336314238
30348,8462.726062182284
30349,10262.011912868462
30350,8144.081349710792
30351,8361.40698000004
30352,9602.86385604825
30353,9602.86385604825
30354,8943.060809187036
30355,8655.723286478667
30356,8314.270813015542
30357,8214.957773297769
30358,9285.163256177504
30359,8824.329384710127
30360,9826.914352415772
30361,10064.051018163213
30362,8332.364966048088
30363,8521.741328834063
30364,9377.614622371553
30365,8641.035428002171
30366,8434.361886980736
30367,8951.475466315618
30368,8842.594918833483
30369,8802.433452204781
30370,9898.35718302349
30371,8223.0961203146
30372,8291.360279729797
30373,9803.546633608818
30374,8079.934781168555
30375,8291.895684176083
30376,9869.39718333759
30377,7991.017633006516
30378,8280.35947440562
30379,8218.534444280176
30380,8911.957285297753
30381,8291.461991204149
30382,9137.788541093823
30383,8773.021461739429
30384,8060.115525206905
30385,8041.499560580031
30386,8235.412170583773
30387,8732.859995110726
30388,8865.657293809132
30389,8393.999438148916
30390,9182.556826736894
30391,7928.521840036551
30392,8707.194946584903
30393,8323.773469355598
30394,8216.28623943491
30395,9184.258481536297
30396,8323.773469355598
30397,8223.680710421218
30398,8275.516133337516
30399,8206.245049703066
30400,9851.63412590497
30401,8789.809954136432
30402,8309.432551109267
30403,8137.419841501057
30404,8265.449548860173
30405,8265.449548860173
30406,8418.599846603576
30407,8159.921215971212
30408,8817.53924254685
30409,9099.936633399155
30410,8322.808418473927
30411,8285.277664159277
30412,8438.085322619296
30413,8299.613685682985
30414,8317.103376519379
30415,8401.821486367882
30416,8990.319627333178
30417,8299.613685682985
30418,8505.592480454166
30419,8253.216087749492
30420,8145.418463280592
30421,8404.12054062882
30422,9498.917310822339
30423,8131.088367681629
30424,8498.640026145533
30425,10241.025811775002
30426,8231.349526267788
30427,8147.349258951059
30428,8346.049060850453
30429,8857.233227514838
30430,8821.04328196174
30431,8397.95906760719
30432,8415.020797385538
30433,8339.342945691116
30434,8198.164876233395
30435,9923.969161154333
30436,8845.056591126606
30437,8919.608364035314
30438,8900.664921438838
30439,8432.278475878484
30440,8717.942310209794
30441,8278.645031921336
30442,8423.720845163412
30443,8265.385146842791
30444,8154.637760982327
30445,8265.385146842791
30446,9320.418471278597
30447,8278.467264620736
30448,8301.812191376473
30449,8138.018698358506
30450,8310.07249762923
30451,8868.343627624012
30452,8185.261967177696
30453,8326.204264989907
30454,8257.940105574708
30455,8471.839733398549
30456,9513.040144220824
30457,8202.70417719657
30458,8420.788342139995
30459,8264.62731303097
30460,8342.811436184633
30461,8956.091817954868
30462,8245.227334864361
30463,8342.811436184633
30464,8308.53804135758
30465,8264.62731303097
30466,8425.440867265579
30467,8207.545862056073
30468,8104.486516538774
30469,8262.154787836622
30470,9042.147098548186
30471,8346.960055811129
30472,8860.46495403429
30473,10310.314137442749
30474,8269.883889260667
30475,8425.440867265579
30476,8144.394162058475
30477,8986.465724931013
30478,8418.311017541235
30479,8328.266190636286
30480,8188.851996881229
30481,8816.692786524683
30482,8503.566416790498
30483,8975.155133748913
30484,8251.190024085823
30485,8488.980724789877
30486,8278.16538523772
30487,8229.323462604116
30488,8234.774709389114
30489,8144.394162058475
30490,8289.84417618273
30491,8442.028336312858
30492,9045.873397160907
30493,8702.716935528468
30494,8119.030955021984
30495,8210.277997439342
30496,8138.8607988246
30497,8342.58988432534
30498,8973.586074753159
30499,8418.569797283977
30500,8508.436757675106
30501,8239.337831854571
30502,8139.842365796414
30503,8316.131103758597
30504,8258.737810021179
30505,8258.737810021179
30506,8246.48265407121
30507,8439.212831138344
30508,8958.605135102021
30509,9296.912197461048
30510,8844.799489787765
30511,9897.47472544334
30512,8545.343341646376
30513,8256.047554870196
30514,8577.558892041037
30515,8270.970836324472
30516,8872.371219575134
30517,8177.99433226523
30518,9061.552704351421
30519,8421.523624495125
30520,9336.50893542669
30521,8129.069408341153
30522,8385.0475361579
30523,8794.99332059185
30524,8332.646284500586
30525,8113.69754683706
30526,8778.494986689702
30527,8227.941332596263
30528,9822.874744054563
30529,8791.021799516246
30530,9096.473659996389
30531,8138.33044904638
30532,9152.48789378392
30533,9278.37087598611
30534,8420.328870380024
30535,8831.183266144948
30536,8421.523624495125
30537,8265.132212678844
30538,9573.741922506348
30539,8300.013349205043
30540,8253.366920643479
30541,8261.096022067524
30542,9360.098724098956
30543,9360.098724098956
30544,8236.439467671218
30545,9301.960664658376
30546,8253.366920643479
30547,8817.346744587237
30548,8280.05570797716
30549,8261.096022067524
30550,8514.56759411567
30551,8854.773054817215
30552,8704.6072582679
30553,8236.439467671218
30554,8253.366920643479
30555,8134.672841430766
30556,8791.444894790591
30557,9676.543504589768
30558,8385.470631432245
30559,8265.310446036649
30560,9613.322971009522
30561,8467.704354131389
30562,8681.44056486998
30563,8160.95905964739
30564,8217.174349114906
30565,8613.51759707904
30566,8406.844056057605
30567,8854.865525063038
30568,8228.939641150262
30569,8405.991941225886
30570,8098.931215063161
30571,8306.307257727774
30572,8479.530698300778
30573,8788.68554695936
30574,9620.154589928647
30575,8217.456825271134
30576,8657.77583700282
30577,9805.797070559445
30578,9531.27054845425
30579,8203.905935735764
30580,8285.771379333908
30581,8176.492144527266
30582,8176.492144527266
30583,8733.433534200407
30584,8730.008974553315
30585,8752.368678485553
30586,8067.1716724301605
30587,8179.2531432998485
30588,8216.199161465896
30589,8174.303745397642
30590,8728.772609876436
30591,8216.199161465896
30592,8216.199161465896
30593,9266.018555563087
30594,8174.303745397642
30595,7978.205332139787
30596,8931.295876229353
30597,8382.32730513184
30598,8190.870955729901
30599,8441.741094098907
30600,8079.790263048192
30601,8208.747243644144
30602,8197.211033873686
30603,8998.670944744783
30604,8992.4538591119
30605,8830.912381063685
30606,8811.579406304463
30607,8111.389196934066
30608,8882.956197086109
30609,8494.441251107486
30610,9511.274171600586
30611,8398.840633830654
30612,8811.579406304463
30613,8280.789508181975
30614,8256.686721931877
30615,8276.506931508486
30616,8268.222931702336
30617,8259.944081419468
30618,8427.409265220156
30619,8199.516693499747
30620,8148.3655322893355
30621,8294.217476246526
30622,9995.091813000403
30623,8449.648278993589
30624,8488.604706414415
30625,9886.559463982785
30626,8136.260765285958
30627,8379.650072063685
30628,8415.274045569191
30629,8162.1876674452005
30630,8273.76621657533
30631,9401.070044038883
30632,8340.631759025786
30633,8208.358610513038
30634,8469.586413609184
30635,8129.291702205861
30636,8128.007262597957
30637,8305.305157874624
30638,9035.703036696485
30639,8365.815419522902
30640,8274.62658925765
30641,8263.625783933476
30642,8368.114473783837
30643,9247.139810823566
30644,8406.072254800816
30645,8211.321998056676
30646,8812.44138535851
30647,8171.001466243198
30648,8450.387596601218
30649,8281.95772124016
30650,8802.783042712488
30651,8117.729770731977
30652,8415.832296913928
30653,8485.644887515511
30654,8389.19215540696
30655,8255.963176695974
30656,8103.275082356117
30657,8917.040272046723
30658,8649.538115339188
30659,8415.832296913928
30660,8281.95772124016
30661,8117.873916696416
30662,9289.276563634832
30663,9226.964943034063
30664,8115.692507380126
30665,8113.219982185779
30666,8156.719917133244
30667,8153.4625576456565
30668,8721.868886246555
30669,8408.74251651237
30670,8990.501802857802
30671,9971.489454298744
30672,8323.92955273541
30673,8473.179922147938
30674,8542.395616546932
30675,8154.709386012678
30676,8296.393704914939
30677,9570.47707287252
30678,8237.130844623745
30679,9660.128690703348
30680,10261.282132944056
30681,8430.069482102414
30682,8167.97710327071
30683,8270.761687695207
30684,8473.64073359534
30685,9131.174354759183
30686,8479.21871856654
30687,8286.540681430268
30688,8304.4928295901
30689,8144.700715118325
30690,9043.110986525478
30691,9634.417570889706
30692,8827.870870384895
30693,9310.955149951466
30694,9836.02202544649
30695,9021.036721304848
30696,8862.74105407498
30697,9563.299415226007
30698,8296.170244901721
30699,8406.574613877428
30700,8627.132523633369
30701,8385.731362666062
30702,8225.599536159372
30703,8525.737378288246
30704,9077.140488944056
30705,8088.669706233806
30706,8206.199557992766
30707,8679.952827712443
30708,10018.663118738781
30709,8086.281093360397
30710,8300.900340739543
30711,8792.69231403178
30712,8120.111640511164
30713,8230.107091598313
30714,8230.107091598313
30715,8412.584351727892
30716,8435.816271330788
30717,8390.725187363356
30718,8507.589238153043
30719,8901.464070070513
30720,8940.733146447597
30721,8896.962465908959
30722,8203.998299722081
30723,8361.087695909115
30724,8168.409658772838
30725,8175.082800063064
30726,8439.790666260127
30727,9344.407405642385
30728,8413.620677029327
30729,8142.410167297414
30730,9080.936346720737
30731,8242.458694613217
30732,9406.719026243154
30733,8245.755251907045
30734,8113.32188785796
30735,8239.291524825918
30736,8234.586651669948
30737,8271.737678208108
30738,9243.878774668196
30739,8391.296320080504
30740,8271.737678208108
30741,8134.0830258797205
30742,8211.03976443834
30743,8234.206923893478
30744,8354.820231743279
30745,9423.970669084014
30746,8160.781423211148
30747,9243.878774668196
30748,8092.203123105639
30749,8391.296320080504
30750,9295.913059462762
30751,8176.383758664593
30752,8742.538784722208
30753,8205.252899004885
30754,8257.630587455189
30755,9870.552906101142
30756,9429.317921374177
30757,8286.71350584005
30758,8304.346897470843
30759,8115.182121524642
30760,9077.218210025767
30761,8444.083082207531
30762,8294.638539812748
30763,8419.712346787326
30764,9044.964923068383
30765,8137.194241902765
30766,8234.702584221013
30767,8408.53487206552
30768,8844.722359857979
30769,8654.864417387851
30770,8060.805791955159
30771,8091.190676412908
30772,9178.127789744114
30773,8251.577030482526
30774,8302.955328837304
30775,8454.187061942002
30776,8893.095823646612
30777,8868.84575050768
30778,8975.363380889225
30779,8339.117242243505
30780,9029.301862010883
30781,9299.753519461288
30782,8450.272616696659
30783,8545.327777201184
30784,8766.475819509205
30785,8233.278089924366
30786,8892.393401970927
30787,8350.03421755432
30788,8395.162737877623
30789,8410.857673804489
30790,8391.652351089393
30791,8691.409208330764
30792,8368.855296572048
30793,8344.48197292432
30794,8424.602163557849
30795,8726.955949850328
30796,8417.319053498435
30797,8429.042280103276
30798,8459.620981159633
30799,8403.218662019544
30800,8591.81024490464
30801,8803.490361552263
30802,8634.513836980828
30803,8490.967251228943
30804,8490.967251228943
30805,8490.967251228943
30806,8565.35608739564
30807,9125.917958135453
30808,8601.744057264597
30809,8932.733805633197
30810,8419.33850188043
30811,8372.224762905285
30812,8327.231325965187
30813,8354.908369764662
30814,8633.692117013961
30815,8739.99758768866
30816,8644.038288013668
30817,8358.858778369458
30818,8398.584539093881
30819,8668.436997085262
30820,8344.885366294913
30821,8333.904510024699
30822,9337.83745502825
30823,8288.822674066323
30824,8748.210361296966
30825,8370.296060896222
30826,8363.203107946787
30827,8380.231514124536
30828,8428.072338524353
30829,8451.916464427633
30830,8440.669610041234
30831,8425.877920769
30832,8384.066297722373
30833,8360.592012503363
30834,8422.243145398676
30835,8377.174535679096
30836,8384.066297722373
30837,8436.324521269345
30838,8425.627831229831
30839,8389.720387025807
30840,8683.93834682652
30841,8988.904449335054
30842,8431.709777373033
30843,8461.428112428037
30844,8403.893716061217
30845,8423.98628059041
30846,8450.136443605546
30847,8405.871402552219
30848,8454.335159478604
30849,8375.647085144443
30850,9320.61572186868
30851,8762.449904696994
30852,8852.942544010208
30853,8441.628696704496
30854,8412.221174201768
30855,8651.441489151459
30856,8423.202030471983
30857,8632.023104392327
30858,8416.013938135644
30859,8743.72775194881
30860,8417.818786710304
30861,8328.856299320685
30862,8315.375690065215
30863,8376.279205097175
30864,8381.662448858851
30865,8381.662448858851
30866,8389.492270762486
30867,8463.676952597752
30868,8589.525005268039
30869,8340.755210056632
30870,8381.662448858851
30871,8425.476859513865
30872,8308.221422164783
30873,9445.17900324056
30874,8308.221422164783
30875,8469.844809159787
30876,8481.164886866556
30877,8446.467396954773
30878,9105.20522081987
30879,8704.984749733538
30880,8472.324531968405
30881,8456.96944328712
30882,8430.166709569177
30883,8867.858610758338
30884,9219.741728729656
30885,8414.421156962491
30886,8456.544763452624
30887,8469.97786683831
30888,8469.97786683831
30889,8398.27014143608
30890,8414.421156962491
30891,8520.132600959007
30892,9032.393175497858
30893,8432.734853458434
30894,8390.577031059207
30895,8398.447908736678
30896,8398.447908736678
30897,8429.278675513095
30898,8433.07143944697
30899,8435.492709624139
30900,8630.069260139528
30901,8438.118097220111
30902,8398.27014143608
30903,8438.118097220111
30904,8460.844951918156
30905,8460.844951918156
30906,8398.447908736678
30907,8847.388144205677
30908,8425.460402444021
30909,8422.004224498682
30910,8485.856120019287
30911,9034.672380465818
30912,8780.29524987578
30913,8447.320492015975
30914,8686.81272109629
30915,9089.13663645462
30916,8489.27949595745
30917,8489.27949595745
30918,8494.861558176877
30919,8686.81272109629
30920,8911.406056176851
30921,8513.288224409393
30922,8418.983683505043
30923,8465.482687504096
30924,8618.594086216219
30925,8840.574839278166
30926,8506.044845017082
30927,8992.29051035908
30928,8377.243272274467
30929,8377.243272274467
30930,8329.702206113561
30931,8329.702206113561
30932,8373.302760694458
30933,8434.339594562416
30934,8395.66993850698
30935,8459.257776013363
30936,8312.522005379797
30937,8353.546332016844
30938,8329.702206113561
30939,8377.243272274467
30940,8790.12511772354
30941,8395.66993850698
30942,8395.47904935252
30943,8504.781470003238
30944,8540.198548704786
30945,8497.58350561529
30946,9442.661023730287
30947,8686.745194562809
30948,8392.091558469461
30949,8465.197905935094
30950,8400.491633891383
30951,8453.989943330538
30952,8905.108212321053
30953,8630.317911190517
30954,9587.495960990595
30955,8906.208446299073
30956,8436.854400230506
30957,8422.832952772109
30958,8496.274530166427
30959,8645.675474150852
30960,8432.42263464582
30961,8429.208486426109
30962,8474.613623859881
30963,8453.137887391586
30964,8425.408990563128
30965,8467.789937801961
30966,8630.29736103877
30967,8474.613623859881
30968,8670.026129905495
30969,8438.346198119352
30970,9295.389921571918
30971,8394.53859065054
30972,8647.167272039698
30973,8460.158449044673
30974,8466.982135102593
30975,8383.510336681233
30976,8429.540303264968
30977,8855.744435700395
30978,8483.529671088307
30979,9179.575906326938
30980,8484.78545670913
30981,8546.616278620586
30982,9494.194694487505
30983,8430.039921365413
30984,8391.862324805707
30985,8472.234619980578
30986,8411.979540228382
30987,9098.468733498288
30988,9026.602486355203
30989,8743.487372361244
30990,8326.44036027952
30991,8729.9229481183
30992,8487.22815345343
30993,8471.26829103005
30994,8505.826007582822
30995,8764.754929099108
30996,8477.587311976109
30997,8441.31988623558
30998,8456.111575507814
30999,8304.522059239787
31000,8435.936642473904
31001,8459.555663313633
31002,8435.936642473904
31003,8478.131341089069
31004,8713.189153691545
31005,8397.512278766768
31006,8633.271049154999
31007,8652.79468758472
31008,8448.898711496495
31009,8443.515467734818
31010,8448.898711496495
31011,8413.458411834794
31012,8434.877264038098
31013,8396.923278315986
31014,8367.607504076579
31015,8427.931812393
31016,8754.102616278195
31017,9183.613426341657
31018,8447.15526724992
31019,8426.98033421601
31020,8624.314740897105
31021,8704.232845433651
31022,8407.748567690216
31023,8487.149403469315
31024,8300.19190191389
31025,8450.242976077976
31026,8659.703051649132
31027,8771.407699205616
31028,8985.982012817836
31029,8375.987084193177
31030,8640.971882605829
31031,8427.719043100797
31032,8731.501792130315
31033,8427.719043100797
31034,8626.714553623515
31035,8640.971882605829
31036,8975.980016178104
31037,8624.101971604901
31038,9434.355246794788
31039,8473.979418946034
31040,8371.306254759425
31041,8899.00914528436
31042,8967.173702048656
31043,8985.121452554895
31044,8682.800492866376
31045,8454.690134810744
31046,8682.800492866376
31047,8497.150118330888
31048,8732.751960046318
31049,8510.826527424946
31050,8506.7426949386
31051,8351.87453908271
31052,8642.278848409358
31053,8323.844832461347
31054,8596.353101568126
31055,8229.019006156259
31056,8320.052068527471
31057,8519.047579050204
31058,8342.719611190214
31059,8358.163297091118
31060,8441.967188763027
31061,8500.899206458462
31062,8425.981593752504
31063,8339.847809184268
31064,8444.217370830556
31065,8346.182798505308
31066,8620.545338690536
31067,8471.841596100747
31068,8634.802667672848
31069,8533.600025059264
31070,8538.177283239447
31071,8496.526613737245
31072,8482.620573363633
31073,8438.257281703747
31074,9031.859672920227
31075,8560.412643125164
31076,8606.320037506672
31077,9560.492078458708
31078,8805.551101001105
31079,8729.062206314404
31080,8557.48583949193
31081,8567.40120103574
31082,8461.911948847666
31083,8571.876591185166
31084,8487.463127279128
31085,8988.377464620404
31086,8628.386644447979
31087,8780.654040540772
31088,8521.141964742439
31089,9428.87669007299
31090,8591.729327903144
31091,8783.526874037912
31092,8632.77753975489
31093,8446.533763353873
31094,8435.595067640832
31095,9000.52680877607
31096,8303.616460952955
31097,9110.654999911401
31098,8568.22622546779
31099,8365.084373677812
31100,8338.891340098759
31101,8209.768985045088
31102,8209.768985045088
31103,8321.731338991147
31104,8377.831817779947
31105,8325.671943891508
31106,8230.343939467757
31107,8365.348876308837
31108,8683.143890606025
31109,8672.178897978794
31110,8043.689896183913
31111,8838.80191819211
31112,8412.155709667035
31113,9549.383791993754
31114,8584.165328733898
31115,8313.045281936264
31116,8335.100764874824
31117,8560.66041735216
31118,8155.122560602452
31119,8251.017682003616
31120,8142.026207723457
31121,8347.414617181294
31122,8068.554122101596
31123,9436.261381617818
31124,8481.680491158244
31125,8305.543412452735
31126,8534.29964749617
31127,8079.558212302335
31128,8720.973267190759
31129,8827.517565459972
31130,8280.727954868691
31131,8041.26408670239
31132,8166.237988156331
31133,8566.984593311758
31134,8566.984593311758
31135,8032.413624831216
31136,8108.845345822368
31137,8408.580549620025
31138,8450.750504009993
31139,8196.124700329352
31140,8313.83704411165
31141,8721.606008632632
31142,8946.199343713193
31143,8291.494375312244
31144,8281.715949100875
31145,8052.20827444654
31146,8332.532301870917
31147,8082.485632746613
31148,8361.787130148354
31149,8946.36226673629
31150,9403.260754790317
31151,8393.878381974167
31152,8417.343840024174
31153,8637.010485477798
31154,8369.216648552248
31155,8421.854491392085
31156,8923.007505866488
31157,8322.60625437799
31158,9222.094343723904
31159,8354.080747085625
31160,8354.080747085625
31161,8332.04817747225
31162,8365.455277796262
31163,8418.097923544548
31164,8225.562573564805
31165,8418.097923544548
31166,8418.097923544548
31167,8612.66166848258
31168,8414.463148174222
31169,8221.988911806722
31170,8631.647858900873
31171,8743.745919852185
31172,8406.551569216477
31173,8406.551569216477
31174,8418.402058730007
31175,8423.785302491684
31176,8406.551569216477
31177,8619.270100262213
31178,8428.68480341992
31179,8433.914484391875
31180,8400.06140407485
31181,8446.886499219074
31182,8461.51786764428
31183,8446.886499219074
31184,8510.474336725454
31185,8980.943717748682
31186,8845.004330986536
31187,8329.891521641795
31188,8256.086546469796
31189,8249.616508223551
31190,8249.616508223551
31191,8410.785866692591
31192,8425.643385243195
31193,8977.977153607448
31194,8222.931043144836
31195,8202.73171539682
31196,8384.960910316371
31197,8442.346101705929
31198,8406.993479929746
31199,8506.197997226534
31200,9316.623558433697
31201,8226.826291375646
31202,8397.215053718372
31203,8475.952340081709
31204,8478.00650121365
31205,9502.13351372112
31206,8358.169519865673
31207,8474.318179231206
31208,8887.67904991118
31209,8887.67904991118
31210,8679.95562583155
31211,8665.698296849232
31212,8372.566240566439
31213,8375.54782417531
31214,8387.39831368884
31215,8817.811283788844
31216,8927.881592539563
31217,9282.565552354254
31218,8420.138585140015
31219,8453.098756392472
31220,9239.023141864827
31221,8610.978327768522
31222,8452.085199506824
31223,8715.29514137666
31224,8666.210066125059
31225,8740.76620314961
31226,9256.76348080696
31227,8401.793431573898
31228,8452.085199506824
31229,9074.064476314954
31230,8223.022455082482
31231,8437.453831081619
31232,8835.57166284908
31233,8156.073194681288
31234,8401.793431573898
31235,8352.89106477271
31236,8608.983790873755
31237,8448.099508914684
31238,8618.316022023948
31239,8809.394496197865
31240,8309.83802211317
31241,8238.408387088944
31242,8466.379273598433
31243,8408.92892528516
31244,8707.159370780513
31245,8445.098344380454
31246,9179.07710652723
31247,8311.48686498748
31248,8621.548886620545
31249,8523.382981509905
31250,8275.065496039917
31251,8879.427893582595
31252,8346.078517323816
31253,8359.443314592201
31254,8359.443314592201
31255,8359.443314592201
31256,8997.143152322818
31257,8445.076486334921
31258,8427.842753059713
31259,8212.610316331306
31260,8427.816301623427
31261,8387.11711029821
31262,8815.674688664327
31263,8340.632943171797
31264,8593.693935602383
31265,8720.41446634764
31266,8470.797121117921
31267,8616.097652739498
31268,8455.76976081694
31269,8414.073205730723
31270,8448.574702462269
31271,8430.148036229755
31272,8855.111864944483
31273,8410.280441796847
31274,8476.766198475152
31275,8301.28771835565
31276,8242.784088312908
31277,8448.383813307808
31278,8979.071430891881
31279,8236.79015395478
31280,8639.232196174611
31281,9451.33117990119
31282,8443.886680172627
31283,8251.686957663736
31284,8248.718431261377
31285,8675.5132502495
31286,8616.473384858598
31287,8419.334038082545
31288,8464.17894413972
31289,8657.35660502439
31290,8270.601742767869
31291,9586.308759342419
31292,8656.398087513233
31293,8657.35660502439
31294,8461.583124325465
31295,8657.35660502439
31296,8458.139036519646
31297,8423.479752814506
31298,8461.583124325465
31299,8377.674507396709
31300,8345.693678211535
31301,8378.876603433971
31302,8646.737757364264
31303,8464.17894413972
31304,8388.127131038324
31305,8265.310449016042
31306,8365.445795771253
31307,9311.690253594083
31308,8365.445795771253
31309,8436.871021103772
31310,8440.128380591363
31311,8660.129025653529
31312,8992.305259140356
31313,8303.072128955839
31314,8443.181062370606
31315,8323.5098438416
31316,8651.381477843724
31317,8648.768895825113
31318,8430.205602795615
31319,8490.630248395946
31320,8467.647434633238
31321,8380.591294816493
31322,8426.948243308025
31323,8323.5098438416
31324,8255.8617104955
31325,8380.591294816493
31326,8771.849659620359
31327,8426.948243308025
31328,9238.648810717932
31329,9507.335553924795
31330,8434.481014592733
31331,8465.242503973446
31332,8467.647434633238
31333,8777.343454382519
31334,8465.242503973446
31335,8435.251822290431
31336,8311.945828391092
31337,8631.242177025537
31338,8631.242177025537
31339,8449.436489270374
31340,8411.142228604955
31341,8627.000177772967
31342,8366.011180617397
31343,8414.399588092545
31344,8396.284710054351
31345,8263.245994315796
31346,8449.436489270374
31347,8513.024326776755
31348,8853.71617354728
31349,8641.25750675528
31350,8210.578297347867
31351,8307.703829138522
31352,8242.358670537706
31353,8307.337789234907
31354,8865.045725280723
31355,8763.533153995413
31356,8716.128495484138
31357,8422.965023798197
31358,8236.364736179577
31359,8422.965023798197
31360,8387.790169322614
31361,8387.612402022014
31362,8377.833975810641
31363,8489.450780476502
31364,8691.44212930413
31365,8998.227707091492
31366,8763.533153995413
31367,9420.253601878894
31368,8716.128495484138
31369,8426.222383285787
31370,8450.61811753731
31371,8418.522399781026
31372,8643.71258009923
31373,8383.347545305443
31374,8711.685871466969
31375,8450.355557411589
31376,8999.61363426925
31377,8255.128574489392
31378,8415.69627370645
31379,8631.554222874463
31380,8264.82768709893
31381,8207.752171273289
31382,8708.859745392392
31383,8385.972666015865
31384,9262.28942036055
31385,8645.811551856777
31386,8857.776975188977
31387,8426.929585057052
31388,8857.776975188977
31389,8756.264403903668
31390,8435.563868139358
31391,8628.941640855852
31392,8418.95363319404
31393,8428.013490995525
31394,9340.226173683932
31395,8472.95011206515
31396,8435.508280227526
31397,8435.508280227526
31398,8681.784583649393
31399,8725.414392425877
31400,8387.11987275238
31401,8882.735316827107
31402,8270.018661593193
31403,8994.547001885248
31404,8648.108869907948
31405,8478.861314914202
31406,8534.133018911736
31407,8645.496287889337
31408,8470.354292250897
31409,8328.812521273512
31410,8264.727367841366
31411,8249.131337815103
31412,8447.187598852974
31413,9212.214078892393
31414,8447.378488007434
31415,8447.187598852974
31416,9192.947855811271
31417,8510.966325513813
31418,8447.378488007434
31419,8282.845857722368
31420,8350.927301223799
31421,8432.275824295568
31422,8396.058349211358
31423,8738.710810723655
31424,8350.927301223799
31425,8457.663568718068
31426,8273.791542867997
31427,8408.401665091991
31428,8636.440157661109
31429,8728.129059520888
31430,9272.041458405334
31431,8449.100856417204
31432,8568.892336714443
31433,8858.550651905376
31434,8749.656097290526
31435,8252.88561142793
31436,8393.520093357038
31437,8238.071868462835
31438,8292.68079424338
31439,8566.640023440032
31440,8561.97909911606
31441,8922.673931320178
31442,8171.756600265704
31443,8368.577338303063
31444,8351.952741641722
31445,8303.02892972029
31446,8637.696827926397
31447,8233.410944138866
31448,8369.967192476688
31449,8958.775298820372
31450,8302.354732290049
31451,8288.019869919406
31452,8637.696827926397
31453,8351.417337195437
31454,8348.159977707846
31455,8547.72177013375
31456,8303.02892972029
31457,8352.517653278175
31458,8359.610606227609
31459,9097.60906616559
31460,8897.276988744565
31461,8403.488649365121
31462,8804.264818007003
31463,8231.14851579996
31464,9158.898549131865
31465,8592.299394674797
31466,9227.64467778362
31467,8415.109745615098
31468,8591.340877163644
31469,8372.015942070117
31470,8417.36566968373
31471,8331.535430370956
31472,8397.91363279173
31473,8348.952040473754
31474,8427.689326837095
31475,8348.328781688842
31476,8222.560793116989
31477,8481.368810798669
31478,9481.410965880255
31479,8428.889067281401
31480,8447.124844359454
31481,8966.751748029143
31482,8293.458444098496
31483,8460.568258285448
31484,8416.753847630433
31485,8255.148687896224
31486,8413.119072260108
31487,8958.816291175568
31488,8270.485462108494
31489,8264.44141344591
31490,8446.682229329655
31491,8202.412074792019
31492,8300.658917909896
31493,8424.662463748404
31494,8583.96078999549
31495,8380.54724839173
31496,8472.59752101789
31497,8409.009683511507
31498,8390.58301727899
31499,8809.951754120648
31500,8306.970288726858
31501,8356.032893632251
31502,8361.624158157912
31503,8314.644528563571
31504,8422.986367175046
31505,8376.139143434297
31506,8664.847471426698
31507,8332.195240320745
31508,8386.174912321558
31509,8404.601578554075
31510,8378.400947878954
31511,8354.694805315095
31512,8323.79801709323
31513,8588.648631596378
31514,8415.212402732443
31515,8378.400947878954
31516,8378.400947878954
31517,8249.002806435054
31518,8884.67576348184
31519,8884.67576348184
31520,8239.046612923084
31521,8269.320142360035
31522,8324.876852235844
31523,8287.435020398229
31524,8376.02507709385
31525,8362.724088552977
31526,8750.843423395272
31527,9654.44599248433
31528,8497.637153489422
31529,8724.948194606379
31530,8708.07828360545
31531,8308.6622537485
31532,8366.480713628345
31533,9259.343662573487
31534,8466.84394618136
31535,8952.763903147938
31536,10078.038660884386
31537,8462.89002306556
31538,8311.371603837983
31539,8445.826665666023
31540,8492.964243882423
31541,8894.550326221022
31542,8467.202525682658
31543,8351.901820004194
31544,8423.627754443633
31545,8269.5667834655
31546,8878.060908996704
31547,9025.916485042748
31548,8622.62007426061
31549,8636.754828862815
31550,8866.446035383491
31551,8770.427258860342
31552,8770.427258860342
31553,9006.677304876126
31554,8423.048615591839
31555,8408.191097041237
31556,8432.252699722245
31557,8607.20380620622
31558,8378.647798052
31559,8432.252699722245
31560,8836.902736394253
31561,8223.848315598201
31562,8396.762676090191
31563,8495.840537228623
31564,9287.111578626353
31565,8230.66611843998
31566,8403.79026460247
31567,8737.855277442211
31568,8233.109356303428
31569,8348.374268615045
31570,8428.617722761963
31571,8446.100525112797
31572,8427.770502588362
31573,8328.41590999825
31574,8778.58871865039
31575,8849.638415656964
31576,8754.166681145327
31577,8805.974361979084
31578,8592.186825280824
31579,8593.14534279198
31580,8376.885420451441
31581,8398.29859321347
31582,8428.093584889524
31583,9259.46058713966
31584,8429.842053280876
31585,8261.56149189915
31586,8913.654962354802
31587,8377.98125728849
31588,8913.654962354802
31589,8446.762350139856
31590,8246.328172016347
31591,8416.948875697948
31592,8246.328172016347
31593,8411.23025300203
31594,8679.632595152174
31595,8474.818090508412
31596,8413.182061207599
31597,8222.34264166297
31598,8372.48286988238
31599,8327.351821894825
31600,8389.168811399186
31601,8872.981720473115
31602,8213.341054709124
31603,8956.111559166673
31604,8326.728563109911
31605,8392.803586769513
31606,8828.657400742879
31607,8310.777757084923
31608,8623.157387463125
31609,8363.532823914085
31610,8392.783653468152
31611,9747.675645964462
31612,9175.527940005482
31613,8436.217216969682
31614,8494.129872277119
31615,8248.653969640574
31616,8416.967181458607
31617,8435.39384769112
31618,8435.39384769112
31619,8627.214865176025
31620,8738.531313077823
31621,8268.634351325694
31622,8319.6120298881
31623,8389.75094095335
31624,8794.711558481586
31625,8671.57244679993
31626,8214.740029253926
31627,8327.039024526699
31628,8888.107707131197
31629,8400.023224993109
31630,8545.181731934777
31631,8527.811037989715
31632,8888.107707131197
31633,8755.423722989015
31634,8775.730584961315
31635,8517.030445111688
31636,8731.438719422391
31637,8952.846464627853
31638,8534.833527273953
31639,8617.483358499867
31640,8934.82796364831
31641,8412.999105877823
31642,8990.350497509315
31643,8568.840798620711
31644,8559.313084600266
31645,8647.259217506047
31646,8596.899287084676
31647,8846.764256472892
31648,8627.785351754663
31649,8592.217110605523
31650,8627.785351754663
31651,8858.951990994667
31652,8655.78000332627
31653,8621.370681074137
31654,8679.20611105507
31655,8586.027355845576
31656,8737.523540309423
31657,8996.357840260856
31658,8987.772583942204
31659,8662.943099536455
31660,8647.0116613807
31661,8647.0116613807
31662,8726.580807383627
31663,9105.846660798894
31664,8846.976698043416
31665,8846.976698043416
31666,8610.281556923415
31667,8530.712410920489
31668,8448.04650172667
31669,8562.523347727742
31670,8728.660413849779
31671,8794.008271837984
31672,8872.6350508802
31673,8524.16422922644
31674,8598.908258671878
31675,8841.349198681064
31676,8625.37973593931
31677,8551.99931099072
31678,9355.625760141707
31679,8496.830757290558
31680,8853.69822462163
31681,8549.82314237151
31682,8549.82314237151
31683,8754.820443168868
31684,8673.926051018458
31685,8673.926051018458
31686,8732.787808949572
31687,8660.655512127769
31688,8635.658741745578
31689,8586.162040221649
31690,8629.98453222927
31691,8546.51723467921
31692,8632.991865464806
31693,8542.479986536084
31694,8627.880989143043
31695,8541.760502465631
31696,8657.560532414167
31697,8909.967180298423
31698,8635.816388833302
31699,8850.113117072378
31700,8548.311843140116
31701,8630.839596957705
31702,8640.955193903324
31703,8630.839596957705
31704,8604.036863239762
31705,8605.962239417457
31706,9438.165170631342
31707,8881.303163830898
31708,8966.647540599557
31709,8688.687428083684
31710,8665.738979003752
31711,8675.94532103514
31712,8640.955193903324
31713,8850.113117072378
31714,8604.036863239762
31715,8966.938154235924
31716,8738.619665553604
31717,8532.57089909463
31718,8556.41502499791
31719,8540.264009471497
31720,8808.57353545925
31721,8600.420803757097
31722,8547.597893494167
31723,8594.276807220174
31724,8615.830061646579
31725,8558.268478544964
31726,8808.57353545925
31727,8631.273747547482
31728,8604.524010109168
31729,9238.56669980116
31730,8547.190508386315
31731,8818.824530709799
31732,8697.115076562468
31733,8621.583178702667
31734,9104.349665695718
31735,8686.556942225558
31736,8684.808473834206
31737,8671.257229927718
31738,8671.257229927718
31739,8981.854220984054
31740,9102.282717627299
31741,8621.094364551089
31742,8658.012695214651
31743,8658.012695214651
31744,8658.012695214651
31745,8658.548099660937
31746,8621.094364551089
31747,8694.855472062602
31748,9102.282717627299
31749,8644.93849045437
31750,8702.293810813215
31751,8668.916728002205
31752,8644.93849045437
31753,8655.881223380165
31754,8655.881223380165
31755,8602.488104540382
31756,8672.285710007836
31757,8672.476599162297
31758,8674.208021754032
31759,8655.881223380165
31760,8618.419542696136
31761,8647.897098269032
31762,8674.208021754032
31763,8874.624643807023
31764,8648.606772365752
31765,8613.290715792222
31766,8637.664039439956
31767,9150.371501314556
31768,9003.835335400421
31769,8657.456130636765
31770,8744.472856865501
31771,9050.454949193705
31772,8677.163628077607
31773,8745.687730170317
31774,8810.279193258495
31775,8921.77264477727
31776,8972.549483201285
31777,8701.68195141113
31778,8669.457114101204
31779,8630.850734512445
31780,8867.811338879512
31781,8850.941427878584
31782,8631.26145587783
31783,8932.8366632913
31784,8597.137870269007
31785,8597.673274715293
31786,8587.526264679092
31787,8589.835493541324
31788,8597.137870269007
31789,8836.153386257089
31790,8597.137870269007
31791,8796.157942983658
31792,8511.56423565319
31793,8611.601774216653
31794,8584.544199789498
31795,8628.069444267912
31796,8796.157942983658
31797,8644.870104449366
31798,8589.857630635788
31799,8713.24332055656
31800,8691.337487236411
31801,8712.693543202424
31802,9468.748702629251
31803,9012.07816076622
31804,8687.149434332016
31805,8677.010614697514
31806,8687.149434332016
31807,8660.056420369356
31808,9077.824149786702
31809,8648.368524613807
31810,9464.2546563763
31811,8649.468758591827
31812,8649.468758591827
31813,8648.082449587095
31814,8648.082449587095
31815,8649.468758591827
31816,8624.238323683814
31817,8582.134360406044
31818,8663.09122878634
31819,8881.022732395742
31820,8629.540003894816
31821,8635.209227303863
31822,8709.34547391112
31823,8676.28242807773
31824,8997.847769559288
31825,8681.517693428897
31826,9148.827691014607
31827,8599.391605970883
31828,8897.89264339667
31829,8636.088303678385
31830,8655.016963478934
31831,8575.994669537602
31832,8652.885491644449
31833,8690.460955726752
31834,8678.230226065041
31835,9388.010770978404
31836,8700.00602735848
31837,8758.035696081346
31838,9505.095885217677
31839,8655.911655418224
31840,8621.124796589147
31841,8646.35523149716
31842,8594.141628496413
31843,9333.75717305042
31844,9273.512823361401
31845,8701.102876219426
31846,8537.29038413115
31847,9449.021696906684
31848,8689.616034101295
31849,8696.765246431583
31850,8743.177833864633
31851,8919.007811259993
31852,8652.547935592169
31853,8696.553714351356
31854,8696.553714351356
31855,8945.040342376198
31856,8665.62214035245
31857,8885.100883836905
31858,8636.396920065756
31859,8665.62214035245
31860,8884.565147871417
31861,8657.815772269063
31862,8701.066132600268
31863,8698.510010185124
31864,8671.06949377888
31865,8660.126760853083
31866,8704.13253961227
31867,8636.282634949803
31868,8563.627933830508
31869,8648.85946401117
31870,8475.37288309805
31871,8627.440611807862
31872,8924.62252256629
31873,9267.909273604993
31874,8656.665832094557
31875,8647.744135142266
31876,8659.76962561124
31877,8875.608839613524
31878,8493.89128284915
31879,8662.110027085375
31880,8551.54167912649
31881,8638.265901182094
31882,8663.496336090107
31883,8877.793064329184
31884,9092.951961263003
31885,8509.822721004904
31886,8627.78956345881
31887,8624.154788088483
31888,8903.930000666964
31889,8602.559128550796
31890,8630.555762262067
31891,8842.086291697886
31892,8877.736666697705
31893,8637.345987379873
31894,9276.30934739894
31895,8723.590717634659
31896,8668.107704319043
31897,9116.049402480246
31898,9156.5775141733
31899,9249.70675224554
31900,8916.86510506904
31901,8698.2816730629
31902,8682.959001937024
31903,8669.862275581349
31904,8887.793779190752
31905,8659.560405602739
31906,8710.717121535701
31907,8490.251888984221
31908,8639.901469193785
31909,8535.71188346875
31910,8811.248983938603
31911,8381.94488013619
31912,8548.786088229032
31913,8539.86439127674
31914,8537.098192473482
31915,8751.394920712559
31916,8621.058627582677
31917,8552.894057457086
31918,8638.595952113823
31919,8516.991761576417
31920,8852.8926803529
31921,8474.622799568951
31922,8638.595952113823
31923,8641.36215091708
31924,8741.399228834125
31925,8620.987631478663
31926,8714.991360402559
31927,8707.108381270657
31928,8707.108381270657
31929,8694.259482014138
31930,9195.989502255929
31931,8779.993189352936
31932,8765.1475680783
31933,9248.635563940974
31934,9025.2762180659
31935,9003.184780901916
31936,8768.445382262216
31937,8818.480686606252
31938,8588.616755462279
31939,8632.913030973308
31940,8601.132657783453
31941,8990.157945090874
31942,8785.417640772861
31943,8813.081287435823
31944,8654.745805917668
31945,9279.769514817124
31946,8789.356603960925
31947,8814.544633757656
31948,8802.547803252315
31949,8644.45926190284
31950,8663.479862862725
31951,8688.867607285227
31952,8558.970069562869
31953,8922.049825722132
31954,8686.584856986818
31955,8556.838597728383
31956,8556.838597728383
31957,8338.225031392576
31958,8335.448745661906
31959,8511.711612305695
31960,8555.51444982676
31961,8559.149225197087
31962,8259.941898834915
31963,8531.139318819669
31964,8779.38967819756
31965,8669.675201867547
31966,8087.663219673541
31967,9112.51211215602
31968,8789.385056702278
31969,9401.16313329879
31970,8835.0250069055
31971,8496.896429436905
31972,8541.635063642269
31973,8817.615501255716
31974,8468.664730783838
31975,8366.898067084368
31976,8202.835024938422
31977,8548.907159222297
31978,8289.590669288742
31979,9421.577253396164
31980,8701.15754810894
31981,8523.857760197172
31982,8701.15754810894
31983,8135.619055754405
31984,8582.530184317366
31985,8891.212220053458
31986,8555.375734341646
31987,8185.986835287265
31988,8326.404331437994
31989,8586.835999067964
31990,8796.258494727103
31991,8229.820702556268
31992,8396.971690649914
31993,8421.479501067599
31994,8620.984540034444
31995,8396.971690649914
31996,8515.887672471797
31997,8953.61506644671
31998,8967.749821048912
31999,8435.60323040184
32000,8506.547260327125
32001,8240.76489030042
32002,8506.547260327125
32003,8245.193261067057
32004,8580.933136592117
32005,8879.886200180816
32006,9285.317104366257
32007,8630.624220133794
32008,8597.171942699533
32009,8614.284147089023
32010,8537.063145776086
32011,8751.359874015163
32012,8983.902620622057
32013,8496.694461072762
32014,9308.8799034187
32015,8633.99506796628
32016,8550.58900438502
32017,8550.58900438502
32018,8581.087328888148
32019,8620.079264860084
32020,8386.741196728412
32021,8626.86948997789
32022,8732.918310467649
32023,8669.525112418989
32024,8732.918310467649
32025,8392.428575675545
32026,8635.80241269448
32027,8850.099140933557
32028,8632.556868925023
32029,8585.655301779785
32030,8615.928831216737
32031,8688.282156211739
32032,8584.981104349543
32033,8659.46307687197
32034,8669.59802454803
32035,8619.220592775206
32036,8578.004330412457
32037,8664.895046082862
32038,8626.288666494103
32039,8639.89827570067
32040,8655.268632461588
32041,8895.863784467367
32042,8846.777255537227
32043,8468.50880643199
32044,8596.015137057151
32045,8456.755910690796
32046,8456.755910690796
32047,8653.780156786226
32048,8619.362983598276
32049,9110.664264576451
32050,8405.077553753614
32051,8349.822099591509
32052,8541.788447647687
32053,8633.045095201447
32054,8481.873904357131
32055,8679.413434258244
32056,9157.26687148712
32057,8393.53763870888
32058,8493.500187429998
32059,8710.345008257149
32060,8675.144262431537
32061,9488.077541706689
32062,8460.058209554034
32063,8732.529515157035
32064,8976.862804558223
32065,9149.551487939072
32066,8982.356599320383
32067,8724.265267519506
32068,8484.909562582494
32069,8601.73096378321
32070,8906.489386199126
32071,8854.923610791562
32072,9034.432132725562
32073,9429.871953232978
32074,8636.60270706887
32075,8542.279393845187
32076,9069.406912527722
32077,8862.388754191259
32078,8630.108043016284
32079,8927.581533813483
32080,8886.608956229265
32081,8881.16921819015
32082,9078.061589797226
32083,8587.879714874547
32084,8625.838871189577
32085,8910.866701178536
32086,8393.639958850663
32087,8627.976571181798
32088,8908.135993998903
32089,8335.192815284474
32090,8586.76030881905
32091,8585.292388326949
32092,8629.993241663033
32093,8627.861769828547
32094,8832.314098335337
32095,8866.717521829387
32096,8507.843875824969
32097,8375.646836131053
32098,8600.16287910385
32099,8689.876212322408
32100,8858.949244647138
32101,8569.947642013736
32102,8995.621163577145
32103,8451.397833721363
32104,8579.180509581543
32105,8546.135894039962
32106,8530.23013283276
32107,8768.201364504883
32108,8528.098660998274
32109,8550.765113962234
32110,8591.981376324982
32111,8560.721307474205
32112,9035.813728824227
32113,8678.586342075281
32114,8647.654768076376
32115,8401.424940724775
32116,8593.854920554591
32117,8604.797653480387
32118,8833.989183580778
32119,8563.58139111764
32120,8608.043197249845
32121,8973.00088836115
32122,8613.683035853692
32123,8663.600017461924
32124,8617.835543661682
32125,8655.624631641982
32126,8970.150339165431
32127,8628.457146144498
32128,8856.06045840061
32129,8661.02403081241
32130,8633.840389906176
32131,8540.446363988654
32132,8441.59873425378
32133,8633.840389906176
32134,8970.150339165431
32135,8425.09277108103
32136,8853.325302001886
32137,9473.4076465993
32138,8596.523148827642
32139,8464.967506308984
32140,8654.461759453116
32141,8859.381214855604
32142,8660.023332086275
32143,8650.210032665202
32144,8659.686910559607
32145,8655.5305465995
32146,8555.82381592838
32147,9366.579892006945
32148,8885.051227582473
32149,8885.051227582473
32150,8885.051227582473
32151,8687.35055722257
32152,8885.051227582473
32153,8679.06133184036
32154,8659.686910559607
32155,8433.132226625838
32156,8618.998546803881
32157,8621.471071998229
32158,8891.302290923275
32159,8618.470648196859
32160,8555.82381592838
32161,8493.22586076662
32162,8606.095637748189
32163,9135.287114288632
32164,8615.346165352536
32165,8641.640342697494
32166,8700.741825511834
32167,8923.47402321143
32168,9004.648685375158
32169,8490.52718473502
32170,8631.717564901748
32171,8490.112111567118
32172,8663.651562218603
32173,8716.166693983649
32174,8621.939138690377
32175,8665.822277333897
32176,8631.895332202348
32177,8618.24071299206
32178,8683.826495252513
32179,8618.24071299206
32180,8434.05572556946
32181,8544.927162482056
32182,8928.98380438394
32183,8652.21266812733
32184,9021.460842611366
32185,9374.862093808593
32186,8621.939138690377
32187,8663.651562218603
32188,8555.065982116557
32189,8683.826495252513
32190,8665.400030609955
32191,8696.880869201425
32192,8543.501966666057
32193,8889.168728088547
32194,8652.087546768103
32195,8679.024044956186
32196,8610.375123239877
32197,8760.274067250084
32198,8651.591385602625
32199,8694.46773085709
32200,8653.722857437111
32201,8606.67669754156
32202,8672.262479802013
32203,8937.976882437813
32204,8694.46773085709
32205,8679.214934110647
32206,8439.800939335582
32207,8490.112111567118
32208,8430.018477426334
32209,8452.08105528548
32210,8772.096862443326
32211,8691.03772930389
32212,8663.414180795868
32213,8501.738394639984
32214,8465.836098759315
32215,8618.499492734802
32216,8621.523721002877
32217,8631.97634464449
32218,8643.618265776993
32219,8643.618265776993
32220,8664.779549353252
32221,8905.958054708984
32222,8652.444726205053
32223,9010.371676924071
32224,8664.779549353252
32225,8674.048241401508
32226,8978.696866627728
32227,8623.19745155815
32228,8892.930174373163
32229,8592.615379375597
32230,8992.885300535781
32231,8654.953681574405
32232,8926.83710179625
32233,8491.933064518385
32234,8657.124396689698
32235,8682.081068916948
32236,8635.056126283374
32237,8425.504441056562
32238,8660.336925336083
32239,8643.514787483131
32240,9330.21218002786
32241,8958.122953995387
32242,8941.40812136044
32243,8546.368101472359
32244,8911.710638372055
32245,9031.370443603699
32246,8693.431769091363
32247,8700.465857537922
32248,8682.12116707189
32249,8553.32395515387
32250,9121.456135978768
32251,8665.65080383485
32252,8489.835504941757
32253,8698.71384966824
32254,8887.253546798158
32255,8912.708714117738
32256,8547.42256526378
32257,8686.321898034237
32258,8487.392267078314
32259,9004.078583961704
32260,8671.530208762006
32261,8665.65080383485
32262,8718.148371007394
32263,8708.527149089314
32264,8666.146965000327
32265,8624.434541472101
32266,8489.835504941757
32267,8429.741870800974
32268,8869.226707212916
32269,8993.11669069575
32270,8653.503369176764
32271,8649.755436084093
32272,9103.429296393526
32273,8653.503369176764
32274,8869.226707212916
32275,8654.873928747373
32276,8608.789264053174
32277,8678.529637666737
32278,8636.729557953438
32279,8741.203982185201
32280,8603.160249967576
32281,8636.729557953438
32282,8604.114496196158
32283,8635.99866907379
32284,8883.337270382612
32285,8883.337270382612
32286,9141.349894623288
32287,8635.99866907379
32288,8852.602994249351
32289,9282.179545031333
32290,8866.467359381684
32291,8417.74867444839
32292,8593.492110773905
32293,8537.607841970139
32294,8461.821766265788
32295,8624.42368477281
32296,8826.66511157788
32297,8856.362594566266
32298,8313.06571454685
32299,8613.371797019836
32300,8574.765417431077
32301,8466.308097317744
32302,8590.08308781414
32303,8529.482828193246
32304,8613.371797019836
32305,9036.347505294727
32306,8544.491887994125
32307,8466.308097317744
32308,8652.63384935088
32309,8544.491887994125
32310,8585.708150356873
32311,8807.884647578989
32312,8466.308097317744
32313,8589.522633384808
32314,8556.459587551417
32315,8896.786336791494
32316,8911.7389549671
32317,8703.823475538122
32318,8883.952182945375
32319,8366.503066695232
32320,9068.388425455545
32321,8601.976918730325
32322,9059.733748186041
32323,8598.88420817127
32324,8856.985407136623
32325,8637.490587760029
32326,8572.998388644788
32327,8603.27191808174
32328,8599.963635123859
32329,8646.106029992727
32330,8647.065806662993
32331,8542.60731137365
32332,8409.955559906743
32333,8631.631261110335
32334,9506.698875719105
32335,8631.631261110335
32336,8631.631261110335
32337,9097.809171676767
32338,8426.166307936019
32339,8640.313830773706
32340,8678.516442099592
32341,8483.070521926606
32342,8647.584868100686
32343,9063.760692746546
32344,8408.371253159134
32345,8497.589591558
32346,8849.154095655593
32347,8449.09966844577
32348,8423.763396576709
32349,8640.70179494642
32350,8614.143000422264
32351,8614.143000422264
32352,8666.622743939522
32353,8621.414037749244
32354,8619.282565914758
32355,8981.838905022112
32356,8549.107444430932
32357,8549.107444430932
32358,8623.386752627071
32359,8575.507465004015
32360,8712.538172185134
32361,8647.937506790717
32362,8847.169090388523
32363,8633.097724846146
32364,8604.351651703153
32365,8609.734895464831
32366,8609.767372795493
32367,8607.100496514722
32368,8392.293569979496
32369,8601.960931022228
32370,8591.925162134965
32371,8609.231968349208
32372,8634.764143177685
32373,8462.958859439734
32374,9241.43798295584
32375,8873.266581814745
32376,8479.835373766666
32377,8510.78310063386
32378,8521.725833559656
32379,8510.78310063386
32380,8582.40934366143
32381,8603.740462943013
32382,8901.24242109188
32383,9549.292335963126
32384,8694.60419619394
32385,8772.945440829688
32386,8733.971192147252
32387,8469.968998357033
32388,8490.508416162555
32389,8944.465809266925
32390,8674.997508175404
32391,9001.992062382447
32392,9597.134378600882
32393,8678.45746281797
32394,8474.749868834866
32395,8650.900635473077
32396,8691.85645070263
32397,8698.188978084008
32398,8724.91949653602
32399,8531.718001596299
32400,8631.781316437677
32401,8500.8664356164
32402,8902.144929007512
32403,9105.531917013506
32404,8652.110353785067
32405,8867.833691821219
32406,8772.066557303835
32407,8716.3951685869
32408,8669.263280583533
32409,8900.961218142298
32410,8631.670684351377
32411,8506.91302555054
32412,8666.450500046307
32413,8627.385158446095
32414,8622.44472128712
32415,8742.523258314597
32416,8855.443319630447
32417,8426.872541255234
32418,8602.127385362139
32419,8872.313230631375
32420,9084.48686755323
32421,8404.372845394104
32422,8661.051100875879
32423,8666.450500046307
32424,8471.034737240263
32425,8651.610718101736
32426,8633.387454212916
32427,8643.53203809758
32428,8636.292546677669
32429,8434.265914346232
32430,9056.573090166628
32431,8675.311950565709
32432,8905.805115875719
32433,9062.213170407565
32434,8630.535750759991
32435,8630.535750759991
32436,8561.242817434999
32437,8525.118208947135
32438,8686.101295207778
32439,9153.4722860452
32440,8698.780855427409
32441,8433.756367647115
32442,8958.020401269974
32443,8627.229427308608
32444,9004.221110593851
32445,8642.095516448591
32446,8477.918563632144
32447,8627.229427308608
32448,8671.261513263207
32449,8633.489224146311
32450,8834.420872910232
32451,8851.29078391116
32452,8570.47454769971
32453,8570.525486345043
32454,8645.428053326092
32455,8485.808169085552
32456,8615.031883773472
32457,8949.658611515486
32458,8402.827998474944
32459,8871.531237199591
32460,8584.65320850917
32461,8624.96948808218
32462,8862.945980880939
32463,8615.890977330026
32464,8622.156144093235
32465,8575.820163512379
32466,8634.094973273015
32467,9716.11768448773
32468,8994.362748887133
32469,8639.132417978744
32470,8639.132417978744
32471,8440.969982673872
32472,8661.56670507595
32473,8636.378675279218
32474,8594.367458216942
32475,8634.630206887867
32476,8872.606699686625
32477,8438.769466917589
32478,8596.21672462638
32479,8831.918109295708
32480,8807.2612320487
32481,8550.8587756308
32482,8451.333135324074
32483,8569.273807598747
32484,8752.142845931205
32485,8620.189438138043
32486,8747.71311586135
32487,8739.699785362207
32488,8959.852853468214
32489,8954.766043702884
32490,8973.506049874291
32491,8727.590787073837
32492,8802.998453805307
32493,8762.869521603468
32494,8756.664278396953
32495,8839.07490092995
32496,9231.460633651566
32497,8654.092447561025
32498,9169.008661373715
32499,8984.015264689819
32500,9285.8383403005
32501,9043.799791476786
32502,9124.690509303928
32503,9109.112094090106
32504,9039.117614997633
32505,9186.138989315592
32506,9090.642085817502
32507,9127.985903447106
32508,9031.424504620765
32509,9243.367365032158
32510,9096.345990714199
32511,9167.88280325717
32512,9138.587132603432
32513,9229.6791090521
32514,9182.822352410656
32515,9279.233039957502
32516,9254.9782585731
32517,9255.310681373654
32518,9218.278519974683
32519,9573.774682640313
32520,9082.341525511309
32521,9253.808028481008
32522,9228.836941411211
32523,9154.167785552447
32524,9064.298777922671
32525,8948.15114549762
32526,9015.600836888128
32527,9279.490140257149
32528,9134.555756941381
32529,9081.603102209849
32530,9007.995776758335
32531,9105.16853318625
32532,9082.25630479808
32533,8939.462444663814
32534,9615.077106078326
32535,9070.630021725214
32536,9017.544090342974
32537,8935.154804210119
32538,8917.942885897732
32539,8991.492306308413
32540,9282.342615871752
32541,9117.701870336283
32542,9084.033300642755
32543,9039.89616592392
32544,9053.617679538202
32545,9262.244620828944
32546,9030.3773579884
32547,9153.41096724215
32548,9011.634194342509
32549,9066.952522040943
32550,9200.729154980852
32551,9160.147944636075
32552,9099.940957730936
32553,9292.594822509789
32554,9102.072429565422
32555,9155.18181994669
32556,9160.147944636075
32557,9071.656808460868
32558,9063.495434526414
32559,9189.102871907986
32560,9063.495434526414
32561,9121.691389562027
32562,9452.985126771415
32563,9362.149706011292
32564,9315.668490851056
32565,9073.908543072399
32566,9189.102871907986
32567,9111.320258728456
32568,9063.495434526414
32569,9073.908543072399
32570,9107.474429793849
32571,9145.589243338982
32572,9073.908543072399
32573,9024.114275636088
32574,9117.636907762853
32575,8964.552539233096
32576,9072.733215331753
32577,8976.950522765934
32578,9370.211483395944
32579,9069.098439961426
32580,9039.854294583323
32581,8969.257412389066
32582,9074.12327919385
32583,9072.733215331753
32584,9185.221404736254
32585,9524.741187379004
32586,9120.967571783494
32587,9050.105289833871
32588,9140.890895880293
32589,9190.925476981452
32590,9611.843704002325
32591,9156.457721056715
32592,9158.5891928912
32593,9178.208152887806
32594,9141.508414289388
32595,9163.55941252541
32596,9306.615577779605
32597,9291.265525183726
32598,9119.129930876748
32599,9090.966044383726
32600,9057.780877845526
32601,9180.716685150497
32602,9053.221004375344
32603,9090.966044383726
32604,9350.29246538417
32605,9291.265525183726
32606,9174.381695829457
32607,9149.756501181486
32608,9139.167912363875
32609,9243.279133308251
32610,9080.55293583774
32611,9233.279740474625
32612,9090.966044383726
32613,9254.905416381118
32614,9236.358802078345
32615,9080.55293583774
32616,9175.867650962293
32617,9080.55293583774
32618,9175.867650962293
32619,9184.759517391027
32620,9073.169591928498
32621,9226.916617399589
32622,9236.004682293838
32623,9347.384439213753
32624,9207.676468230637
32625,9267.29533090581
32626,9185.121220996543
32627,9539.663862809102
32628,9171.788807021396
32629,9162.728713673283
32630,9188.76112833182
32631,9195.56828922089
32632,9201.281125290476
32633,9152.315605127298
32634,9058.712330236398
32635,9254.286507698536
32636,9135.881100772796
32637,9149.138623007186
32638,9081.484388228613
32639,9180.931774968974
32640,8990.419344753318
32641,9126.77594101872
32642,8973.447023442894
32643,8975.756252305126
32644,8926.6418900864
32645,9373.735973523872
32646,8931.20176355658
32647,9036.067630361364
32648,9066.538910084111
32649,8931.20176355658
32650,9010.339221322856
32651,8959.228092844376
32652,8987.391979337399
32653,8948.706091403561
32654,8995.481450200632
32655,9360.636363869437
32656,9600.123450044422
32657,9229.708354473787
32658,9942.609027395927
32659,9318.838062580387
32660,9248.205259739558
32661,9169.000088618342
32662,9282.43324472751
32663,9074.411018768638
32664,9302.863463057774
32665,9156.203037766025
32666,9839.071660803227
32667,9290.695156737953
32668,9045.37280144789
32669,9113.850721516787
32670,9070.454088302336
32671,9104.590382644627
32672,9207.373353643552
32673,9204.814339274913
32674,9099.602027361763
32675,9138.287915295601
32676,9247.682551620142
32677,9397.902093629527
32678,9110.124028802578
32679,9094.150780576765
32680,9187.715931918206
32681,9154.176277254595
32682,9138.287915295601
32683,9179.143747290263
32684,9102.020149118825
32685,9101.30726000148
32686,9073.964689565322
32687,9216.19430907996
32688,9101.30726000148
32689,9285.205215542072
32690,9449.803161221591
32691,9808.211808109103
32692,9539.446259240483
32693,9153.921216710889
32694,9862.112690388514
32695,9092.96410156491
32696,9089.305821036358
32697,9121.127988057933
32698,9190.138155836155
32699,9724.479226995776
32700,9563.825454348673
32701,9151.566418083536
32702,9158.643777278316
32703,9302.850091836273
32704,9068.272198004077
32705,9242.226588656786
32706,9128.036728736315
32707,9355.461879542765
32708,9208.952010743167
32709,9208.952010743167
32710,9092.439234980899
32711,9411.396925731084
32712,9062.79807465627
32713,9128.707001157674
32714,9092.439234980899
32715,9075.051058503319
32716,9155.91153227801
32717,9009.641781819822
32718,9092.439234980899
32719,9108.121939925566
32720,9100.018060241813
32721,9108.121939925566
32722,9100.018060241813
32723,9178.62036612802
32724,9041.14403840109
32725,9014.02031606467
32726,9162.085232609212
32727,9075.613558180945
32728,9286.854084157694
32729,9322.504459157513
32730,9163.26750667334
32731,9058.401639868558
32732,9066.094750245426
32733,9146.955224020117
32734,9136.649936760146
32735,9148.276219833013
32736,9055.02149464601
32737,9084.613149996525
32738,9136.137620816395
32739,9211.173130179572
32740,9305.372483908794
32741,9330.23852535084
32742,9146.079133793142
32743,9041.21326698836
32744,9481.396067798492
32745,9167.765670611003
32746,9175.466357548274
32747,9146.079133793142
32748,9351.18549082385
32749,9098.929338475218
32750,9545.259786310322
32751,9167.017810562056
32752,9202.717889142537
32753,9328.469925126037
32754,9534.270796749606
32755,9627.400034821847
32756,9204.883347641684
32757,9100.017480836901
32758,9214.475924249393
32759,9109.58391957861
32760,9177.347047252013
32761,9399.806031919448
32762,9073.21487572544
32763,9157.980258320575
32764,9021.11877819729
32765,8956.185927267834
32766,9012.13898196651
32767,8907.257470600069
32768,8904.988971066974
32769,8948.253396469938
32770,9009.73947719977
32771,9013.88745035786
32772,9030.410162027667
32773,9019.821573210056
32774,9111.23723684011
32775,9119.727319607096
32776,9045.046282954308
32777,9119.727319607096
32778,9156.885522448156
32779,9129.25707063359
32780,9113.368708674596
32781,9716.000035007231
32782,9161.133085927988
32783,9093.269920153925
32784,9117.193351474278
32785,9150.790386751476
32786,9444.060399901538
32787,9242.18800229724
32788,9213.142747150783
32789,9462.567717266737
32790,9308.596320436169
32791,9544.200890059705
32792,9143.845737969885
32793,9244.181903970446
32794,9166.253993988328
32795,9167.165321927705
32796,9169.333055592047
32797,9250.63397341257
32798,9244.181903970446
32799,9222.470086919548
32800,9161.18197303387
32801,9594.997579933037
32802,9265.632664057539
32803,9311.280949665585
32804,9239.600249399002
32805,9110.732415587703
32806,9116.508475842633
32807,9145.585715582198
32808,8892.497817345005
32809,9154.247551070555
32810,8993.89104387507
32811,8993.89104387507
32812,8975.295270506082
32813,8823.463923554336
32814,8921.675098320551
32815,8985.311525722695
32816,8969.258688805641
32817,8995.291103464178
32818,8829.407648315733
32819,8975.202413567038
32820,9003.36630006006
32821,8836.018200128943
32822,8665.979431025535
32823,9372.848696479983
32824,8978.687509788955
32825,9514.005617085832
32826,9055.512361717907
32827,8825.562790817236
32828,8935.847732567863
32829,9027.82181618496
32830,8793.9153952145
32831,8878.628216798694
32832,8744.071763598884
32833,9027.58272408565
32834,8798.158964999287
32835,9788.370428909595
32836,8929.01241281281
32837,8962.1407014622
32838,8963.650077754242
32839,8639.03941935099
32840,8843.274245571316
32841,9223.837914306712
32842,8864.036755485593
32843,8856.026220990309
32844,8776.516526107373
32845,9051.23778614148
32846,9007.72097236792
32847,8760.90370248375
32848,8775.853167328805
32849,8916.35938493301
32850,8892.83374244975
32851,8739.35967675085
32852,8948.007852429182
32853,9213.372439693287
32854,9187.301769552963
32855,8904.867147954366
32856,8945.201398764688
32857,8827.144689912926
32858,8908.154080354228
32859,8911.0827555625
32860,9012.61592218455
32861,9242.682865888546
32862,9569.623897140424
32863,9028.9283156646
32864,8989.313745592728
32865,9018.27354740232
32866,8925.570173298955
32867,8999.033934646339
32868,9107.529116580126
32869,8873.095782978708
32870,9593.186696192866
32871,9060.021386857185
32872,8999.558856070433
32873,9005.893845391472
32874,8976.808309619422
32875,9018.622061270215
32876,8943.081344662434
32877,9106.904291631725
32878,9043.370542202103
32879,9089.954350783113
32880,9101.333651780633
32881,8891.42797025586
32882,9141.290015338293
32883,9112.591670578859
32884,8941.955189735772
32885,8924.845292289216
32886,9042.291355736334
32887,9129.97754926845
32888,8982.495688566556
32889,9127.953739188475
32890,9281.212195364276
32891,9035.955702996911
32892,9149.552691514875
32893,9111.695561222643
32894,9031.945835328546
32895,9105.277390277379
32896,9111.695561222643
32897,9299.22300200897
32898,9120.900976444062
32899,8886.325413829429
32900,9067.127949694192
32901,8933.533211941709
32902,9016.43506063037
32903,8988.290510039029
32904,9058.017122035839
32905,9321.67553707178
32906,8914.597110593084
32907,9042.800153253664
32908,8930.0924114616
32909,9068.866764546467
32910,9038.174287071166
32911,9070.014965342603
32912,9506.810349327448
32913,8968.628264854044
32914,8975.344132419701
32915,9075.201753867506
32916,9074.719838498573
32917,9649.344685263779
32918,9107.708850929243
32919,9096.90434539846
32920,9175.071327087524
32921,9404.239648038965
32922,9208.199615736914
32923,9183.136046347807
32924,8958.0221209734
32925,8999.168839858025
32926,9077.335821547089
32927,9110.464110196479
32928,9263.72256637228
32929,9921.814006499031
32930,9032.850687211085
32931,9041.216521198583
32932,9457.504958085488
32933,9166.096941350199
32934,9025.414447256613
32935,9133.199402632365
32936,9103.581428945678
32937,9166.096941350199
32938,9450.358478032495
32939,9043.502738911451
32940,9024.358492811158
32941,9308.74863776976
32942,8990.636885867292
32943,9024.358492811158
32944,9273.098262769941
32945,8905.34642430522
32946,9043.502738911451
32947,8920.665658329177
32948,9025.299645903362
32949,9020.594772747392
32950,9120.18554693183
32951,9245.81899442172
32952,8965.445949655694
32953,8941.038797657717
32954,9060.002196139616
32955,9060.002196139616
32956,9050.950342757127
32957,9004.333211879652
32958,9258.964000946542
32959,8914.663303641275
32960,9050.950342757127
32961,9011.768238022436
32962,8963.025931176762
32963,9006.384994260758
32964,8965.15110714496
32965,8954.541186693103
32966,8960.777990012653
32967,8903.127593735313
32968,9248.234251470018
32969,9119.987458044634
32970,9085.19982967327
32971,8947.032226722666
32972,9075.90758165812
32973,9044.474186911768
32974,9173.288515144814
32975,9044.474186911768
32976,9088.46723050455
32977,9332.293294459003
32978,9105.730463378191
32979,9042.689826320804
32980,9002.883863240428
32981,9034.39875944747
32982,9110.629647790554
32983,9091.045845784243
32984,9114.264423160881
32985,9035.177287265205
32986,9065.013431125706
32987,8986.785085657839
32988,8986.785085657839
32989,9093.177317618729
32990,9283.831537598127
32991,9040.250294951202
32992,9114.264423160881
32993,9937.367623641781
32994,9138.862400778688
32995,8986.992122015803
32996,9101.282261652019
32997,9137.820973846072
32998,9054.199432978497
32999,9039.333343838514
33000,9118.012634971317
33001,9122.77177136483
33002,9014.12298377459
33003,9969.124343609712
33004,9137.925629481186
33005,9124.903243199316
33006,9145.990348741469
33007,9066.903212845793
33008,9076.422020781312
33009,8986.69608882919
33010,9122.77177136483
33011,8998.590278841819
33012,9025.646014512398
33013,9025.646014512398
33014,9304.93861551859
33015,9132.677856483213
33016,9170.588326359275
33017,9012.807238609998
33018,9045.046940879147
33019,9573.52705381385
33020,9083.836447650601
33021,9148.069515113151
33022,9076.77685573663
33023,9156.752635282977
33024,9514.069588954055
33025,9045.27073312573
33026,9085.326248787358
33027,9009.693489410494
33028,9077.104971756453
33029,9154.894576747514
33030,8959.658908309335
33031,9066.029014640468
33032,8979.664856095773
33033,9009.693489410494
33034,9122.690538672023
33035,9016.203134071675
33036,8979.664856095773
33037,9062.627753635545
33038,9329.27540249289
33039,9088.73125482932
33040,9154.894576747514
33041,9667.53144011192
33042,9077.104971756453
33043,9209.345369891753
33044,8959.658908309335
33045,9131.675999370877
33046,9105.64358471234
33047,9058.807687888811
33048,9045.628000672517
33049,9137.894823784487
33050,9160.324532015895
33051,9088.643831749312
33052,9158.266477096953
33053,9132.69608020133
33054,9044.32438852147
33055,9058.807687888811
33056,9158.266477096953
33057,9009.693489410494
33058,9319.611757651946
33059,9116.807718242335
33060,9172.265372616886
33061,9159.448078210891
33062,9028.483250021573
33063,8959.658908309335
33064,8983.582339629687
33065,9028.483250021573
33066,9141.652899717446
33067,9149.71761897773
33068,9137.878342598611
33069,9077.104971756453
33070,8988.79927396017
33071,9009.693489410494
33072,8959.658908309335
33073,8995.476529642316
33074,9110.151602173193
33075,9104.860308421366
33076,9121.98500523132
33077,9145.203582607957
33078,9155.585372931153
33079,9613.947536107717
33080,9056.33802050091
33081,8979.068303259915
33082,9383.774014803124
33083,8955.144871939563
33084,9195.211751735027
33085,8955.144871939563
33086,9140.760958590789
33087,9048.494135478819
33088,9292.873712216244
33089,8984.285237590399
33090,9161.132611903255
33091,9051.895396483742
33092,9383.774014803124
33093,9072.590935386681
33094,9135.56221500763
33095,9161.132611903255
33096,9366.217986095655
33097,9175.131507423188
33098,9230.802896140123
33099,9011.689097701903
33100,9162.505102171654
33101,9306.566498968477
33102,9117.54238121415
33103,9189.350170463156
33104,9051.895396483742
33105,8980.527776657558
33106,9616.460765772059
33107,9076.828365131092
33108,8984.76520640197
33109,9076.828365131092
33110,9102.703249981536
33111,9173.698385597576
33112,8980.482713991683
33113,9174.383950248119
33114,9017.182452590101
33115,9173.507496443115
33116,9059.687418904741
33117,9088.454648203959
33118,9087.837160841553
33119,9143.889522756428
33120,9062.159944099089
33121,8959.382301683974
33122,9023.692097251282
33123,8996.288237139777
33124,9130.292627061142
33125,9325.188110128738
33126,9112.840296889317
33127,9084.676410396294
33128,9359.384429936335
33129,9110.708825054831
33130,9112.840296889317
33131,9154.777234527211
33132,8972.946743865534
33133,9097.682946924177
33134,9027.331089037798
33135,9173.275531863843
33136,8946.35642355332
33137,9099.814418758662
33138,9206.977547012435
33139,9076.14580288107
33140,9110.02626280481
33141,9131.168054600237
33142,9574.227512584468
33143,9083.993848146272
33144,9257.680142424748
33145,9296.973594977926
33146,9152.721309026641
33147,8983.118407113787
33148,8988.798515014234
33149,9009.254405718342
33150,8927.53764405362
33151,8974.08661990675
33152,9045.351658275395
33153,9221.520972174303
33154,8900.99094002075
33155,8983.146026431688
33156,8947.178837932817
33157,8890.675324877162
33158,9094.441296770143
33159,9003.601917135797
33160,9022.76059650356
33161,9404.828432402943
33162,8886.155853688679
33163,9003.601917135797
33164,9221.520972174303
33165,8970.906656518551
33166,9053.30095750708
33167,9090.085980629014
33168,8913.609530638783
33169,8995.07414466735
33170,8953.571369534717
33171,9209.142320369774
33172,9182.272400276748
33173,9087.495539926436
33174,9268.711178733973
33175,8905.441091937848
33176,9305.998960098063
33177,9106.512169602123
33178,9277.296435052625
33179,9006.938723080366
33180,9150.61683899336
33181,9007.264817171881
33182,9058.120501875295
33183,8953.038185107916
33184,9013.798958185183
33185,9029.06913718515
33186,9096.847593750044
33187,8963.945150549534
33188,9051.456997942065
33189,9029.06913718515
33190,9837.398592460591
33191,9029.06913718515
33192,9103.471049642008
33193,9571.36673569894
33194,9150.654525260654
33195,9110.66972890591
33196,9110.66972890591
33197,9011.702920536509
33198,9120.737864028411
33199,9151.774733158962
33200,9047.484078321046
33201,8982.384835021816
33202,9105.790071613863
33203,8966.209036317865
33204,8972.51513272519
33205,9075.622769258622
33206,9118.80263483331
33207,9026.498868200944
33208,9026.498868200944
33209,9041.468922921462
33210,8982.572236636819
33211,9099.97872338829
33212,8966.180195385594
33213,8967.03761777963
33214,9027.376152940367
33215,8959.171125755143
33216,9082.094209459254
33217,9123.607607370595
33218,9281.419636416806
33219,9058.780311825085
33220,9080.090793597035
33221,9080.090793597035
33222,8972.226111742646
33223,8968.853523775848
33224,8942.28685417406
33225,9059.454483955957
33226,9059.454483955957
33227,9106.119881558468
33228,9033.42206929742
33229,8954.900811063426
33230,9378.978145453862
33231,9168.954879336494
33232,8982.83474872734
33233,8985.45912199841
33234,8908.106742178967
33235,8943.27452799056
33236,9052.102503552145
33237,9002.398389062748
33238,9059.639515295336
33239,10028.766343961473
33240,9067.570878043252
33241,9197.056052952476
33242,9131.409068222067
33243,9045.618330631736
33244,9040.035030222782
33245,9358.997445340554
33246,9106.019651504428
33247,9399.439839936324
33248,9988.378426055684
33249,9079.272486307154
33250,9170.610910496544
33251,9079.272486307154
33252,9088.96823268593
33253,9154.941311507853
33254,9089.294326777444
33255,9041.616457391527
33256,8970.413232358618
33257,9022.391174484495
33258,9352.29522445755
33259,9315.209838418388
33260,9110.994159043397
33261,9127.151143278094
33262,9184.057862670637
33263,9099.98319934884
33264,9085.117110208857
33265,9331.404247705697
33266,9060.368629276969
33267,9005.942454304699
33268,9090.562021232694
33269,9120.144014849
33270,9064.362586750638
33271,9096.47231501814
33272,9120.144014849
33273,8992.298070868004
33274,9069.653880502465
33275,9127.68102659219
33276,9302.819466227616
33277,9045.874283429426
33278,9009.24394280483
33279,9040.603756499102
33280,9045.874283429426
33281,9036.830291011096
33282,9036.830291011096
33283,9141.528851982739
33284,9063.97038982517
33285,9000.507855082515
33286,9342.010575501397
33287,9112.451612243174
33288,9155.968426016734
33289,9116.583233464702
33290,9083.56377439645
33291,9076.92324160049
33292,8978.31556838966
33293,9008.212075961897
33294,9161.771395787657
33295,9607.796969777497
33296,9112.11106913647
33297,8947.46536037436
33298,9161.538953591336
33299,9008.212075961897
33300,9501.424207730282
33301,9064.911423821479
33302,8947.46536037436
33303,9050.150031357687
33304,8983.282981707342
33305,8988.221496084614
33306,9099.121568128785
33307,9086.829169295444
33308,9035.634599716266
33309,8978.935251856685
33310,9009.802883567516
33311,8974.485343591119
33312,9069.539574512479
33313,9189.16350567812
33314,8949.565466878588
33315,9282.176567659873
33316,8960.154055696199
33317,9019.960857931359
33318,9051.608397263608
33319,8933.801564674925
33320,9058.889444351073
33321,8988.537586464694
33322,9084.049851001591
33323,9655.718802779887
33324,9258.890332303852
33325,9134.534196586152
33326,9134.534196586152
33327,9020.19254718146
33328,9170.37515697813
33329,9115.924363833892
33330,8971.230267572084
33331,9031.516257077168
33332,9115.924363833892
33333,9090.809315411965
33334,9079.286284674157
33335,9244.143467661721
33336,9048.322943241552
33337,8981.976152130297
33338,9042.923648890428
33339,9095.491408369833
33340,9250.030344892737
33341,9306.728276145215
33342,9152.454759730419
33343,9137.137661437022
33344,9204.916118001916
33345,9211.181994672526
33346,9236.650998994826
33347,9180.440596800243
33348,9221.524652338838
33349,9232.903953336358
33350,9416.632915494358
33351,9276.896277431459
33352,9640.863491175794
33353,9144.140274560212
33354,10870.049472389976
33355,10950.592212318994
33356,10453.524406590133
33357,11049.620062618838
33358,10620.409171617352
33359,10818.470205419942
33360,10813.78802894079
33361,10689.296316199503
33362,10976.30760555748
33363,11094.545093725374
33364,10689.296316199503
33365,10561.03744650538
33366,11196.806033125104
33367,10473.509398935803
33368,10829.21924160581
33369,11452.045613225862
33370,11284.614551930934
33371,10830.114553084124
33372,10713.519908294393
33373,10965.915949553979
33374,10815.979798481922
33375,11699.006819355975
33376,10647.664083771197
33377,11498.363681708568
33378,10541.591343444097
33379,10525.073456866214
33380,10491.710497957863
33381,10515.984491624613
33382,11590.995344306044
33383,11171.06276837946
33384,10565.1463307908
33385,10581.05772428057
33386,11067.904122141053
33387,10581.120930313413
33388,10648.743122597021
33389,10751.78776956719
33390,11369.767750864745
33391,10377.012361954192
33392,10935.754411954998
33393,10364.42882413585
33394,10514.019070837023
33395,11399.7812481098
33396,10520.06417042513
33397,10578.839477319536
33398,10835.13676113724
33399,11119.18094149293
33400,10460.548061397305
33401,10430.916528220583
33402,10479.56376623437
33403,10532.157954771528
33404,10436.54411749895
33405,10390.99807931938
33406,10699.79829974702
33407,10749.331501583252
33408,11543.92545091228
33409,11555.991692446552
33410,11192.148266703327
33411,10686.204114696387
33412,10516.478646100906
33413,10514.34717426642
33414,11141.599425021512
33415,10556.525104567416
33416,10479.35633403102
33417,10906.34862493989
33418,11514.9477820006
33419,10483.7106330196
33420,11502.881540466327
33421,10884.901559168773
33422,10781.566298562237
33423,10942.64528825238
33424,10906.34862493989
33425,11505.318047224242
33426,10781.856912198604
33427,10729.814628906937
33428,10781.856912198604
33429,10427.14741714826
33430,10604.899124457166
33431,11249.446352233963
33432,11141.064291897039
33433,10431.421210347231
33434,10558.57411850409
33435,10882.062144669235
33436,11172.0609547746
33437,10552.304935920009
33438,10566.617429913162
33439,10577.76576183134
33440,10641.510455483953
33441,11979.915844649942
33442,10515.90150706481
33443,11054.832716536474
33444,10601.988644860301
33445,10726.591903034183
33446,11731.329286668028
33447,11300.894414517767
33448,10816.326313688685
33449,10529.820027146247
33450,10556.590410509665
33451,11083.784268304711
33452,11265.827048819949
33453,10523.042351344258
33454,10559.255970636312
33455,10834.07163689642
33456,10679.164250811358
33457,10679.164250811358
33458,10644.101671475952
33459,10921.26469168802
33460,11518.67255112957
33461,10796.772978946734
33462,10679.164250811358
33463,10559.255970636312
33464,10660.97158247688
33465,10546.518372250344
33466,11106.857726736269
33467,10517.131148495213
33468,11203.747309200908
33469,11518.67255112957
33470,10546.518372250344
33471,10479.852195978581
33472,10634.451170773886
33473,10488.767280560181
33474,10533.45408973963
33475,10801.637172132707
33476,10665.877717172008
33477,10531.562882486895
33478,10962.425548186484
33479,11272.629414358054
33480,11215.741567983352
33481,10883.774034797952
33482,11184.353686480836
33483,11590.758225055124
33484,10882.07104460432
33485,10619.95917065504
33486,10733.453863370418
33487,10796.644456290125
33488,11741.964245030445
33489,11031.002153405207
33490,10559.183205412386
33491,11205.091387652972
33492,10632.760149364603
33493,11283.950661281826
33494,11086.393849810722
33495,10931.23997854918
33496,11017.070514276988
33497,10516.314886106771
33498,10316.43724928475
33499,10318.102562702048
33500,10261.944955583498
33501,10683.442293037806
33502,10853.197940490114
33503,10568.357169398438
33504,10323.456649414535
33505,10545.892172969037
33506,10327.771745670609
33507,10628.941184902276
33508,10394.805928662148
33509,10290.598859246105
33510,10628.941184902276
33511,11306.010219955557
33512,10614.199821570968
33513,10725.783549365726
33514,11505.997579386207
33515,11176.878591639474
33516,10563.435770233778
33517,10512.03793678066
33518,10555.349980530777
33519,10836.222996023927
33520,11142.614049089156
33521,11624.238530765553
33522,11820.522527242842
33523,11475.604237586316
33524,10722.554624661721
33525,10474.723822095264
33526,10701.027586892083
33527,11160.76861708285
33528,10534.58844206749
33529,10472.592350260778
33530,10650.663026181353
33531,10672.494112592962
33532,10490.51293516915
33533,10540.617472077149
33534,11142.904971957054
33535,11094.05546496371
33536,11066.594406542989
33537,10668.855694515833
33538,11539.841424707545
33539,10786.464422651208
33540,11144.636444602054
33541,10490.025390276376
33542,10685.082982258004
33543,10550.50081894489
33544,10545.777522718075
33545,10884.310737528707
33546,10651.69052834555
33547,10819.290273029645
33548,10651.69052834555
33549,11646.02599612634
33550,11397.697643716814
33551,10653.201645062354
33552,10887.336901302482
33553,10908.7839670736
33554,10592.10705627435
33555,11266.617050339884
33556,10688.109146031778
33557,11505.582398917173
33558,10509.90099359189
33559,11181.027422212153
33560,11272.379875448769
33561,11216.02834167503
33562,10829.856632545569
33563,10660.780658162095
33564,10550.73510405789
33565,10664.402306932385
33566,11104.173096944452
33567,10566.196699191945
33568,10646.645903559893
33569,10723.012733570646
33570,10494.57749693934
33571,10673.479531734414
33572,10548.29690988859
33573,10663.112940228591
33574,10796.58205463195
33575,10664.120005803512
33576,11194.196981433812
33577,11142.784003736786
33578,10651.133772450985
33579,10902.13893969204
33580,10810.951559974761
33581,10495.672757909482
33582,10538.60053285672
33583,10538.984801659599
33584,11260.730487167588
33585,11094.860988715462
33586,11260.730487167588
33587,11094.860988715462
33588,10650.57323845479
33589,11479.600856491139
33590,10691.818036095812
33591,10904.122205924332
33592,10596.802908669222
33593,10682.685823256523
33594,10939.960871585845
33595,11543.587656680109
33596,11531.521415145837
33597,10566.39283748638
33598,10646.881632821794
33599,10859.185802650314
33600,10385.002328158407
33601,10469.254754386564
33602,11138.257611039558
33603,10643.243214744665
33604,11673.399496920916
33605,11234.31248364467
33606,11234.104110529124
33607,11245.485284639855
33608,10482.513692085062
33609,10923.791696567863
33610,11151.635606103575
33611,10576.694381389905
33612,10638.309484108684
33613,10806.69875132833
33614,11240.78286527136
33615,11087.521440960367
33616,11214.541034282945
33617,10535.872228235632
33618,10774.110880578539
33619,10525.825735835178
33620,11157.654933426064
33621,10670.160571894714
33622,10534.35917542486
33623,10551.14319839502
33624,10429.961216854355
33625,10825.203709448075
33626,10533.463863946545
33627,10421.875427151354
33628,10544.222293761013
33629,10604.426089550303
33630,10535.94561490355
33631,10530.562371141872
33632,10538.383809072851
33633,10484.357673788787
33634,11148.938768297638
33635,10784.23075964691
33636,11091.821801959413
33637,10582.0221362297
33638,10614.312072819266
33639,10680.354353296718
33640,10724.35762692347
33641,10608.239103279639
33642,10917.637301445891
33643,10858.448538101231
33644,11060.171637382222
33645,11281.373280640233
33646,10634.787707213894
33647,10721.820283323672
33648,10673.971210587602
33649,10802.209433026286
33650,10767.14685369088
33651,10672.85724096713
33652,10672.85724096713
33653,11754.681071093031
33654,11369.052638215217
33655,10919.818161161662
33656,10641.681273998036
33657,11766.747312627303
33658,11774.2477403304
33659,10944.09480369411
33660,10801.146927171261
33661,11065.822647483505
33662,11156.57512283906
33663,11532.896540570973
33664,10391.36603225906
33665,11026.715712301462
33666,10847.51945011777
33667,10727.73852457638
33668,11206.685319045608
33669,10472.338478900383
33670,10260.248481909302
33671,10536.48375841881
33672,10366.733677189632
33673,10454.82102476359
33674,10394.413600645526
33675,11107.26725585516
33676,11584.280540596239
33677,10481.72668980296
33678,10181.53913575922
33679,10997.552779525147
33680,10719.045272773066
33681,11737.23967691649
33682,11156.993384056419
33683,10483.569213959523
33684,10470.760128029706
33685,10696.498878902488
33686,10342.19778721305
33687,10378.2550158313
33688,10378.2550158313
33689,10353.616104302368
33690,10357.275493334726
33691,11649.012168323152
33692,10997.152659231022
33693,10623.665056631562
33694,10661.254328217616
33695,10114.578822453412
33696,11389.84765345927
33697,10826.67841862645
33698,10861.94063063842
33699,10383.156664911632
33700,10436.100044757104
33701,10638.796587573348
33702,11468.50802963966
33703,10280.086989208494
33704,10214.345252020768
33705,10916.979651156526
33706,10434.523139335082
33707,10277.696001065373
33708,10743.276438180277
33709,10834.463817897557
33710,11484.891648423732
33711,10394.100852655783
33712,11117.128435161236
33713,10374.406638201819
33714,10420.056443427779
33715,10421.744192179081
33716,10494.32721092446
33717,11050.203397980324
33718,11762.165561784579
33719,10737.610954831558
33720,10537.346859659881
33721,10733.418762676045
33722,10368.78432240756
33723,10526.197475903266
33724,11531.318964233298
33725,10431.907863179516
33726,11195.710130021365
33727,10445.306991231524
33728,10487.731589308261
33729,10525.975799679905
33730,10520.00075123162
33731,10870.25453111558
33732,10523.635526601947
33733,10457.114145962178
33734,10891.701596886698
33735,10520.00075123162
33736,11746.245119657568
33737,10462.801524909311
33738,10641.806653822587
33739,11142.875140573844
33740,11091.01861067427
33741,10521.258186288798
33742,11057.738034184222
33743,11138.255587581638
33744,10932.651187845802
33745,10650.301464084378
33746,10524.263308256726
33747,10884.052699684014
33748,10451.59672059398
33749,11512.75169887901
33750,11147.54967106872
33751,10547.897564351426
33752,10664.673852651942
33753,11177.280830892336
33754,10789.429060840312
33755,10468.516292829958
33756,10418.434902601728
33757,10492.300710135161
33758,10481.893340936029
33759,10544.779946205472
33760,10530.704705228478
33761,11166.277964617639
33762,10593.168998664185
33763,10546.981509063862
33764,10574.047999047816
33765,11129.924186103679
33766,11129.924186103679
33767,10770.29086049951
33768,11614.535760696499
33769,10383.674897498782
33770,10574.047999047816
33771,10770.29086049951
33772,10704.7244156558
33773,11754.702600354265
33774,10590.849262186024
33775,10730.547340632816
33776,10964.298576232453
33777,11243.804405023087
33778,10726.908922555687
33779,11152.108693003565
33780,11289.509456437132
33781,10374.578178576015
33782,10746.782145150628
33783,10866.563070692018
33784,11486.880998018678
33785,11508.636410214354
33786,10899.303342143194
33787,10676.393488344265
33788,11459.105372133823
33789,10773.027752549217
33790,11048.931481842741
33791,11130.003056669975
33792,11516.567153145295
33793,10620.356445078434
33794,11579.655776438067
33795,10417.970501727557
33796,10780.17423260221
33797,11516.567153145295
33798,10468.628596365219
33799,11473.53077911735
33800,11126.432083347763
33801,10464.179574160577
33802,10526.066832354685
33803,10458.106425812835
33804,11460.326034262356
33805,11106.835735349481
33806,10923.929230667074
33807,11125.373987524488
33808,10504.050273336587
33809,10388.442852172244
33810,10827.21243297034
33811,11472.417973796146
33812,10546.570696127857
33813,10830.621287367703
33814,11473.143088283701
33815,10532.619592510498
33816,10819.02292914003
33817,10536.957375966413
33818,10524.258502394094
33819,10660.059898863949
33820,10692.647769613739
33821,10571.271306719875
33822,10544.137944094049
33823,10458.588992280398
33824,11570.56440365424
33825,10507.964386208934
33826,10508.155275363395
33827,10461.812692828094
33828,10905.618882062678
33829,10445.449678663808
33830,11452.990044227936
33831,10529.349833377553
33832,10849.855841118035
33833,11520.201907694001
33834,11129.753904469764
33835,11225.503980456304
33836,11266.502663642179
33837,10454.914075835844
33838,11173.053736670821
33839,10669.790717319156
33840,11142.685011043488
33841,10484.976024326726
33842,10461.918569394593
33843,10669.790717319156
33844,10521.977638999098
33845,10535.63756161824
33846,11591.874263421476
33847,10533.302432860895
33848,11461.108397671285
33849,11461.108397671285
33850,10824.597596353278
33851,10475.884687715023
33852,10395.259807828079
33853,11000.9974563766
33854,11059.84639629984
33855,10453.152321501044
33856,10729.029192592894
33857,11200.147659782979
33858,10607.930977830472
33859,11586.539815769562
33860,11587.894940248703
33861,11218.168752012014
33862,11306.929336376803
33863,11553.531994135717
33864,10524.452508059576
33865,10685.920875189893
33866,10497.682124696157
33867,10984.233333466727
33868,10500.6033798678
33869,10566.837366493626
33870,10695.00993531475
33871,10695.00993531475
33872,10621.66566143534
33873,10548.551213676254
33874,11091.160744653364
33875,11734.903058443637
33876,10494.181308528714
33877,10593.94105115288
33878,10640.492667237131
33879,10935.676801340318
33880,10992.441491608393
33881,10559.29542887742
33882,11237.422694169367
33883,10506.586352702203
33884,10875.440593492345
33885,11180.85777746331
33886,10684.284142953646
33887,11237.422694169367
33888,10848.257826488127
33889,10506.210019379083
33890,11593.405841977932
33891,10701.154053954573
33892,10510.299281133488
33893,10570.358350737994
33894,11593.405841977932
33895,10701.154053954573
33896,11291.39766572055
33897,11636.348520568054
33898,11320.855648806524
33899,10684.284142953646
33900,11274.791606132636
33901,10821.83565810745
33902,10821.83565810745
33903,10834.745762844652
33904,10605.307617761948
33905,10796.260619776735
33906,10543.622049219666
33907,11280.16081815883
33908,10664.08087207717
33909,10551.707838922668
33910,10643.589312305952
33911,10543.622049219666
33912,10660.45922330688
33913,10484.87417662133
33914,11164.872299345048
33915,10957.25644213321
33916,11181.881700857706
33917,10684.450355277942
33918,10658.995187958362
33919,10811.800471827328
33920,10383.803510388552
33921,10543.263859984863
33922,11624.638057307671
33923,11327.140040673847
33924,11624.638057307671
33925,10620.059254820657
33926,10547.126418695143
33927,10554.616941454473
33928,10620.059254820657
33929,10720.026517906943
33930,10569.032795239598
33931,10758.316776251744
33932,10993.86198686747
33933,11807.174709105571
33934,10993.86198686747
33935,11565.516987574993
33936,11613.649321305958
33937,10754.213478949707
33938,10416.623419776037
33939,10687.986141818797
33940,11223.73390354083
33941,11266.480680369328
33942,10990.145682209164
33943,10823.787538288652
33944,11627.245734176407
33945,10671.11623081787
33946,10563.084248471301
33947,11224.254782033591
33948,10500.688656800417
33949,10424.589339626362
33950,11569.253070586657
33951,10706.178810153277
33952,11194.002743717214
33953,11266.480680369328
33954,11307.687736670749
33955,10501.993725934115
33956,11210.805660776705
33957,10862.27268135657
33958,11142.693586968306
33959,10928.018670377052
33960,11174.081468470822
33961,10700.572519786068
33962,11215.167246524768
33963,10535.687444646725
33964,10864.54620332055
33965,11163.536021349084
33966,11253.190192509028
33967,11295.936969337527
33968,11197.146154295733
33969,10840.766471445724
33970,10518.972659091187
33971,10940.760173789713
33972,11013.109833480343
33973,10656.608375535408
33974,11155.435090380966
33975,10688.095163974942
33976,11205.140721269627
33977,10690.830320373667
33978,10648.721851649563
33979,10704.069763497555
33980,10656.117220772341
33981,11261.195344196747
33982,10685.422995940124
33983,10578.186851006416
33984,11563.967734414076
33985,10837.807637928374
33986,11109.947192375002
33987,10474.373327219248
33988,10512.198952689774
33989,11136.198542692671
33990,10891.661535123627
33991,10785.288773076412
33992,10718.178483716854
33993,10656.250456950274
33994,10572.945161067506
33995,10529.925512332085
33996,10882.557785233143
33997,11284.43271192228
33998,11642.85605109026
33999,11233.951716830114
34000,10771.94329292768
34001,11718.12263296716
34002,10864.799227461379
34003,10799.053238440896
34004,10721.20357650026
34005,10492.467110192672
34006,10392.815301127861
34007,10862.893963044433
34008,10474.465713676625
34009,11449.96149566712
34010,10357.61162930821
34011,10964.320573728115
34012,10505.952502116159
34013,10465.911368129524
34014,10715.586981135357
34015,10367.013722196461
34016,10508.687658514884
34017,11089.782881436553
34018,10802.780035926957
34019,10266.696729124807
34020,11449.96149566712
34021,10367.013722196461
34022,10414.071028732875
34023,10373.08391459612
34024,10481.115103852802
34025,10343.835351790663
34026,10582.397879578595
34027,10813.914013707235
34028,11177.557588883146
34029,10771.97497203378
34030,11106.36450104427
34031,10541.337713763678
34032,11531.510200489533
34033,10818.438806405435
34034,11425.385203168817
34035,10557.312313286291
34036,10694.00902123446
34037,11203.038203822769
34038,10738.118947086641
34039,10423.128221528212
34040,10585.447639615859
34041,10775.869464354279
34042,10766.220723819642
34043,11054.284964305876
34044,10540.523724120376
34045,10644.767197030336
34046,11225.16088090957
34047,10644.767197030336
34048,10928.062051001676
34049,11225.16088090957
34050,10449.788603692066
34051,10615.762066378444
34052,11230.14777645965
34053,10461.767673924905
34054,10845.34000592677
34055,11567.704125560553
34056,10466.077003678043
34057,10514.723755320623
34058,10421.957226963403
34059,10357.538294486332
34060,10536.03521587342
34061,10357.161961163212
34062,11105.682202526037
34063,11137.537766702662
34064,11179.7636650384
34065,10490.622112361443
34066,10490.431223206982
34067,11497.716380933229
34068,10394.392234553938
34069,10553.353837469189
34070,11220.762348224274
34071,10603.359758952414
34072,11082.22574890071
34073,10683.91029766405
34074,10477.937328546548
34075,10735.952580955716
34076,11050.837867398193
34077,11137.0168882099
34078,10743.234194782239
34079,10454.049246978277
34080,10402.49012956836
34081,10526.494741134336
34082,10892.927641075015
34083,10467.518280442957
34084,10559.399753826241
34085,10291.794544706037
34086,11409.786080926748
34087,11424.966406604248
34088,10263.22210050414
34089,10263.59843382726
34090,10955.754557361137
34091,10427.397327888204
34092,10455.394941506805
34093,11104.26195810276
34094,11058.472168769356
34095,11809.529240420747
34096,10632.016442664444
34097,10896.655322218687
34098,10877.475614963072
34099,10604.101307309487
34100,10693.283711216402
34101,11193.757532053716
34102,10996.99247525081
34103,11193.757532053716
34104,11767.532871693418
34105,11149.540380009952
34106,10653.290669156504
34107,10956.312529189816
34108,11441.66795523026
34109,11512.934099638858
34110,11115.491974443585
34111,10895.257503807446
34112,10673.110657652145
34113,10474.872747665728
34114,11239.878759569068
34115,10881.397596865078
34116,11214.145647223058
34117,10641.211550561242
34118,11659.583800770095
34119,11659.583800770095
34120,11017.62163020364
34121,11165.766405173588
34122,10583.624445712958
34123,11312.63922719939
34124,10809.00362075429
34125,10974.282036469622
34126,10554.08114672372
34127,10964.059388611104
34128,11304.355803769351
34129,10555.467237312745
34130,10836.18638775851
34131,10645.771730952543
34132,11809.00090933538
34133,11273.224251613994
34134,10667.126886578664
34135,11300.091053043261
34136,10475.92894378751
34137,10535.289301409352
34138,10784.698261693855
34139,10545.15253679658
34140,10671.875307220489
34141,10649.180624953977
34142,10389.47125393133
34143,11616.924262175437
34144,11145.341772401996
34145,10784.06405675635
34146,11095.872843870602
34147,10593.649399950384
34148,10562.16261151085
34149,10797.76347285271
34150,10683.793162794464
34151,11503.572172495704
34152,10644.228569527024
34153,10485.043890472798
34154,11199.357390876117
34155,10644.228569527024
34156,11169.10535255974
34157,10557.070392370555
34158,10644.228569527024
34159,11281.665750131093
34160,10797.76347285271
34161,11295.766079903871
34162,10688.615645236254
34163,10605.916803821005
34164,11270.252355604658
34165,10425.653987020618
34166,11156.564190911253
34167,10432.924608074383
34168,10694.59076255813
34169,11554.763548116773
34170,10501.596217293298
34171,11198.83677820614
34172,10483.146654069076
34173,10744.561699589072
34174,10673.443272940964
34175,10493.510427590296
34176,11098.918079904479
34177,11232.531462467952
34178,10811.537895213853
34179,11171.876986037807
34180,11634.879644088962
34181,10716.526783231435
34182,10572.195191177356
34183,10439.45949825131
34184,10649.465531496657
34185,10645.827113419527
34186,11227.948724060509
34187,10578.414149789684
34188,11622.9750563386
34189,10445.235888695785
34190,10525.99941301336
34191,10565.425298209419
34192,10545.596122378827
34193,11036.055807095932
34194,10439.910304441652
34195,10482.622158663047
34196,11722.448902972703
34197,10557.747239612365
34198,10620.313554225026
34199,10713.772826389506
34200,10708.686016624177
34201,11212.522161147872
34202,11410.658386673285
34203,10778.616107148102
34204,11448.990516027987
34205,11704.455815228499
34206,10974.172956191102
34207,11233.251095998985
34208,11256.199037889342
34209,10613.093419316654
34210,6261.598310269566
34211,4846.851870051414
34212,11551.374904755221
34213,11249.030852219095
34214,8403.805602227854
34215,5299.479802666455
34216,4710.193740362539
34217,6838.99630856902
34218,9203.491682678166
34219,4734.58940610403
34220,6731.824617145203
34221,7471.570837881937
34222,4766.428361510582
34223,6082.506809559884
34224,10230.657867567692
34225,5861.26727727396
34226,11127.765410542925
34227,5245.8050881421395
34228,10445.680052295676
34229,9469.337795831161
34230,4578.191684237422
34231,4482.35118123611
34232,4924.004433303064
34233,10231.898249649448
34234,5349.154494239457
34235,10570.545918823143
34236,5565.016322618138
34237,4745.730756281883
34238,5306.238061459225
34239,7878.60367832199
34240,4316.857518354962
34241,6045.750810854448
34242,5432.215124750891
34243,5044.291954855825
34244,6399.810258317241
34245,4955.159664922608
34246,3476.8112785484623
34247,6153.411239578244
34248,6914.165920513679
34249,4567.766682321489
34250,8293.175141839634
34251,6424.963721168196
34252,4229.034128257531
34253,4539.383465512919
34254,7018.827546927561
34255,8456.012498790127
34256,7284.714173707355
34257,6870.841511024437
34258,3248.4751410984304
34259,6222.13651019834
34260,3148.6345232392246
34261,7424.053655824537
34262,7950.756261943522
34263,11304.187991580227
34264,6789.243346851049
34265,3372.1033588001083
34266,4471.427663517095
34267,6043.525117415346
34268,7771.7439569060625
34269,4511.881630099417
34270,5688.470078878523
34271,5907.076445863967
34272,6182.800854821603
34273,2423.0631353461695
34274,9054.28348919227
34275,4564.449208667786
34276,8478.643112140056
34277,7487.124687306171
34278,3646.8063933830576
34279,9184.273800564903
34280,7781.839198398686
34281,5765.2471847021625
34282,4723.1967093239255
34283,7557.821704778442
34284,10449.871887107802
34285,6951.275122544113
34286,7683.611648831801
34287,7585.707331523431
34288,9108.891990039912
34289,6949.3024743012065
34290,6579.348228250665
34291,3261.685914230798
34292,2891.0964840599336
34293,4551.562827676083
34294,6915.79729555893
34295,9260.135426993666
34296,8392.997838695233
34297,5492.811675162117
34298,9629.721946577052
34299,8753.351641454099
34300,6577.022604147083
34301,2505.040653659089
34302,10346.613739607443
34303,2747.953729508186
34304,5944.216356886144
34305,6634.473201050768
34306,5006.71102677337
34307,5760.815730342607
34308,3736.242628499125
34309,6347.2587227786735
34310,5311.557426064421
34311,5737.531870192924
34312,9625.198246236168
34313,7423.349466155827
34314,5273.210682790097
34315,4477.835349348096
34316,7792.557832803114
34317,12432.476333986859
34318,5201.296943379681
34319,4291.283988677606
34320,7731.836242245448
34321,6497.024247139082
34322,6492.0026567086525
34323,9499.641226908352
34324,1826.0361920773207
34325,7792.964855957789
34326,5161.966272450119
34327,7100.880722267527
34328,6852.590378639997
34329,1891.133423933836
34330,4346.61254983906
34331,5900.327695380416
34332,8634.10612589074
34333,8325.024641864617
34334,4920.359709372601
34335,3811.7356414079154
34336,8084.112183834362
34337,6893.4251587121735
34338,6003.774512841067
34339,6329.900958294061
34340,6526.644367748206
34341,7609.0808124421865
34342,5464.919450190498
34343,3226.0540270474803
34344,5730.658412563514
34345,7224.3345316447385
34346,7820.040438640315
34347,6953.061340281115
34348,7580.801626882823
34349,5906.085708320829
34350,8483.317111843213
34351,3993.19674455987
34352,3584.703812714295
34353,8315.055319172548
34354,8026.745638520884
34355,7796.205607910137
34356,8998.36676169201
34357,7949.362928747354
34358,5441.355939815752
34359,6380.33627041811
34360,7512.399977907299
34361,5800.292125521152
34362,3408.8401765115336
34363,4616.133890001381
34364,5752.063343934953
34365,5257.425984585999
34366,2926.070297053495
34367,6417.951292383822
34368,7430.989762896682
34369,6487.092296696463
34370,5631.941766847917
34371,2334.399432601204
34372,5431.869710832946
34373,7556.306142995572
34374,4919.939745753448
34375,5411.659801626066
34376,4465.251826681604
34377,4631.614114131914
34378,4146.038796420907
34379,4556.78647680421
34380,6209.7247339896885
34381,8126.984529330577
34382,8715.141157683514
34383,7855.885948721788
34384,13332.904484007688
34385,5852.25613764402
34386,5646.559743097724
34387,9663.836911393972
34388,6135.517263115836
34389,8744.424171051583
34390,5286.219413834211
34391,5476.754277019399
34392,7209.739532448707
34393,5987.015274493601
34394,5073.481459182806
34395,7754.381300953613
34396,4936.328092487164
34397,2801.635898354822
34398,3468.585268719035
34399,8097.880972521149
34400,9014.87646124679
34401,7613.927669109955
34402,5835.49888906392
34403,3657.5162458384266
34404,3390.014066753281
34405,2342.7450396547983
34406,3068.889251161261
34407,6108.979335744444
34408,8541.046847780077
34409,6550.064055877347
34410,4589.027046172908
34411,8026.974728251793
34412,8889.003250939988
34413,6583.182663943718
34414,5586.870054878059
34415,9834.673579928227
34416,7921.509193058432
34417,4549.414364917618
34418,5309.424419319764
34419,4269.627783246253
34420,6181.646780509566
34421,2978.5705835708272
34422,7110.66081756106
34423,4178.340238167986
34424,9733.092234366462
34425,6611.593900560991
34426,7979.785451865369
34427,6131.377391417294
34428,5245.320556692628
34429,8948.407126175289
34430,15700.797485418127
34431,9403.371878735585
34432,4122.554027424744
34433,3424.6762333009115
34434,7022.67012883091
34435,6869.79458165684
34436,5893.831387284449
34437,11083.164505466726
34438,16107.991003735735
34439,4206.657034481326
34440,3278.999521141193
34441,10708.762754641011
34442,2937.4585901943015
34443,5258.218425536966
34444,4939.710145633267
34445,6779.022926527161
34446,5517.446921276623
34447,7363.114962977906
34448,6087.794559915777
34449,4861.425158420129
34450,10145.800053993848
34451,7234.6097186106645
34452,5980.842418823347
34453,8257.367379744866
34454,6523.527212572626
34455,6052.767668005007
34456,9632.167169583394
34457,5522.501044696619
34458,6104.794265656139
34459,4119.836166720144
34460,5778.716085114304
34461,6720.7132363716855
34462,6310.954104112259
34463,6804.116676963923
34464,8611.598420459659
34465,7513.1933546134915
34466,7385.940863916209
34467,4663.792525634227
34468,4117.654614458718
34469,4520.319181689642
34470,5243.537084476338
34471,6306.821043954075
34472,3723.7937948823264
34473,7019.626797053058
34474,6110.793512539318
34475,5270.069234093146
34476,6921.60088105856
34477,5642.894188985732
34478,3146.258913841113
34479,2483.684769317672
34480,8120.665046172805
34481,6280.957946581844
34482,5378.330179112681
34483,12113.752947506944
34484,7892.287538848825
34485,3727.489331364029
34486,5649.179083124132
34487,2556.3441962353795
34488,4187.336628736631
34489,3424.680762733867
34490,4408.1825257872515
34491,9044.269955967451
34492,4891.478826594398
34493,9444.141414641834
34494,11938.185464184126
34495,6079.808124997077
34496,6316.2933987186
34497,4521.588241366461
34498,4874.857227260895
34499,4182.6418850020455
34500,12215.916605530583
34501,6159.970452471737
34502,8356.510871829889
34503,4481.4705716813605
34504,6558.370479630063
34505,5786.819404737909
34506,9710.836744823615
34507,7548.829728829881
34508,5299.43907368471
34509,6620.21881891452
34510,6395.984752788502
34511,7116.214514287808
34512,7981.405634463778
34513,7141.379101861007
34514,8434.698725160613
34515,6921.414700016294
34516,8858.886722107662
34517,4629.557804051193
34518,6302.252664252196
34519,4435.717589598814
34520,9316.08883607037
34521,7771.394837661216
34522,7325.156676925172
34523,7087.78461210519
34524,8351.832734303614
34525,4844.745574264642
34526,6134.560066233484
34527,5595.078938483567
34528,3338.8853085539054
34529,11486.972830130964
34530,15952.986695259297
34531,7543.390263334851
34532,6629.374665113379
34533,7581.237609689138
34534,7868.804829544716
34535,8228.721153165332
34536,2789.746343865971
34537,5099.527471009883
34538,5902.52675397711
34539,8956.041677576444
34540,2378.5925771589173
34541,3948.1812459944913
34542,5753.977716180036
34543,6671.198844418644
34544,5432.63112480109
34545,4405.960725468241
34546,3056.085992506101
34547,7772.920315717637
34548,4370.445099486774
34549,4946.478926461709
34550,6888.387122401831
34551,5280.284784517017
34552,10516.015235315885
34553,10924.108542114245
34554,7673.65020255368
34555,7875.086361895538
34556,7676.099813742581
34557,10504.516806728981
34558,4675.374505566189
34559,2499.3215417154356
34560,5199.011134599273
34561,12072.851686127442
34562,3924.1080255196302
34563,5408.121921745136
34564,1544.0105112412386
34565,4202.607731484369
34566,8077.889146902289
34567,7849.291065623021
34568,5590.811479277596
34569,9267.116897816572
34570,8442.2853134496
34571,9426.848766258576
34572,3447.916373885018
34573,12181.616651490234
34574,2208.0310345594457
34575,3979.3209024721964
34576,5815.939725955064
34577,5213.664178756698
34578,11086.321121678751
34579,2407.5898729098644
34580,4766.6483689197585
34581,7042.618945411382
34582,10007.879895958866
34583,10014.056605836657
34584,6228.640886794177
34585,3471.9752951874398
34586,10211.273503720326
34587,10239.859548105982
34588,4893.86527291384
34589,6350.925502819118
34590,9400.835554873025
34591,6247.48150414951
34592,5357.086736950134
34593,3520.0792055039415
34594,10682.664274945191
34595,5125.883854483173
34596,12123.961568150817
34597,8857.627630630794
34598,11682.136637447386
34599,8424.141014887142
34600,4106.062839950536
34601,2012.1387553603606
34602,5771.775971329971
34603,7155.379740454511
34604,5894.07084700335
34605,8159.743904718224
34606,6754.411857138988
34607,2510.9862995533017
34608,8561.439678607301
34609,3217.747335413311
34610,9654.98893177563
34611,8692.242604174258
34612,8407.08186602161
34613,8262.464336905807
34614,6037.456891066083
34615,8716.041355555159
34616,7502.668546657292
34617,5540.777495198564
34618,7327.426185753221
34619,3070.0385102566465
34620,9377.93755953376
34621,6104.473258284448
34622,3825.2175556314455
34623,5010.587072379152
34624,8129.348844203236
34625,4926.559823456423
34626,5257.784485084784
34627,5714.116060443176
34628,6286.4548421945765
34629,6341.912144881706
34630,6117.090321964136
34631,8777.68803829566
34632,4571.734489995465
34633,5610.57797198872
34634,6761.365068142151
34635,5793.380333917178
34636,3948.652750423802
34637,5042.899629781195
34638,10148.721755656508
34639,4747.840825086321
34640,9026.401334366188
34641,9282.655938343452
34642,7367.112832046463
34643,7817.03495671201
34644,4286.132928427764
34645,10237.115830161452
34646,8148.7944991744325
34647,7583.130527275668
34648,5703.28208309794
34649,5610.938445033842
34650,6415.739051401519
34651,2292.30765678517
34652,12632.511793300475
34653,7977.311066719622
34654,6389.639168903278
34655,6373.724186263377
34656,1801.5667820128674
34657,8021.272544762402
34658,6802.936668530227
34659,4651.472098635078
34660,3707.8106380335685
34661,5609.546532957635
34662,4155.898596103755
34663,6033.935430974385
34664,8757.496072917671
34665,5691.228802974244
34666,4815.35610507182
34667,2869.853270862041
34668,2888.140798590739
34669,5720.844667015951
34670,14644.185910012655
34671,2499.0827333700377
34672,5861.84683565897
34673,5599.199361401955
34674,3923.2462846137905
34675,3213.953773604179
34676,5847.290153470782
34677,2101.350626095674
34678,9110.170111509467
34679,6296.877471012413
34680,3194.6378505571233
34681,10015.927772808056
34682,4342.801192730573
34683,3608.9103663258975
34684,9796.501932635787
34685,8146.656517418985
34686,8796.676173409427
34687,3332.616422360898
34688,5652.55875525843
34689,5041.490850544606
34690,3191.2339274355345
34691,14528.517006918388
34692,12567.748784259114
34693,5595.571305007421
34694,3648.0748705203387
34695,5632.013111892827
34696,5556.505293266248
34697,2508.067620580624
34698,7882.5640969224905
34699,5567.827400563157
34700,6137.0115584845325
34701,8225.8865952076
34702,5028.089708624322
34703,6313.0500145775995
34704,7589.484006886577
34705,7038.440890962228
34706,8025.370096399166
34707,2805.0288808428936
34708,6770.831110995595
34709,7064.2922214001455
34710,9229.654175615842
34711,4648.599326234905
34712,8072.464975775982
34713,2612.9850550395176
34714,9532.358115258408
34715,5567.774635616047
34716,2860.8684525997596
34717,4960.690618632286
34718,3925.687800128517
34719,4883.29737014571
34720,7902.465973796978
34721,3354.2085246735705
34722,6782.56430004314
34723,4479.715075610341
34724,7892.1037760661075
34725,7289.777404045384
34726,7591.329480768688
34727,8900.718130467276
34728,6960.753502209314
34729,2426.5586658914776
34730,10173.745398661342
34731,3799.554115642308
34732,2635.396046659722
34733,6156.796695629119
34734,10183.311359200961
34735,9343.082171509148
34736,5161.9069032147845
34737,4019.704600489842
34738,7242.713828214269
34739,6879.7676327389945
34740,4907.37402042109
34741,7830.608406346085
34742,2815.8302625142237
34743,3546.3192821145844
34744,4209.276230921965
34745,4609.091349076105
34746,4225.399874219416
34747,6958.316359761836
34748,7076.2459288563105
34749,7370.347314341138
34750,6965.426804712825
34751,9320.38338166308
34752,7567.516359034422
34753,5473.516286576862
34754,6859.426966102898
34755,7233.478642177913
34756,8395.521094493137
34757,5559.505917104995
34758,1934.8696622224347
34759,8010.329343572405
34760,7416.528121069544
34761,6596.237142570283
34762,5754.422039382494
34763,4751.624843433977
34764,9799.359835665487
34765,4852.220501132259
34766,9253.928226181371
34767,5896.7829944562545
34768,4768.857127086347
34769,7147.421746345054
34770,4616.80261111749
34771,5983.698830003727
34772,9042.967858068307
34773,4124.303632132584
34774,6436.564226475392
34775,9291.694640392232
34776,8394.149733329898
34777,3610.873376909185
34778,6887.87728732323
34779,3623.0164068689055
34780,2212.6378829024106
34781,4315.970200320646
34782,6893.747122576152
34783,3654.6440639076204
34784,5392.995444329403
34785,6156.429725124623
34786,6237.157830884733
34787,7418.685963632913
34788,5766.043401293863
34789,6971.799238037446
34790,4286.834141417397
34791,7039.39432422434
34792,6536.426572564265
34793,7352.379691131835
34794,7031.6916358556455
34795,7205.442059494194
34796,8931.853872203701
34797,4563.375499490391
34798,5303.810330764842
34799,3837.4394334055937
34800,6024.664731220218
34801,7429.198926651079
34802,7042.556582206067
34803,7201.202798288563
34804,13516.38327766088
34805,3093.3430690827336
34806,4846.81605258096
34807,2989.3468594149126
34808,8351.674659410179
34809,9830.251759268951
34810,8314.250161054028
34811,8026.581921647956
34812,7449.190899641119
34813,8670.242988092123
34814,7052.469607038298
34815,5107.537062216012
34816,2256.9313238836835
34817,5152.057476492654
34818,2465.0089553213843
34819,3561.456315647671
34820,6949.331444793691
34821,15815.527338956654
34822,6833.493132382362
34823,4017.6407163345675
34824,5129.325705755783
34825,4556.37079744664
34826,5703.184826874953
34827,2425.7299377388335
34828,7341.641314282031
34829,7498.477699441855
34830,3609.2219430715063
34831,10230.72455145841
34832,10586.431743709905
34833,3482.40971040061
34834,7123.807459748324
34835,3461.7959796814607
34836,4342.837793917216
34837,4017.9718448816884
34838,8710.750876272265
34839,3923.2727542695006
34840,4881.132653569409
34841,5525.3847950321115
34842,5677.153957492738
34843,5328.27935326694
34844,6933.094228998678
34845,3757.039506529238
34846,7948.881864935439
34847,5884.8449800063245
34848,5418.93628624609
34849,3728.3289801696237
34850,3995.445074331382
34851,6143.48113504968
34852,5139.974683633518
34853,8443.791932611008
34854,4872.3985116611075
34855,5599.2457528053765
34856,6972.785570496263
34857,5771.127310383662
34858,6024.306172974298
34859,5109.849090740819
34860,7372.7055389344405
34861,10109.673755631531
34862,7478.761776359972
34863,6295.413057250677
34864,3740.599680391859
34865,6326.671866097693
34866,7239.689809879369
34867,2710.239834170344
34868,6137.811484591017
34869,5295.380536063266
34870,12439.973705274835
34871,7901.058863519222
34872,3998.592583603839
34873,5763.729530473823
34874,5319.713544230206
34875,6127.469812275347
34876,6784.467795092005
34877,7729.493848433896
34878,7936.434436648093
34879,5166.726335618444
34880,3977.0094252207905
34881,2544.2885409785763
34882,5319.665873141545
34883,19384.362620768778
34884,2219.510547610552
34885,5312.946216483376
34886,6698.928211181159
34887,6186.1660404467975
34888,7401.0577346851305
34889,9174.040249715474
34890,5117.840169459114
34891,5831.873651390067
34892,3291.5070248411203
34893,9418.864070437441
34894,5743.44518688281
34895,7433.8652824021965
34896,9461.167728361594
34897,5441.089822905717
34898,9100.598789406256
34899,6994.165268748376
34900,3758.599894242685
34901,5873.5461996773065
34902,5123.989646245723
34903,3296.841596054266
34904,8240.078963182674
34905,7620.179488444385
34906,3388.4706718082566
34907,9768.454493411862
34908,7825.99382805956
34909,6495.693587836512
34910,4835.047002838658
34911,3873.157378390459
34912,5869.606644348521
34913,3623.84008318525
34914,8122.721815129778
34915,2194.4001657126178
34916,5669.910763538955
34917,2453.040979506386
34918,6753.52571067457
34919,5543.595835378473
34920,5438.518838219009
34921,6727.181405095857
34922,7592.80471131997
34923,6726.243581767471
34924,5621.472712673162
34925,6372.35865020021
34926,5647.292950496401
34927,10476.527560002967
34928,7240.299872217075
34929,3642.745493135536
34930,6929.060830156678
34931,5248.383845516156
34932,4073.6329019515974
34933,13310.126800962747
34934,6742.231416265989
34935,4852.869275221579
34936,9916.686563570234
34937,6075.607338116335
34938,2607.6965936112547
34939,12815.98793881732
34940,8326.573126730793
34941,6560.350875477699
34942,8919.990445785223
34943,7421.015659781802
34944,7597.387869813447
34945,5057.306741368115
34946,3908.2251342717836
34947,4552.759890614464
34948,7579.206832253142
34949,7219.4300986187845
34950,3359.435590626008
34951,8300.708727978128
34952,7087.663857995522
34953,4376.562040603931
34954,7458.697276424785
34955,5199.265542954608
34956,6553.418448807802
34957,4440.705851088995
34958,6516.742080434531
34959,4754.877132883676
34960,3914.302243735547
34961,6255.969419502008
34962,7894.314809066796
34963,9099.446022482083
34964,5975.660563547695
34965,5536.005493813162
34966,6995.669936929892
34967,7072.429979866392
34968,9147.050426854517
34969,2780.4919835519936
34970,2835.56845653074
34971,9469.96830086646
34972,7718.647219937838
34973,5636.317247311723
34974,6407.213130058203
34975,6809.844058301046
34976,5283.066728434006
34977,3946.8137582273293
34978,1436.8825834128525
34979,7956.413954840848
34980,5556.978101021517
34981,5524.696179746991
34982,9262.70011304156
34983,8082.200815375633
34984,3396.5459309148855
34985,5821.096882980009
34986,3400.598446370878
34987,2021.9390403389968
34988,4674.645832140373
34989,11492.656530385124
34990,6075.2599337520805
34991,4696.036655304112
34992,3687.477814667095
34993,5782.614326390556
34994,7101.0793873662915
34995,6699.933866298316
34996,9480.814132174908
34997,3734.2523024986685
34998,4467.1354076934595
34999,4409.536890085309
35000,5702.78756851761
35001,2376.839063151978
35002,2772.5822612366196
35003,4756.697136096077
35004,4206.0309960295135
35005,7904.194887446075
35006,4676.578402751692
35007,6204.030587689822
35008,5394.790933435644
35009,8162.224135466138
35010,5517.817231627528
35011,4835.0173818049925
35012,10281.935214767816
35013,6713.930462618241
35014,6358.965941274621
35015,1726.9431023822533
35016,4041.2182881282706
35017,6688.400876489409
35018,4381.046318041306
35019,8922.93398368521
35020,9443.518405843459
35021,6593.101494215426
35022,7013.144177555768
35023,6539.632966695558
35024,7240.924033842243
35025,12645.532384924216
35026,3480.481116066791
35027,4431.460306748805
35028,4776.70792135675
35029,4956.198730840981
35030,6536.222631705678
35031,8036.089399002348
35032,6659.599642514153
35033,6905.492529204925
35034,2383.3094627149762
35035,6390.744821856824
35036,7393.061079703892
35037,2938.311997506863
35038,7390.440774130324
35039,3796.314083296485
35040,7240.115998386483
35041,7968.941250490972
35042,5230.881472324623
35043,6843.149573987933
35044,4550.1587963091715
35045,5422.252761006496
35046,6406.92611425256
35047,4732.966076850056
35048,8656.309362913498
35049,5306.637151025582
35050,8456.846148923922
35051,6203.30719612558
35052,3411.2781631668345
35053,7986.097471144952
35054,3454.628340306398
35055,8625.810875080731
35056,6138.430377576899
35057,4584.652145197083
35058,8051.713930757642
35059,4631.1357932868805
35060,4745.171391680968
35061,5492.748937347867
35062,2501.1277015308237
35063,2692.566968574607
35064,7406.5229643576
35065,8162.248203277144
35066,12023.944647711869
35067,6232.586426359708
35068,5879.274913730824
35069,4912.099067696791
35070,5998.991182248241
35071,2861.7878409681957
35072,9073.756029498956
35073,7533.627774939618
35074,14018.893941924227
35075,5313.550465591231
35076,4144.660213668696
35077,8840.38866843428
35078,6763.587616296406
35079,2815.117457225667
35080,8897.26770637838
35081,7155.023066687823
35082,6931.210033221828
35083,5753.871559191639
35084,4555.9912727826295
35085,3742.432835432498
35086,6939.912249768691
35087,4772.338525260577
35088,2942.948946175875
35089,7566.482348469624
35090,5957.1511219902195
35091,20670.938899323006
35092,8177.211663708489
